{"('mean', 2, 0.333333, 0.01, 0.0)":{"counter_culture":0.0039939799,"herd_immunity":0.947701704,"obs_comp":0.9480525977},"('mean', 2, 0.333333, 0.01, 0.025)":{"counter_culture":0.0039677361,"herd_immunity":0.9477531395,"obs_comp":0.9475443969},"('mean', 2, 0.333333, 0.01, 0.05)":{"counter_culture":0.0040525571,"herd_immunity":0.9470101046,"obs_comp":0.9462658477},"('mean', 2, 0.333333, 0.01, 0.075)":{"counter_culture":0.0041491225,"herd_immunity":0.9471120663,"obs_comp":0.9458424679},"('mean', 2, 0.333333, 0.01, 0.1)":{"counter_culture":0.0041517324,"herd_immunity":0.9461336522,"obs_comp":0.9443007563},"('mean', 2, 0.333333, 0.01, 0.125)":{"counter_culture":0.004265697,"herd_immunity":0.9461789309,"obs_comp":0.943739778},"('mean', 2, 0.333333, 0.01, 0.15)":{"counter_culture":0.0042887509,"herd_immunity":0.9461747543,"obs_comp":0.9430406213},"('mean', 2, 0.333333, 0.01, 0.175)":{"counter_culture":0.0044364988,"herd_immunity":0.944942362,"obs_comp":0.941387265},"('mean', 2, 0.333333, 0.01, 0.2)":{"counter_culture":0.0044041654,"herd_immunity":0.9452082082,"obs_comp":0.9408367262},"('mean', 2, 0.333333, 0.01, 0.225)":{"counter_culture":0.0045250896,"herd_immunity":0.9447141929,"obs_comp":0.9395829709},"('mean', 2, 0.333333, 0.01, 0.25)":{"counter_culture":0.0046033859,"herd_immunity":0.9444381256,"obs_comp":0.9384440501},"('mean', 2, 0.333333, 0.01, 0.275)":{"counter_culture":0.0049264305,"herd_immunity":0.9433642696,"obs_comp":0.936511872},"('mean', 2, 0.333333, 0.01, 0.3)":{"counter_culture":0.004811161,"herd_immunity":0.9434756268,"obs_comp":0.9355800014},"('mean', 2, 0.333333, 0.01, 0.325)":{"counter_culture":0.0050367702,"herd_immunity":0.9433969351,"obs_comp":0.9345305413},"('mean', 2, 0.333333, 0.01, 0.35)":{"counter_culture":0.0051070919,"herd_immunity":0.9425015154,"obs_comp":0.9329338773},"('mean', 2, 0.333333, 0.01, 0.375)":{"counter_culture":0.0051139066,"herd_immunity":0.9424554164,"obs_comp":0.9312354282},"('mean', 2, 0.333333, 0.01, 0.4)":{"counter_culture":0.0053195068,"herd_immunity":0.9415454844,"obs_comp":0.9291543423},"('mean', 2, 0.333333, 0.01, 0.425)":{"counter_culture":0.0055093028,"herd_immunity":0.9411722473,"obs_comp":0.9278012667},"('mean', 2, 0.333333, 0.01, 0.45)":{"counter_culture":0.0057900094,"herd_immunity":0.9410776627,"obs_comp":0.9258344353},"('mean', 2, 0.333333, 0.01, 0.475)":{"counter_culture":0.005924273,"herd_immunity":0.9400137342,"obs_comp":0.9237994571},"('mean', 2, 0.333333, 0.01, 0.5)":{"counter_culture":0.0059100637,"herd_immunity":0.9399925923,"obs_comp":0.9216892276},"('mean', 2, 0.333333, 0.01, 0.525)":{"counter_culture":0.0063904258,"herd_immunity":0.9392778922,"obs_comp":0.9192968415},"('mean', 2, 0.333333, 0.01, 0.55)":{"counter_culture":0.0067610282,"herd_immunity":0.9387474898,"obs_comp":0.9166164991},"('mean', 2, 0.333333, 0.01, 0.575)":{"counter_culture":0.006974893,"herd_immunity":0.9381527583,"obs_comp":0.9143943348},"('mean', 2, 0.333333, 0.01, 0.6)":{"counter_culture":0.0075558803,"herd_immunity":0.9383668885,"obs_comp":0.911828537},"('mean', 2, 0.333333, 0.01, 0.625)":{"counter_culture":0.0077187076,"herd_immunity":0.9379274669,"obs_comp":0.9085479231},"('mean', 2, 0.333333, 0.01, 0.65)":{"counter_culture":0.0083891557,"herd_immunity":0.9378824831,"obs_comp":0.9055552656},"('mean', 2, 0.333333, 0.01, 0.675)":{"counter_culture":0.0098540209,"herd_immunity":0.936684796,"obs_comp":0.9010239413},"('mean', 2, 0.333333, 0.01, 0.7)":{"counter_culture":0.0120500864,"herd_immunity":0.93660197,"obs_comp":0.8968437902},"('mean', 2, 0.333333, 0.01, 0.725)":{"counter_culture":0.0153349051,"herd_immunity":0.9351582481,"obs_comp":0.8907672745},"('mean', 2, 0.333333, 0.01, 0.75)":{"counter_culture":0.0200869089,"herd_immunity":0.9357215853,"obs_comp":0.8861109661},"('mean', 2, 0.333333, 0.01, 0.775)":{"counter_culture":0.0289725209,"herd_immunity":0.9354218361,"obs_comp":0.8791080895},"('mean', 2, 0.333333, 0.01, 0.8)":{"counter_culture":0.0419272193,"herd_immunity":0.9333503108,"obs_comp":0.8710648873},"('mean', 2, 0.333333, 0.01, 0.825)":{"counter_culture":0.0577026134,"herd_immunity":0.9342239204,"obs_comp":0.8620358771},"('mean', 2, 0.333333, 0.01, 0.85)":{"counter_culture":0.0763198722,"herd_immunity":0.932548428,"obs_comp":0.850693212},"('mean', 2, 0.333333, 0.01, 0.875)":{"counter_culture":0.0967360604,"herd_immunity":0.9325587396,"obs_comp":0.8378880015},"('mean', 2, 0.333333, 0.01, 0.9)":{"counter_culture":0.1227370927,"herd_immunity":0.931740741,"obs_comp":0.8196043718},"('mean', 2, 0.333333, 0.01, 0.925)":{"counter_culture":0.1519181137,"herd_immunity":0.9325653887,"obs_comp":0.7972947188},"('mean', 2, 0.333333, 0.01, 0.95)":{"counter_culture":0.1925480797,"herd_immunity":0.9304363074,"obs_comp":0.7641355221},"('mean', 2, 0.333333, 0.01, 0.975)":{"counter_culture":0.248150323,"herd_immunity":0.9300152556,"obs_comp":0.7163617462},"('mean', 2, 0.333333, 0.01, 1.0)":{"counter_culture":0.329495076,"herd_immunity":null,"obs_comp":0.643507354}}