{"('mean', 2, 0.333333, 0.01, 0.0)":{"counter_culture":0.0022868009,"herd_immunity":0.9764901337,"obs_comp":0.9766234899},"('mean', 2, 0.333333, 0.01, 0.025)":{"counter_culture":0.0025326622,"herd_immunity":0.9763359068,"obs_comp":0.9759715138},"('mean', 2, 0.333333, 0.01, 0.05)":{"counter_culture":0.0025022371,"herd_immunity":0.9760361082,"obs_comp":0.975500522},"('mean', 2, 0.333333, 0.01, 0.075)":{"counter_culture":0.0027171514,"herd_immunity":0.975740199,"obs_comp":0.9748584638},"('mean', 2, 0.333333, 0.01, 0.1)":{"counter_culture":0.002809396,"herd_immunity":0.9753371542,"obs_comp":0.9739897837},"('mean', 2, 0.333333, 0.01, 0.125)":{"counter_culture":0.0028072334,"herd_immunity":0.9752723309,"obs_comp":0.9734606264},"('mean', 2, 0.333333, 0.01, 0.15)":{"counter_culture":0.0029358688,"herd_immunity":0.9752447452,"obs_comp":0.9727630872},"('mean', 2, 0.333333, 0.01, 0.175)":{"counter_culture":0.0030299031,"herd_immunity":0.9750097558,"obs_comp":0.9720747204},"('mean', 2, 0.333333, 0.01, 0.2)":{"counter_culture":0.003156525,"herd_immunity":0.9746161948,"obs_comp":0.971166965},"('mean', 2, 0.333333, 0.01, 0.225)":{"counter_culture":0.0034346756,"herd_immunity":0.9742930274,"obs_comp":0.9702453393},"('mean', 2, 0.333333, 0.01, 0.25)":{"counter_culture":0.0034211037,"herd_immunity":0.9742705453,"obs_comp":0.9696021626},"('mean', 2, 0.333333, 0.01, 0.275)":{"counter_culture":0.0036644295,"herd_immunity":0.9740317695,"obs_comp":0.9686288591},"('mean', 2, 0.333333, 0.01, 0.3)":{"counter_culture":0.0037761372,"herd_immunity":0.9738524376,"obs_comp":0.9679329605},"('mean', 2, 0.333333, 0.01, 0.325)":{"counter_culture":0.0042322893,"herd_immunity":0.973262762,"obs_comp":0.9663331842},"('mean', 2, 0.333333, 0.01, 0.35)":{"counter_culture":0.004342953,"herd_immunity":0.9729982167,"obs_comp":0.9654043997},"('mean', 2, 0.333333, 0.01, 0.375)":{"counter_culture":0.0044662192,"herd_immunity":0.9730847337,"obs_comp":0.9643842655},"('mean', 2, 0.333333, 0.01, 0.4)":{"counter_culture":0.004891126,"herd_immunity":0.9726554359,"obs_comp":0.9630851603},"('mean', 2, 0.333333, 0.01, 0.425)":{"counter_culture":0.0053826249,"herd_immunity":0.9722677538,"obs_comp":0.9614668904},"('mean', 2, 0.333333, 0.01, 0.45)":{"counter_culture":0.005412528,"herd_immunity":0.9724320117,"obs_comp":0.9605442953},"('mean', 2, 0.333333, 0.01, 0.475)":{"counter_culture":0.0061334079,"herd_immunity":0.9717462078,"obs_comp":0.9585987323},"('mean', 2, 0.333333, 0.01, 0.5)":{"counter_culture":0.0065757644,"herd_immunity":0.9714079609,"obs_comp":0.9568124534},"('mean', 2, 0.333333, 0.01, 0.525)":{"counter_culture":0.0070683072,"herd_immunity":0.9712203155,"obs_comp":0.9550278896},"('mean', 2, 0.333333, 0.01, 0.55)":{"counter_culture":0.0076839672,"herd_immunity":0.9711083078,"obs_comp":0.9531980611},"('mean', 2, 0.333333, 0.01, 0.575)":{"counter_culture":0.0086821775,"herd_immunity":0.9708309229,"obs_comp":0.9507824012},"('mean', 2, 0.333333, 0.01, 0.6)":{"counter_culture":0.0098956749,"herd_immunity":0.970269352,"obs_comp":0.9481278896},"('mean', 2, 0.333333, 0.01, 0.625)":{"counter_culture":0.010758091,"herd_immunity":0.9700557871,"obs_comp":0.9454970917},"('mean', 2, 0.333333, 0.01, 0.65)":{"counter_culture":0.0118676361,"herd_immunity":0.9697634035,"obs_comp":0.9426141685},"('mean', 2, 0.333333, 0.01, 0.675)":{"counter_culture":0.0140674124,"herd_immunity":0.9693035296,"obs_comp":0.9389182699},"('mean', 2, 0.333333, 0.01, 0.7)":{"counter_culture":0.0163870992,"herd_immunity":0.9684540713,"obs_comp":0.9344386279},"('mean', 2, 0.333333, 0.01, 0.725)":{"counter_culture":0.01848956,"herd_immunity":0.9687129282,"obs_comp":0.93061044},"('mean', 2, 0.333333, 0.01, 0.75)":{"counter_culture":0.0220897092,"herd_immunity":0.9686426431,"obs_comp":0.9255079791},"('mean', 2, 0.333333, 0.01, 0.775)":{"counter_culture":0.0273301268,"herd_immunity":0.9680606028,"obs_comp":0.9187976883},"('mean', 2, 0.333333, 0.01, 0.8)":{"counter_culture":0.03338695,"herd_immunity":0.9679950892,"obs_comp":0.912105742},"('mean', 2, 0.333333, 0.01, 0.825)":{"counter_culture":0.0428857569,"herd_immunity":0.9674046351,"obs_comp":0.9033697987},"('mean', 2, 0.333333, 0.01, 0.85)":{"counter_culture":0.0565893363,"herd_immunity":0.9672630508,"obs_comp":0.8919700224},"('mean', 2, 0.333333, 0.01, 0.875)":{"counter_culture":0.0771187919,"herd_immunity":0.9668156197,"obs_comp":0.8772991797},"('mean', 2, 0.333333, 0.01, 0.9)":{"counter_culture":0.1015768829,"herd_immunity":0.966095542,"obs_comp":0.8591627144},"('mean', 2, 0.333333, 0.01, 0.925)":{"counter_culture":0.1340349739,"herd_immunity":0.9655545649,"obs_comp":0.8335665175},"('mean', 2, 0.333333, 0.01, 0.95)":{"counter_culture":0.1769323639,"herd_immunity":0.9662621885,"obs_comp":0.7970195377},"('mean', 2, 0.333333, 0.01, 0.975)":{"counter_culture":0.2406425056,"herd_immunity":0.9646004266,"obs_comp":0.7397063386},"('mean', 2, 0.333333, 0.01, 1.0)":{"counter_culture":0.3437926174,"herd_immunity":null,"obs_comp":0.6431042506}}