{"('mean', 2, 0.333333, 0.01, 0.0)":{"counter_culture":0.0001487063,"herd_immunity":0.9862002939,"obs_comp":0.9863457647},"('mean', 2, 0.333333, 0.01, 0.025)":{"counter_culture":0.0001478028,"herd_immunity":0.9864412609,"obs_comp":0.9861553195},"('mean', 2, 0.333333, 0.01, 0.05)":{"counter_culture":0.000149429,"herd_immunity":0.9858829817,"obs_comp":0.9854623807},"('mean', 2, 0.333333, 0.01, 0.075)":{"counter_culture":0.0001548497,"herd_immunity":0.985656994,"obs_comp":0.9848856245},"('mean', 2, 0.333333, 0.01, 0.1)":{"counter_culture":0.0001579214,"herd_immunity":0.9855938148,"obs_comp":0.9843815048},"('mean', 2, 0.333333, 0.01, 0.125)":{"counter_culture":0.0001570179,"herd_immunity":0.985307348,"obs_comp":0.9839212923},"('mean', 2, 0.333333, 0.01, 0.15)":{"counter_culture":0.000166233,"herd_immunity":0.9850821551,"obs_comp":0.9832973764},"('mean', 2, 0.333333, 0.01, 0.175)":{"counter_culture":0.0001664137,"herd_immunity":0.9850047804,"obs_comp":0.9826808687},"('mean', 2, 0.333333, 0.01, 0.2)":{"counter_culture":0.0001667751,"herd_immunity":0.9849864873,"obs_comp":0.9820710465},"('mean', 2, 0.333333, 0.01, 0.225)":{"counter_culture":0.0001815915,"herd_immunity":0.9845104037,"obs_comp":0.9812310278},"('mean', 2, 0.333333, 0.01, 0.25)":{"counter_culture":0.0001799653,"herd_immunity":0.9841669018,"obs_comp":0.9803769153},"('mean', 2, 0.333333, 0.01, 0.275)":{"counter_culture":0.000185928,"herd_immunity":0.984432154,"obs_comp":0.9801192541},"('mean', 2, 0.333333, 0.01, 0.3)":{"counter_culture":0.0001980341,"herd_immunity":0.9842794749,"obs_comp":0.9794335429},"('mean', 2, 0.333333, 0.01, 0.325)":{"counter_culture":0.00019695,"herd_immunity":0.984040622,"obs_comp":0.9784558398},"('mean', 2, 0.333333, 0.01, 0.35)":{"counter_culture":0.0002155609,"herd_immunity":0.9840148626,"obs_comp":0.9777524212},"('mean', 2, 0.333333, 0.01, 0.375)":{"counter_culture":0.0002186326,"herd_immunity":0.9835791679,"obs_comp":0.976415691},"('mean', 2, 0.333333, 0.01, 0.4)":{"counter_culture":0.0002354365,"herd_immunity":0.9833304875,"obs_comp":0.9755603137},"('mean', 2, 0.333333, 0.01, 0.425)":{"counter_culture":0.0002408572,"herd_immunity":0.9828582392,"obs_comp":0.9741563674},"('mean', 2, 0.333333, 0.01, 0.45)":{"counter_culture":0.0002600101,"herd_immunity":0.982564115,"obs_comp":0.972917028},"('mean', 2, 0.333333, 0.01, 0.475)":{"counter_culture":0.000276272,"herd_immunity":0.9827088488,"obs_comp":0.9720312952},"('mean', 2, 0.333333, 0.01, 0.5)":{"counter_culture":0.0002999422,"herd_immunity":0.9825629535,"obs_comp":0.9704788234},"('mean', 2, 0.333333, 0.01, 0.525)":{"counter_culture":0.0003021104,"herd_immunity":0.9823889212,"obs_comp":0.9692488797},"('mean', 2, 0.333333, 0.01, 0.55)":{"counter_culture":0.0003425846,"herd_immunity":0.9818557534,"obs_comp":0.9672988942},"('mean', 2, 0.333333, 0.01, 0.575)":{"counter_culture":0.0003698685,"herd_immunity":0.9818082496,"obs_comp":0.9654647297},"('mean', 2, 0.333333, 0.01, 0.6)":{"counter_culture":0.0004173894,"herd_immunity":0.9814459596,"obs_comp":0.9635187193},"('mean', 2, 0.333333, 0.01, 0.625)":{"counter_culture":0.0004622001,"herd_immunity":0.9813371842,"obs_comp":0.9612270526},"('mean', 2, 0.333333, 0.01, 0.65)":{"counter_culture":0.0005671798,"herd_immunity":0.9808541962,"obs_comp":0.9584227739},"('mean', 2, 0.333333, 0.01, 0.675)":{"counter_culture":0.0006537294,"herd_immunity":0.9805660704,"obs_comp":0.9555794666},"('mean', 2, 0.333333, 0.01, 0.7)":{"counter_culture":0.0008053267,"herd_immunity":0.9803816992,"obs_comp":0.9526508745},"('mean', 2, 0.333333, 0.01, 0.725)":{"counter_culture":0.0010778043,"herd_immunity":0.9798851094,"obs_comp":0.9489964585},"('mean', 2, 0.333333, 0.01, 0.75)":{"counter_culture":0.0017692975,"herd_immunity":0.9801330827,"obs_comp":0.9444644406},"('mean', 2, 0.333333, 0.01, 0.775)":{"counter_culture":0.0032559988,"herd_immunity":0.9799245545,"obs_comp":0.9393777103},"('mean', 2, 0.333333, 0.01, 0.8)":{"counter_culture":0.0071816276,"herd_immunity":0.9794330963,"obs_comp":0.9328897441},"('mean', 2, 0.333333, 0.01, 0.825)":{"counter_culture":0.0157319673,"herd_immunity":0.9792017364,"obs_comp":0.9255138768},"('mean', 2, 0.333333, 0.01, 0.85)":{"counter_culture":0.0304327479,"herd_immunity":0.978690857,"obs_comp":0.9158927797},"('mean', 2, 0.333333, 0.01, 0.875)":{"counter_culture":0.0481584273,"herd_immunity":0.9781780094,"obs_comp":0.9039507444},"('mean', 2, 0.333333, 0.01, 0.9)":{"counter_culture":0.0707236557,"herd_immunity":0.9781584163,"obs_comp":0.8879166667},"('mean', 2, 0.333333, 0.01, 0.925)":{"counter_culture":0.0998751446,"herd_immunity":0.9781990482,"obs_comp":0.8655617592},"('mean', 2, 0.333333, 0.01, 0.95)":{"counter_culture":0.1409386745,"herd_immunity":0.9770505908,"obs_comp":0.8318665077},"('mean', 2, 0.333333, 0.01, 0.975)":{"counter_culture":0.2080986195,"herd_immunity":0.9775174968,"obs_comp":0.7725849234},"('mean', 2, 0.333333, 0.01, 1.0)":{"counter_culture":0.3378162041,"herd_immunity":null,"obs_comp":0.651336911}}