{"('mean', 2, 0.333333, 0.01, 0.0)":{"counter_culture":0.0002405686,"herd_immunity":0.9855891573,"obs_comp":0.9857968185},"('mean', 2, 0.333333, 0.01, 0.025)":{"counter_culture":0.0002374443,"herd_immunity":0.9857957902,"obs_comp":0.9854924627},"('mean', 2, 0.333333, 0.01, 0.05)":{"counter_culture":0.0002475982,"herd_immunity":0.9856560075,"obs_comp":0.9852623083},"('mean', 2, 0.333333, 0.01, 0.075)":{"counter_culture":0.0002392668,"herd_immunity":0.9856450035,"obs_comp":0.9847918457},"('mean', 2, 0.333333, 0.01, 0.1)":{"counter_culture":0.0002538468,"herd_immunity":0.9853398265,"obs_comp":0.9842443177},"('mean', 2, 0.333333, 0.01, 0.125)":{"counter_culture":0.000265042,"herd_immunity":0.9849127402,"obs_comp":0.9834718425},"('mean', 2, 0.333333, 0.01, 0.15)":{"counter_culture":0.0002567107,"herd_immunity":0.9849318794,"obs_comp":0.9829961728},"('mean', 2, 0.333333, 0.01, 0.175)":{"counter_culture":0.0002595746,"herd_immunity":0.984653301,"obs_comp":0.9824306803},"('mean', 2, 0.333333, 0.01, 0.2)":{"counter_culture":0.0002692077,"herd_immunity":0.9844541557,"obs_comp":0.9817227733},"('mean', 2, 0.333333, 0.01, 0.225)":{"counter_culture":0.0002647817,"herd_immunity":0.9840579002,"obs_comp":0.9810122628},"('mean', 2, 0.333333, 0.01, 0.25)":{"counter_culture":0.0002783202,"herd_immunity":0.9841807572,"obs_comp":0.9804142258},"('mean', 2, 0.333333, 0.01, 0.275)":{"counter_culture":0.0002785805,"herd_immunity":0.9838454099,"obs_comp":0.9798544612},"('mean', 2, 0.333333, 0.01, 0.3)":{"counter_culture":0.0002900362,"herd_immunity":0.9841316279,"obs_comp":0.979303809},"('mean', 2, 0.333333, 0.01, 0.325)":{"counter_culture":0.0002968054,"herd_immunity":0.9833280018,"obs_comp":0.978090031},"('mean', 2, 0.333333, 0.01, 0.35)":{"counter_culture":0.0003113854,"herd_immunity":0.9837865529,"obs_comp":0.9778028587},"('mean', 2, 0.333333, 0.01, 0.375)":{"counter_culture":0.000322841,"herd_immunity":0.9831993821,"obs_comp":0.9766846312},"('mean', 2, 0.333333, 0.01, 0.4)":{"counter_culture":0.0003275274,"herd_immunity":0.9834229335,"obs_comp":0.9758353511},"('mean', 2, 0.333333, 0.01, 0.425)":{"counter_culture":0.0003342966,"herd_immunity":0.9828872824,"obs_comp":0.9747530527},"('mean', 2, 0.333333, 0.01, 0.45)":{"counter_culture":0.0003533026,"herd_immunity":0.9824655085,"obs_comp":0.9733606707},"('mean', 2, 0.333333, 0.01, 0.475)":{"counter_culture":0.0003832435,"herd_immunity":0.9820433011,"obs_comp":0.9722338514},"('mean', 2, 0.333333, 0.01, 0.5)":{"counter_culture":0.0004207347,"herd_immunity":0.9824060684,"obs_comp":0.9709622745},"('mean', 2, 0.333333, 0.01, 0.525)":{"counter_culture":0.0004530188,"herd_immunity":0.9818850121,"obs_comp":0.9692788149},"('mean', 2, 0.333333, 0.01, 0.55)":{"counter_culture":0.0004668177,"herd_immunity":0.9820821351,"obs_comp":0.9681290843},"('mean', 2, 0.333333, 0.01, 0.575)":{"counter_culture":0.0005129006,"herd_immunity":0.9818385832,"obs_comp":0.9660740972},"('mean', 2, 0.333333, 0.01, 0.6)":{"counter_culture":0.0005858002,"herd_immunity":0.9815202737,"obs_comp":0.9641065896},"('mean', 2, 0.333333, 0.01, 0.625)":{"counter_culture":0.000664688,"herd_immunity":0.9805726543,"obs_comp":0.9617167851},"('mean', 2, 0.333333, 0.01, 0.65)":{"counter_culture":0.0007828894,"herd_immunity":0.9808125214,"obs_comp":0.9596425317},"('mean', 2, 0.333333, 0.01, 0.675)":{"counter_culture":0.0008820849,"herd_immunity":0.9806985915,"obs_comp":0.9565570569},"('mean', 2, 0.333333, 0.01, 0.7)":{"counter_culture":0.0011653519,"herd_immunity":0.9803698964,"obs_comp":0.9536179021},"('mean', 2, 0.333333, 0.01, 0.725)":{"counter_culture":0.0016858028,"herd_immunity":0.9800250842,"obs_comp":0.950027077},"('mean', 2, 0.333333, 0.01, 0.75)":{"counter_culture":0.0026431305,"herd_immunity":0.9794884208,"obs_comp":0.9454140957},"('mean', 2, 0.333333, 0.01, 0.775)":{"counter_culture":0.0043500221,"herd_immunity":0.9797521288,"obs_comp":0.9406615637},"('mean', 2, 0.333333, 0.01, 0.8)":{"counter_culture":0.0083719961,"herd_immunity":0.9785546287,"obs_comp":0.9343198209},"('mean', 2, 0.333333, 0.01, 0.825)":{"counter_culture":0.0148788044,"herd_immunity":0.9795066951,"obs_comp":0.9278114504},"('mean', 2, 0.333333, 0.01, 0.85)":{"counter_culture":0.0279059595,"herd_immunity":0.9789729745,"obs_comp":0.9183881382},"('mean', 2, 0.333333, 0.01, 0.875)":{"counter_culture":0.0464508318,"herd_immunity":0.9782706096,"obs_comp":0.9057426645},"('mean', 2, 0.333333, 0.01, 0.9)":{"counter_culture":0.0679460543,"herd_immunity":0.9774896505,"obs_comp":0.8904116223},"('mean', 2, 0.333333, 0.01, 0.925)":{"counter_culture":0.098004374,"herd_immunity":0.9791042622,"obs_comp":0.867736468},"('mean', 2, 0.333333, 0.01, 0.95)":{"counter_culture":0.1381827176,"herd_immunity":0.9779816113,"obs_comp":0.8346614075},"('mean', 2, 0.333333, 0.01, 0.975)":{"counter_culture":0.2059660496,"herd_immunity":0.9762819981,"obs_comp":0.7747397745},"('mean', 2, 0.333333, 0.01, 1.0)":{"counter_culture":0.3378052019,"herd_immunity":null,"obs_comp":0.6512650681}}