{"('mean', 2, 0.333333, 0.01, 0.0)":{"counter_culture":0.00105222,"herd_immunity":0.9752643953,"obs_comp":0.9754429866},"('mean', 2, 0.333333, 0.01, 0.025)":{"counter_culture":0.0010200712,"herd_immunity":0.9749273343,"obs_comp":0.9747736554},"('mean', 2, 0.333333, 0.01, 0.05)":{"counter_culture":0.0010455585,"herd_immunity":0.9751345145,"obs_comp":0.9744961914},"('mean', 2, 0.333333, 0.01, 0.075)":{"counter_culture":0.001049903,"herd_immunity":0.9744666685,"obs_comp":0.9736365743},"('mean', 2, 0.333333, 0.01, 0.1)":{"counter_culture":0.0011477974,"herd_immunity":0.974106636,"obs_comp":0.972639094},"('mean', 2, 0.333333, 0.01, 0.125)":{"counter_culture":0.0011113042,"herd_immunity":0.9746175028,"obs_comp":0.9725823269},"('mean', 2, 0.333333, 0.01, 0.15)":{"counter_culture":0.0011645958,"herd_immunity":0.9737693286,"obs_comp":0.9716482753},"('mean', 2, 0.333333, 0.01, 0.175)":{"counter_culture":0.0011501144,"herd_immunity":0.9736036744,"obs_comp":0.9708578793},"('mean', 2, 0.333333, 0.01, 0.2)":{"counter_culture":0.0011735743,"herd_immunity":0.9733842898,"obs_comp":0.9700741449},"('mean', 2, 0.333333, 0.01, 0.225)":{"counter_culture":0.0011472181,"herd_immunity":0.9734705794,"obs_comp":0.9694778},"('mean', 2, 0.333333, 0.01, 0.25)":{"counter_culture":0.0012097779,"herd_immunity":0.9729743498,"obs_comp":0.9685837171},"('mean', 2, 0.333333, 0.01, 0.275)":{"counter_culture":0.0012711791,"herd_immunity":0.9723123231,"obs_comp":0.9670973441},"('mean', 2, 0.333333, 0.01, 0.3)":{"counter_culture":0.0012543806,"herd_immunity":0.9722708432,"obs_comp":0.9663645842},"('mean', 2, 0.333333, 0.01, 0.325)":{"counter_culture":0.0013152026,"herd_immunity":0.9718137885,"obs_comp":0.9650635734},"('mean', 2, 0.333333, 0.01, 0.35)":{"counter_culture":0.0013404003,"herd_immunity":0.9724915283,"obs_comp":0.9645741014},"('mean', 2, 0.333333, 0.01, 0.375)":{"counter_culture":0.001372549,"herd_immunity":0.97181902,"obs_comp":0.9634937875},"('mean', 2, 0.333333, 0.01, 0.4)":{"counter_culture":0.0013942712,"herd_immunity":0.9712114153,"obs_comp":0.961988299},"('mean', 2, 0.333333, 0.01, 0.425)":{"counter_culture":0.0014049874,"herd_immunity":0.9712384143,"obs_comp":0.9608851044},"('mean', 2, 0.333333, 0.01, 0.45)":{"counter_culture":0.0014362673,"herd_immunity":0.9707934482,"obs_comp":0.9594108958},"('mean', 2, 0.333333, 0.01, 0.475)":{"counter_culture":0.0014866626,"herd_immunity":0.9705498659,"obs_comp":0.9576149101},"('mean', 2, 0.333333, 0.01, 0.5)":{"counter_culture":0.0015599386,"herd_immunity":0.9700240659,"obs_comp":0.9562304863},"('mean', 2, 0.333333, 0.01, 0.525)":{"counter_culture":0.0016497234,"herd_immunity":0.9695022556,"obs_comp":0.9542436354},"('mean', 2, 0.333333, 0.01, 0.55)":{"counter_culture":0.0016268428,"herd_immunity":0.9697386829,"obs_comp":0.952485591},"('mean', 2, 0.333333, 0.01, 0.575)":{"counter_culture":0.001814522,"herd_immunity":0.9691550183,"obs_comp":0.9506678831},"('mean', 2, 0.333333, 0.01, 0.6)":{"counter_culture":0.0018585455,"herd_immunity":0.9688828191,"obs_comp":0.9480899007},"('mean', 2, 0.333333, 0.01, 0.625)":{"counter_culture":0.0020045182,"herd_immunity":0.968374541,"obs_comp":0.945632114},"('mean', 2, 0.333333, 0.01, 0.65)":{"counter_culture":0.0022362209,"herd_immunity":0.9683519168,"obs_comp":0.9431598459},"('mean', 2, 0.333333, 0.01, 0.675)":{"counter_culture":0.0025750862,"herd_immunity":0.9678316187,"obs_comp":0.9392539172},"('mean', 2, 0.333333, 0.01, 0.7)":{"counter_culture":0.0031899673,"herd_immunity":0.9676637721,"obs_comp":0.936119269},"('mean', 2, 0.333333, 0.01, 0.725)":{"counter_culture":0.004052191,"herd_immunity":0.9671821811,"obs_comp":0.9317704985},"('mean', 2, 0.333333, 0.01, 0.75)":{"counter_culture":0.0058496249,"herd_immunity":0.9667726367,"obs_comp":0.9270260955},"('mean', 2, 0.333333, 0.01, 0.775)":{"counter_culture":0.0094528919,"herd_immunity":0.9666902957,"obs_comp":0.9206377618},"('mean', 2, 0.333333, 0.01, 0.8)":{"counter_culture":0.0164094766,"herd_immunity":0.9659204856,"obs_comp":0.9134407855},"('mean', 2, 0.333333, 0.01, 0.825)":{"counter_culture":0.0280334231,"herd_immunity":0.9651258431,"obs_comp":0.9047863991},"('mean', 2, 0.333333, 0.01, 0.85)":{"counter_culture":0.0445926376,"herd_immunity":0.9649050114,"obs_comp":0.8945121209},"('mean', 2, 0.333333, 0.01, 0.875)":{"counter_culture":0.0673064558,"herd_immunity":0.9647388697,"obs_comp":0.8793732441},"('mean', 2, 0.333333, 0.01, 0.9)":{"counter_culture":0.0898844383,"herd_immunity":0.9650830878,"obs_comp":0.8629293017},"('mean', 2, 0.333333, 0.01, 0.925)":{"counter_culture":0.1210099343,"herd_immunity":0.9637211439,"obs_comp":0.8383111768},"('mean', 2, 0.333333, 0.01, 0.95)":{"counter_culture":0.1667457352,"herd_immunity":0.9630349074,"obs_comp":0.8002760159},"('mean', 2, 0.333333, 0.01, 0.975)":{"counter_culture":0.2294526023,"herd_immunity":0.9653990122,"obs_comp":0.7449013815},"('mean', 2, 0.333333, 0.01, 1.0)":{"counter_culture":0.3408483216,"herd_immunity":null,"obs_comp":0.642586092}}