{"('mean', 2, 0.333333, 0.01, 0.0)":{"counter_culture":0.0003900539,"herd_immunity":0.9619220814,"obs_comp":0.962074523},"('mean', 2, 0.333333, 0.01, 0.025)":{"counter_culture":0.0003817704,"herd_immunity":0.9618224085,"obs_comp":0.961460377},"('mean', 2, 0.333333, 0.01, 0.05)":{"counter_culture":0.0003900539,"herd_immunity":0.9617449208,"obs_comp":0.9609242708},"('mean', 2, 0.333333, 0.01, 0.075)":{"counter_culture":0.0003886007,"herd_immunity":0.9613937114,"obs_comp":0.9598510413},"('mean', 2, 0.333333, 0.01, 0.1)":{"counter_culture":0.0004127247,"herd_immunity":0.9608184827,"obs_comp":0.9588984319},"('mean', 2, 0.333333, 0.01, 0.125)":{"counter_culture":0.0004170845,"herd_immunity":0.9605440469,"obs_comp":0.9577393149},"('mean', 2, 0.333333, 0.01, 0.15)":{"counter_culture":0.0004226069,"herd_immunity":0.9596551255,"obs_comp":0.9562071471},"('mean', 2, 0.333333, 0.01, 0.175)":{"counter_culture":0.0004399006,"herd_immunity":0.959741662,"obs_comp":0.9556899333},"('mean', 2, 0.333333, 0.01, 0.2)":{"counter_culture":0.0004467309,"herd_immunity":0.9593693989,"obs_comp":0.954261092},"('mean', 2, 0.333333, 0.01, 0.225)":{"counter_culture":0.0004476029,"herd_immunity":0.9590492693,"obs_comp":0.9532532589},"('mean', 2, 0.333333, 0.01, 0.25)":{"counter_culture":0.000469547,"herd_immunity":0.958421723,"obs_comp":0.9516623796},"('mean', 2, 0.333333, 0.01, 0.275)":{"counter_culture":0.0004656232,"herd_immunity":0.9581350153,"obs_comp":0.9506815771},"('mean', 2, 0.333333, 0.01, 0.3)":{"counter_culture":0.000457921,"herd_immunity":0.9579236048,"obs_comp":0.9494455828},"('mean', 2, 0.333333, 0.01, 0.325)":{"counter_culture":0.0005051518,"herd_immunity":0.957390857,"obs_comp":0.9475926814},"('mean', 2, 0.333333, 0.01, 0.35)":{"counter_culture":0.0005134354,"herd_immunity":0.9565658562,"obs_comp":0.9458243595},"('mean', 2, 0.333333, 0.01, 0.375)":{"counter_culture":0.0005390127,"herd_immunity":0.9564785792,"obs_comp":0.9445579922},"('mean', 2, 0.333333, 0.01, 0.4)":{"counter_culture":0.000552092,"herd_immunity":0.9564037427,"obs_comp":0.9431060441},"('mean', 2, 0.333333, 0.01, 0.425)":{"counter_culture":0.0005788319,"herd_immunity":0.955488845,"obs_comp":0.9406715496},"('mean', 2, 0.333333, 0.01, 0.45)":{"counter_culture":0.0006230109,"herd_immunity":0.9549383137,"obs_comp":0.9387067475},"('mean', 2, 0.333333, 0.01, 0.475)":{"counter_culture":0.0007218323,"herd_immunity":0.9543018217,"obs_comp":0.9366623069},"('mean', 2, 0.333333, 0.01, 0.5)":{"counter_culture":0.0007370915,"herd_immunity":0.9542725507,"obs_comp":0.9345026231},"('mean', 2, 0.333333, 0.01, 0.525)":{"counter_culture":0.0009469416,"herd_immunity":0.9536442652,"obs_comp":0.9320830972},"('mean', 2, 0.333333, 0.01, 0.55)":{"counter_culture":0.001114938,"herd_immunity":0.9530411336,"obs_comp":0.9295414977},"('mean', 2, 0.333333, 0.01, 0.575)":{"counter_culture":0.0014055892,"herd_immunity":0.9533256358,"obs_comp":0.9264292046},"('mean', 2, 0.333333, 0.01, 0.6)":{"counter_culture":0.001986601,"herd_immunity":0.9519831506,"obs_comp":0.9231551641},"('mean', 2, 0.333333, 0.01, 0.625)":{"counter_culture":0.0027005857,"herd_immunity":0.9521497887,"obs_comp":0.9200896659},"('mean', 2, 0.333333, 0.01, 0.65)":{"counter_culture":0.0039046083,"herd_immunity":0.9515733329,"obs_comp":0.9164992516},"('mean', 2, 0.333333, 0.01, 0.675)":{"counter_culture":0.0052854921,"herd_immunity":0.9508518442,"obs_comp":0.9123600878},"('mean', 2, 0.333333, 0.01, 0.7)":{"counter_culture":0.0080878057,"herd_immunity":0.9509209409,"obs_comp":0.907581782},"('mean', 2, 0.333333, 0.01, 0.725)":{"counter_culture":0.0109443258,"herd_immunity":0.9499759112,"obs_comp":0.9021038787},"('mean', 2, 0.333333, 0.01, 0.75)":{"counter_culture":0.0167186932,"herd_immunity":0.9493810132,"obs_comp":0.8953065644},"('mean', 2, 0.333333, 0.01, 0.775)":{"counter_culture":0.0235487059,"herd_immunity":0.9494173682,"obs_comp":0.8893288864},"('mean', 2, 0.333333, 0.01, 0.8)":{"counter_culture":0.0342344974,"herd_immunity":0.9487993997,"obs_comp":0.8811713244},"('mean', 2, 0.333333, 0.01, 0.825)":{"counter_culture":0.0480045342,"herd_immunity":0.947562123,"obs_comp":0.8718417114},"('mean', 2, 0.333333, 0.01, 0.85)":{"counter_culture":0.065538068,"herd_immunity":0.9472570485,"obs_comp":0.8600781852},"('mean', 2, 0.333333, 0.01, 0.875)":{"counter_culture":0.0844771911,"herd_immunity":0.9471723012,"obs_comp":0.8470094898},"('mean', 2, 0.333333, 0.01, 0.9)":{"counter_culture":0.1116651407,"herd_immunity":0.9459155229,"obs_comp":0.8273783261},"('mean', 2, 0.333333, 0.01, 0.925)":{"counter_culture":0.1432459926,"herd_immunity":0.9460903905,"obs_comp":0.8033507724},"('mean', 2, 0.333333, 0.01, 0.95)":{"counter_culture":0.185602302,"herd_immunity":0.9448148539,"obs_comp":0.7691806543},"('mean', 2, 0.333333, 0.01, 0.975)":{"counter_culture":0.2454957783,"herd_immunity":0.9429126085,"obs_comp":0.7181561088},"('mean', 2, 0.333333, 0.01, 1.0)":{"counter_culture":0.345990612,"herd_immunity":null,"obs_comp":0.6290366366}}