{"('mean', 2, 0.333333, 0.01, 0.0)":{"counter_culture":0.0005067973,"herd_immunity":0.9700716474,"obs_comp":0.9703998401},"('mean', 2, 0.333333, 0.01, 0.025)":{"counter_culture":0.0005127949,"herd_immunity":0.9704964217,"obs_comp":0.9703328669},"('mean', 2, 0.333333, 0.01, 0.05)":{"counter_culture":0.0005171265,"herd_immunity":0.9697204839,"obs_comp":0.9688411302},"('mean', 2, 0.333333, 0.01, 0.075)":{"counter_culture":0.0005621085,"herd_immunity":0.9698860965,"obs_comp":0.9685385846},"('mean', 2, 0.333333, 0.01, 0.1)":{"counter_culture":0.0005707717,"herd_immunity":0.9693491417,"obs_comp":0.967706584},"('mean', 2, 0.333333, 0.01, 0.125)":{"counter_culture":0.0006064241,"herd_immunity":0.9690780994,"obs_comp":0.9667516327},"('mean', 2, 0.333333, 0.01, 0.15)":{"counter_culture":0.0006124217,"herd_immunity":0.9678691704,"obs_comp":0.964953352},"('mean', 2, 0.333333, 0.01, 0.175)":{"counter_culture":0.0005987605,"herd_immunity":0.9685139496,"obs_comp":0.9645748367},"('mean', 2, 0.333333, 0.01, 0.2)":{"counter_culture":0.0005970945,"herd_immunity":0.9682236954,"obs_comp":0.963782487},"('mean', 2, 0.333333, 0.01, 0.225)":{"counter_culture":0.0007053845,"herd_immunity":0.9679626756,"obs_comp":0.9626239504},"('mean', 2, 0.333333, 0.01, 0.25)":{"counter_culture":0.0006773957,"herd_immunity":0.96744039,"obs_comp":0.9615747035},"('mean', 2, 0.333333, 0.01, 0.275)":{"counter_culture":0.0006983873,"herd_immunity":0.9668465026,"obs_comp":0.9603555245},"('mean', 2, 0.333333, 0.01, 0.3)":{"counter_culture":0.0007733573,"herd_immunity":0.9667891602,"obs_comp":0.9591173531},"('mean', 2, 0.333333, 0.01, 0.325)":{"counter_culture":0.0008379981,"herd_immunity":0.9666655837,"obs_comp":0.9580204585},"('mean', 2, 0.333333, 0.01, 0.35)":{"counter_culture":0.0008433293,"herd_immunity":0.9660842323,"obs_comp":0.9566110223},"('mean', 2, 0.333333, 0.01, 0.375)":{"counter_culture":0.000994269,"herd_immunity":0.9659169577,"obs_comp":0.9546054911},"('mean', 2, 0.333333, 0.01, 0.4)":{"counter_culture":0.001145875,"herd_immunity":0.964795463,"obs_comp":0.9524093696},"('mean', 2, 0.333333, 0.01, 0.425)":{"counter_culture":0.0012165134,"herd_immunity":0.9648017365,"obs_comp":0.9513214714},"('mean', 2, 0.333333, 0.01, 0.45)":{"counter_culture":0.0012514994,"herd_immunity":0.9654186581,"obs_comp":0.95021658},"('mean', 2, 0.333333, 0.01, 0.475)":{"counter_culture":0.0017589631,"herd_immunity":0.9639871815,"obs_comp":0.9470721711},"('mean', 2, 0.333333, 0.01, 0.5)":{"counter_culture":0.0016909903,"herd_immunity":0.9638795942,"obs_comp":0.9451689324},"('mean', 2, 0.333333, 0.01, 0.525)":{"counter_culture":0.0022377716,"herd_immunity":0.963320465,"obs_comp":0.9429744769},"('mean', 2, 0.333333, 0.01, 0.55)":{"counter_culture":0.0022924164,"herd_immunity":0.9627484994,"obs_comp":0.9408203385},"('mean', 2, 0.333333, 0.01, 0.575)":{"counter_culture":0.0028651873,"herd_immunity":0.9627038242,"obs_comp":0.9378075436},"('mean', 2, 0.333333, 0.01, 0.6)":{"counter_culture":0.0032996801,"herd_immunity":0.9625489645,"obs_comp":0.9351945888},"('mean', 2, 0.333333, 0.01, 0.625)":{"counter_culture":0.0041183527,"herd_immunity":0.9617404442,"obs_comp":0.9316763295},"('mean', 2, 0.333333, 0.01, 0.65)":{"counter_culture":0.0051559376,"herd_immunity":0.9612586506,"obs_comp":0.9280174597},"('mean', 2, 0.333333, 0.01, 0.675)":{"counter_culture":0.0070808343,"herd_immunity":0.9610632152,"obs_comp":0.923754165},"('mean', 2, 0.333333, 0.01, 0.7)":{"counter_culture":0.0090743703,"herd_immunity":0.9609849325,"obs_comp":0.9198337332},"('mean', 2, 0.333333, 0.01, 0.725)":{"counter_culture":0.013607557,"herd_immunity":0.9602906211,"obs_comp":0.9142319739},"('mean', 2, 0.333333, 0.01, 0.75)":{"counter_culture":0.0188701186,"herd_immunity":0.9595814711,"obs_comp":0.9082743569},"('mean', 2, 0.333333, 0.01, 0.775)":{"counter_culture":0.0282213781,"herd_immunity":0.9588106536,"obs_comp":0.9006760629},"('mean', 2, 0.333333, 0.01, 0.8)":{"counter_culture":0.0405757697,"herd_immunity":0.9579429853,"obs_comp":0.8919455551},"('mean', 2, 0.333333, 0.01, 0.825)":{"counter_culture":0.0554015061,"herd_immunity":0.9583504019,"obs_comp":0.8825992936},"('mean', 2, 0.333333, 0.01, 0.85)":{"counter_culture":0.0727728908,"herd_immunity":0.9575678339,"obs_comp":0.8705840997},"('mean', 2, 0.333333, 0.01, 0.875)":{"counter_culture":0.092385046,"herd_immunity":0.9586679749,"obs_comp":0.8568605891},"('mean', 2, 0.333333, 0.01, 0.9)":{"counter_culture":0.1183183393,"herd_immunity":0.9557890596,"obs_comp":0.8368236039},"('mean', 2, 0.333333, 0.01, 0.925)":{"counter_culture":0.1503185393,"herd_immunity":0.9576817408,"obs_comp":0.8117476343},"('mean', 2, 0.333333, 0.01, 0.95)":{"counter_culture":0.1941706651,"herd_immunity":0.9560562213,"obs_comp":0.7745581767},"('mean', 2, 0.333333, 0.01, 0.975)":{"counter_culture":0.2511968546,"herd_immunity":0.9552313344,"obs_comp":0.7241496735},"('mean', 2, 0.333333, 0.01, 1.0)":{"counter_culture":0.3459552846,"herd_immunity":null,"obs_comp":0.6367063175}}