{"('mean', 2, 0.333333, 0.01, 0.0)":{"counter_culture":0.0028513173,"herd_immunity":0.9749255343,"obs_comp":0.9751352131},"('mean', 2, 0.333333, 0.01, 0.025)":{"counter_culture":0.0029919331,"herd_immunity":0.974695043,"obs_comp":0.9743956483},"('mean', 2, 0.333333, 0.01, 0.05)":{"counter_culture":0.0029610716,"herd_immunity":0.9746186564,"obs_comp":0.9739511545},"('mean', 2, 0.333333, 0.01, 0.075)":{"counter_culture":0.0031621522,"herd_immunity":0.9745447196,"obs_comp":0.9732796033},"('mean', 2, 0.333333, 0.01, 0.1)":{"counter_culture":0.003178286,"herd_immunity":0.97412082,"obs_comp":0.9724581853},"('mean', 2, 0.333333, 0.01, 0.125)":{"counter_culture":0.0033296329,"herd_immunity":0.9738147281,"obs_comp":0.9717889284},"('mean', 2, 0.333333, 0.01, 0.15)":{"counter_culture":0.0036190053,"herd_immunity":0.9733706155,"obs_comp":0.9706207075},"('mean', 2, 0.333333, 0.01, 0.175)":{"counter_culture":0.0038373298,"herd_immunity":0.9729539488,"obs_comp":0.9698450266},"('mean', 2, 0.333333, 0.01, 0.2)":{"counter_culture":0.0037531083,"herd_immunity":0.973062168,"obs_comp":0.9691906454},"('mean', 2, 0.333333, 0.01, 0.225)":{"counter_culture":0.0039802398,"herd_immunity":0.9727711512,"obs_comp":0.9683167555},"('mean', 2, 0.333333, 0.01, 0.25)":{"counter_culture":0.0041099763,"herd_immunity":0.9724120937,"obs_comp":0.9672418591},"('mean', 2, 0.333333, 0.01, 0.275)":{"counter_culture":0.0043187537,"herd_immunity":0.9723491727,"obs_comp":0.9664351687},"('mean', 2, 0.333333, 0.01, 0.3)":{"counter_culture":0.004660598,"herd_immunity":0.9716839449,"obs_comp":0.9651261101},"('mean', 2, 0.333333, 0.01, 0.325)":{"counter_culture":0.0046770278,"herd_immunity":0.9717734453,"obs_comp":0.964204929},"('mean', 2, 0.333333, 0.01, 0.35)":{"counter_culture":0.0050746004,"herd_immunity":0.9713424252,"obs_comp":0.9627819716},"('mean', 2, 0.333333, 0.01, 0.375)":{"counter_culture":0.0056849467,"herd_immunity":0.9706598444,"obs_comp":0.9612734606},"('mean', 2, 0.333333, 0.01, 0.4)":{"counter_culture":0.005919923,"herd_immunity":0.970529742,"obs_comp":0.9598677472},"('mean', 2, 0.333333, 0.01, 0.425)":{"counter_culture":0.0061660746,"herd_immunity":0.9702950669,"obs_comp":0.9585017762},"('mean', 2, 0.333333, 0.01, 0.45)":{"counter_culture":0.006375444,"herd_immunity":0.9702626742,"obs_comp":0.9572829337},"('mean', 2, 0.333333, 0.01, 0.475)":{"counter_culture":0.0071366193,"herd_immunity":0.9699362962,"obs_comp":0.9554319864},"('mean', 2, 0.333333, 0.01, 0.5)":{"counter_culture":0.0078097247,"herd_immunity":0.9693408668,"obs_comp":0.9532899645},"('mean', 2, 0.333333, 0.01, 0.525)":{"counter_culture":0.0084524867,"herd_immunity":0.9693428806,"obs_comp":0.9514425696},"('mean', 2, 0.333333, 0.01, 0.55)":{"counter_culture":0.0092930728,"herd_immunity":0.9685850043,"obs_comp":0.9489190349},"('mean', 2, 0.333333, 0.01, 0.575)":{"counter_culture":0.009794849,"herd_immunity":0.9684656748,"obs_comp":0.9469471581},"('mean', 2, 0.333333, 0.01, 0.6)":{"counter_culture":0.011214624,"herd_immunity":0.9679695819,"obs_comp":0.9438794405},"('mean', 2, 0.333333, 0.01, 0.625)":{"counter_culture":0.0131171551,"herd_immunity":0.967324121,"obs_comp":0.9403404381},"('mean', 2, 0.333333, 0.01, 0.65)":{"counter_culture":0.0139593694,"herd_immunity":0.9671268737,"obs_comp":0.9376881291},"('mean', 2, 0.333333, 0.01, 0.675)":{"counter_culture":0.0157601391,"herd_immunity":0.9670559665,"obs_comp":0.9340685317},"('mean', 2, 0.333333, 0.01, 0.7)":{"counter_culture":0.0184344287,"herd_immunity":0.9669774513,"obs_comp":0.9296532712},"('mean', 2, 0.333333, 0.01, 0.725)":{"counter_culture":0.0223097987,"herd_immunity":0.9661280043,"obs_comp":0.9242540705},"('mean', 2, 0.333333, 0.01, 0.75)":{"counter_culture":0.0257064831,"herd_immunity":0.9663625998,"obs_comp":0.919401347},"('mean', 2, 0.333333, 0.01, 0.775)":{"counter_culture":0.0331617821,"herd_immunity":0.9652233992,"obs_comp":0.9115953967},"('mean', 2, 0.333333, 0.01, 0.8)":{"counter_culture":0.0410152457,"herd_immunity":0.965029113,"obs_comp":0.9040032564},"('mean', 2, 0.333333, 0.01, 0.825)":{"counter_culture":0.0528177916,"herd_immunity":0.964522932,"obs_comp":0.8941730314},"('mean', 2, 0.333333, 0.01, 0.85)":{"counter_culture":0.0690580225,"herd_immunity":0.9639059052,"obs_comp":0.8820028123},"('mean', 2, 0.333333, 0.01, 0.875)":{"counter_culture":0.0891539372,"herd_immunity":0.9636812218,"obs_comp":0.8673339994},"('mean', 2, 0.333333, 0.01, 0.9)":{"counter_culture":0.1152528863,"herd_immunity":0.9634276664,"obs_comp":0.8477465956},"('mean', 2, 0.333333, 0.01, 0.925)":{"counter_culture":0.1476029455,"herd_immunity":0.9631127697,"obs_comp":0.8214439017},"('mean', 2, 0.333333, 0.01, 0.95)":{"counter_culture":0.1899934873,"herd_immunity":0.9624221332,"obs_comp":0.7847038188},"('mean', 2, 0.333333, 0.01, 0.975)":{"counter_culture":0.2513082445,"herd_immunity":0.9620646626,"obs_comp":0.7291809503},"('mean', 2, 0.333333, 0.01, 1.0)":{"counter_culture":0.3454661042,"herd_immunity":null,"obs_comp":0.6412989195}}