{"('mean', 2, 0.333333, 0.01, 0.0)":{"counter_culture":0.0009342398,"herd_immunity":0.9694583517,"obs_comp":0.9696449271},"('mean', 2, 0.333333, 0.01, 0.025)":{"counter_culture":0.0009399407,"herd_immunity":0.9693596019,"obs_comp":0.9691190164},"('mean', 2, 0.333333, 0.01, 0.05)":{"counter_culture":0.0009465918,"herd_immunity":0.9695442496,"obs_comp":0.968923522},"('mean', 2, 0.333333, 0.01, 0.075)":{"counter_culture":0.0009575186,"herd_immunity":0.969016337,"obs_comp":0.9677569694},"('mean', 2, 0.333333, 0.01, 0.1)":{"counter_culture":0.0009926743,"herd_immunity":0.9690026317,"obs_comp":0.9671068259},"('mean', 2, 0.333333, 0.01, 0.125)":{"counter_culture":0.0010202288,"herd_immunity":0.9685192835,"obs_comp":0.9666120328},"('mean', 2, 0.333333, 0.01, 0.15)":{"counter_culture":0.001091728,"herd_immunity":0.9679167161,"obs_comp":0.965300819},"('mean', 2, 0.333333, 0.01, 0.175)":{"counter_culture":0.0010910153,"herd_immunity":0.968278059,"obs_comp":0.9647796591},"('mean', 2, 0.333333, 0.01, 0.2)":{"counter_culture":0.0010480208,"herd_immunity":0.9680886183,"obs_comp":0.9639896053},"('mean', 2, 0.333333, 0.01, 0.225)":{"counter_culture":0.0011701157,"herd_immunity":0.9672428867,"obs_comp":0.9622657868},"('mean', 2, 0.333333, 0.01, 0.25)":{"counter_culture":0.0012223742,"herd_immunity":0.9665518886,"obs_comp":0.9612626608},"('mean', 2, 0.333333, 0.01, 0.275)":{"counter_culture":0.0012161982,"herd_immunity":0.9662910676,"obs_comp":0.9601258005},"('mean', 2, 0.333333, 0.01, 0.3)":{"counter_culture":0.0013112137,"herd_immunity":0.9662500974,"obs_comp":0.9588953499},"('mean', 2, 0.333333, 0.01, 0.325)":{"counter_culture":0.0014252323,"herd_immunity":0.9667009946,"obs_comp":0.9584271611},"('mean', 2, 0.333333, 0.01, 0.35)":{"counter_culture":0.0013917394,"herd_immunity":0.9657679496,"obs_comp":0.9568719951},"('mean', 2, 0.333333, 0.01, 0.375)":{"counter_culture":0.0015601543,"herd_immunity":0.9655528415,"obs_comp":0.9554776429},"('mean', 2, 0.333333, 0.01, 0.4)":{"counter_culture":0.0015618171,"herd_immunity":0.9652420082,"obs_comp":0.9540851909},"('mean', 2, 0.333333, 0.01, 0.425)":{"counter_culture":0.0018257226,"herd_immunity":0.9651116527,"obs_comp":0.9524637516},"('mean', 2, 0.333333, 0.01, 0.45)":{"counter_culture":0.0018086198,"herd_immunity":0.9643210346,"obs_comp":0.950852764},"('mean', 2, 0.333333, 0.01, 0.475)":{"counter_culture":0.0020927161,"herd_immunity":0.9640423532,"obs_comp":0.9488700283},"('mean', 2, 0.333333, 0.01, 0.5)":{"counter_culture":0.0024606636,"herd_immunity":0.9633546488,"obs_comp":0.9464480835},"('mean', 2, 0.333333, 0.01, 0.525)":{"counter_culture":0.0027630504,"herd_immunity":0.9636260235,"obs_comp":0.9446275868},"('mean', 2, 0.333333, 0.01, 0.55)":{"counter_culture":0.0029841989,"herd_immunity":0.9623261055,"obs_comp":0.9420431655},"('mean', 2, 0.333333, 0.01, 0.575)":{"counter_culture":0.0034219828,"herd_immunity":0.962551431,"obs_comp":0.9394499553},"('mean', 2, 0.333333, 0.01, 0.6)":{"counter_culture":0.0041973092,"herd_immunity":0.9619714347,"obs_comp":0.9372045018},"('mean', 2, 0.333333, 0.01, 0.625)":{"counter_culture":0.004855529,"herd_immunity":0.9616876313,"obs_comp":0.9337651787},"('mean', 2, 0.333333, 0.01, 0.65)":{"counter_culture":0.0062258898,"herd_immunity":0.9612572301,"obs_comp":0.9298928225},"('mean', 2, 0.333333, 0.01, 0.675)":{"counter_culture":0.0067365981,"herd_immunity":0.9616161504,"obs_comp":0.9277827661},"('mean', 2, 0.333333, 0.01, 0.7)":{"counter_culture":0.0091609182,"herd_immunity":0.9611041929,"obs_comp":0.9227443323},"('mean', 2, 0.333333, 0.01, 0.725)":{"counter_culture":0.0122722004,"herd_immunity":0.9600150542,"obs_comp":0.9179192083},"('mean', 2, 0.333333, 0.01, 0.75)":{"counter_culture":0.0176455637,"herd_immunity":0.9590649322,"obs_comp":0.9107624043},"('mean', 2, 0.333333, 0.01, 0.775)":{"counter_culture":0.0231600251,"herd_immunity":0.9592823883,"obs_comp":0.9045386523},"('mean', 2, 0.333333, 0.01, 0.8)":{"counter_culture":0.0323729643,"herd_immunity":0.9587713759,"obs_comp":0.8970243525},"('mean', 2, 0.333333, 0.01, 0.825)":{"counter_culture":0.043668643,"herd_immunity":0.9583179908,"obs_comp":0.8886083557},"('mean', 2, 0.333333, 0.01, 0.85)":{"counter_culture":0.0602982536,"herd_immunity":0.9585974919,"obs_comp":0.87694758},"('mean', 2, 0.333333, 0.01, 0.875)":{"counter_culture":0.0809422686,"herd_immunity":0.9577469632,"obs_comp":0.862558197},"('mean', 2, 0.333333, 0.01, 0.9)":{"counter_culture":0.1076442335,"herd_immunity":0.9555411529,"obs_comp":0.8426020941},"('mean', 2, 0.333333, 0.01, 0.925)":{"counter_culture":0.1361244133,"herd_immunity":0.9569210523,"obs_comp":0.8199819946},"('mean', 2, 0.333333, 0.01, 0.95)":{"counter_culture":0.1748085438,"herd_immunity":0.9552033256,"obs_comp":0.7878263782},"('mean', 2, 0.333333, 0.01, 0.975)":{"counter_culture":0.2313605743,"herd_immunity":0.9566346745,"obs_comp":0.7381475305},"('mean', 2, 0.333333, 0.01, 1.0)":{"counter_culture":0.317586179,"herd_immunity":null,"obs_comp":0.6606624005}}