{"('mean', 2, 0.333333, 0.01, 0.0)":{"counter_culture":0.0007963145,"herd_immunity":0.9689178813,"obs_comp":0.9690512416},"('mean', 2, 0.333333, 0.01, 0.025)":{"counter_culture":0.0008068585,"herd_immunity":0.9688299981,"obs_comp":0.9687183682},"('mean', 2, 0.333333, 0.01, 0.05)":{"counter_culture":0.0008310997,"herd_immunity":0.9683911019,"obs_comp":0.9678247931},"('mean', 2, 0.333333, 0.01, 0.075)":{"counter_culture":0.0008485416,"herd_immunity":0.96785353,"obs_comp":0.9669117067},"('mean', 2, 0.333333, 0.01, 0.1)":{"counter_culture":0.0008856918,"herd_immunity":0.9678603329,"obs_comp":0.9665226646},"('mean', 2, 0.333333, 0.01, 0.125)":{"counter_culture":0.0009336815,"herd_immunity":0.9678463224,"obs_comp":0.965886283},"('mean', 2, 0.333333, 0.01, 0.15)":{"counter_culture":0.0009248128,"herd_immunity":0.9674575544,"obs_comp":0.9650530154},"('mean', 2, 0.333333, 0.01, 0.175)":{"counter_culture":0.0009638352,"herd_immunity":0.9669661248,"obs_comp":0.9640067008},"('mean', 2, 0.333333, 0.01, 0.2)":{"counter_culture":0.0010051242,"herd_immunity":0.9667196508,"obs_comp":0.9632414269},"('mean', 2, 0.333333, 0.01, 0.225)":{"counter_culture":0.0010056169,"herd_immunity":0.9665515712,"obs_comp":0.9625997241},"('mean', 2, 0.333333, 0.01, 0.25)":{"counter_culture":0.0006683709,"herd_immunity":0.9763788682,"obs_comp":0.9745366367},"('mean', 2, 0.333333, 0.01, 0.275)":{"counter_culture":0.0010811983,"herd_immunity":0.9658711063,"obs_comp":0.9606658455},"('mean', 2, 0.333333, 0.01, 0.3)":{"counter_culture":0.0010838589,"herd_immunity":0.9655440887,"obs_comp":0.9595559716},"('mean', 2, 0.333333, 0.01, 0.325)":{"counter_culture":0.0011916634,"herd_immunity":0.9652938669,"obs_comp":0.9583863816},"('mean', 2, 0.333333, 0.01, 0.35)":{"counter_culture":0.0012157075,"herd_immunity":0.9651453604,"obs_comp":0.957604257},"('mean', 2, 0.333333, 0.01, 0.375)":{"counter_culture":0.0012453685,"herd_immunity":0.9646381922,"obs_comp":0.956164663},"('mean', 2, 0.333333, 0.01, 0.4)":{"counter_culture":0.0013522862,"herd_immunity":0.9642866629,"obs_comp":0.9550789318},"('mean', 2, 0.333333, 0.01, 0.425)":{"counter_culture":0.0013787939,"herd_immunity":0.9643741659,"obs_comp":0.9540271975},"('mean', 2, 0.333333, 0.01, 0.45)":{"counter_culture":0.00147162,"herd_immunity":0.963814571,"obs_comp":0.9525770595},"('mean', 2, 0.333333, 0.01, 0.475)":{"counter_culture":0.0016846669,"herd_immunity":0.9631318959,"obs_comp":0.9508019314},"('mean', 2, 0.333333, 0.01, 0.5)":{"counter_culture":0.0008970141,"herd_immunity":0.9749292063,"obs_comp":0.9695484107},"('mean', 2, 0.333333, 0.01, 0.525)":{"counter_culture":0.0019915254,"herd_immunity":0.962835794,"obs_comp":0.9477402444},"('mean', 2, 0.333333, 0.01, 0.55)":{"counter_culture":0.0021993496,"herd_immunity":0.9622676995,"obs_comp":0.9455734135},"('mean', 2, 0.333333, 0.01, 0.575)":{"counter_culture":0.0024494482,"herd_immunity":0.9619902066,"obs_comp":0.9436058337},"('mean', 2, 0.333333, 0.01, 0.6)":{"counter_culture":0.0028367166,"herd_immunity":0.9619017233,"obs_comp":0.9414306267},"('mean', 2, 0.333333, 0.01, 0.625)":{"counter_culture":0.0035665156,"herd_immunity":0.9610290966,"obs_comp":0.9387664564},"('mean', 2, 0.333333, 0.01, 0.65)":{"counter_culture":0.0042640914,"herd_immunity":0.9607999171,"obs_comp":0.9358971226},"('mean', 2, 0.333333, 0.01, 0.675)":{"counter_culture":0.0048994876,"herd_immunity":0.9606038529,"obs_comp":0.9330210879},"('mean', 2, 0.333333, 0.01, 0.7)":{"counter_culture":0.0062971029,"herd_immunity":0.9602331442,"obs_comp":0.929932499},"('mean', 2, 0.333333, 0.01, 0.725)":{"counter_culture":0.0074155499,"herd_immunity":0.9601784859,"obs_comp":0.926656287},"('mean', 2, 0.333333, 0.01, 0.75)":{"counter_culture":0.0034191598,"herd_immunity":0.9732263996,"obs_comp":0.9595570585},"('mean', 2, 0.333333, 0.01, 0.775)":{"counter_culture":0.0132887268,"herd_immunity":0.9591146657,"obs_comp":0.9167172842},"('mean', 2, 0.333333, 0.01, 0.8)":{"counter_culture":0.0194848246,"herd_immunity":0.9584277059,"obs_comp":0.9100484825},"('mean', 2, 0.333333, 0.01, 0.825)":{"counter_culture":0.0271955065,"herd_immunity":0.9583343955,"obs_comp":0.903539121},"('mean', 2, 0.333333, 0.01, 0.85)":{"counter_culture":0.0423998818,"herd_immunity":0.9579329495,"obs_comp":0.8932861648},"('mean', 2, 0.333333, 0.01, 0.875)":{"counter_culture":0.0604309223,"herd_immunity":0.9574219585,"obs_comp":0.8818427276},"('mean', 2, 0.333333, 0.01, 0.9)":{"counter_culture":0.0814285574,"herd_immunity":0.9574408573,"obs_comp":0.8669599921},"('mean', 2, 0.333333, 0.01, 0.925)":{"counter_culture":0.1108230193,"herd_immunity":0.9566832335,"obs_comp":0.8443866772},"('mean', 2, 0.333333, 0.01, 0.95)":{"counter_culture":0.1510833662,"herd_immunity":0.9563946329,"obs_comp":0.8111205164},"('mean', 2, 0.333333, 0.01, 0.975)":{"counter_culture":0.2114836421,"herd_immunity":0.9558496357,"obs_comp":0.7582296019},"('mean', 2, 0.333333, 0.01, 1.0)":{"counter_culture":0.1296509805,"herd_immunity":null,"obs_comp":0.8470615561}}