{"('mean', 2, 0.333333, 0.01, 0.0)":{"counter_culture":0.0007977834,"herd_immunity":0.9689337704,"obs_comp":0.9690587754},"('mean', 2, 0.333333, 0.01, 0.025)":{"counter_culture":0.0008149528,"herd_immunity":0.9687426478,"obs_comp":0.9686243641},"('mean', 2, 0.333333, 0.01, 0.05)":{"counter_culture":0.000832758,"herd_immunity":0.9683216015,"obs_comp":0.9677579033},"('mean', 2, 0.333333, 0.01, 0.075)":{"counter_culture":0.0008503815,"herd_immunity":0.9678776411,"obs_comp":0.9669152435},"('mean', 2, 0.333333, 0.01, 0.1)":{"counter_culture":0.0008861737,"herd_immunity":0.96784843,"obs_comp":0.9664574855},"('mean', 2, 0.333333, 0.01, 0.125)":{"counter_culture":0.0009326853,"herd_immunity":0.9677810494,"obs_comp":0.9657871548},"('mean', 2, 0.333333, 0.01, 0.15)":{"counter_culture":0.000921875,"herd_immunity":0.9673402678,"obs_comp":0.9649468568},"('mean', 2, 0.333333, 0.01, 0.175)":{"counter_culture":0.0009655705,"herd_immunity":0.9668934168,"obs_comp":0.9639146984},"('mean', 2, 0.333333, 0.01, 0.2)":{"counter_culture":0.0010016352,"herd_immunity":0.9666598182,"obs_comp":0.9631744186},"('mean', 2, 0.333333, 0.01, 0.225)":{"counter_culture":0.0010019077,"herd_immunity":0.9665192122,"obs_comp":0.9625512355},"('mean', 2, 0.333333, 0.01, 0.25)":{"counter_culture":0.0006774396,"herd_immunity":0.9761236267,"obs_comp":0.9742012369},"('mean', 2, 0.333333, 0.01, 0.275)":{"counter_culture":0.0010851199,"herd_immunity":0.9658108787,"obs_comp":0.9605476017},"('mean', 2, 0.333333, 0.01, 0.3)":{"counter_culture":0.0010881177,"herd_immunity":0.9654695915,"obs_comp":0.9594376817},"('mean', 2, 0.333333, 0.01, 0.325)":{"counter_culture":0.0011901344,"herd_immunity":0.9652182192,"obs_comp":0.9583163154},"('mean', 2, 0.333333, 0.01, 0.35)":{"counter_culture":0.0012162972,"herd_immunity":0.9650085769,"obs_comp":0.9574468568},"('mean', 2, 0.333333, 0.01, 0.375)":{"counter_culture":0.0012544513,"herd_immunity":0.9645584737,"obs_comp":0.9560169876},"('mean', 2, 0.333333, 0.01, 0.4)":{"counter_culture":0.0013571948,"herd_immunity":0.9641598816,"obs_comp":0.954915516},"('mean', 2, 0.333333, 0.01, 0.425)":{"counter_culture":0.0013866279,"herd_immunity":0.964200074,"obs_comp":0.9538415698},"('mean', 2, 0.333333, 0.01, 0.45)":{"counter_culture":0.0014860102,"herd_immunity":0.9637413847,"obs_comp":0.9524613009},"('mean', 2, 0.333333, 0.01, 0.475)":{"counter_culture":0.0016936773,"herd_immunity":0.9630516109,"obs_comp":0.9505961119},"('mean', 2, 0.333333, 0.01, 0.5)":{"counter_culture":0.0009228511,"herd_immunity":0.9746070215,"obs_comp":0.9689873746},"('mean', 2, 0.333333, 0.01, 0.525)":{"counter_culture":0.0020252544,"herd_immunity":0.9626710829,"obs_comp":0.9474758358},"('mean', 2, 0.333333, 0.01, 0.55)":{"counter_culture":0.0021843205,"herd_immunity":0.9621330319,"obs_comp":0.945387173},"('mean', 2, 0.333333, 0.01, 0.575)":{"counter_culture":0.0024393169,"herd_immunity":0.9619237915,"obs_comp":0.9434434956},"('mean', 2, 0.333333, 0.01, 0.6)":{"counter_culture":0.0028359375,"herd_immunity":0.961764616,"obs_comp":0.9411969477},"('mean', 2, 0.333333, 0.01, 0.625)":{"counter_culture":0.0035652253,"herd_immunity":0.9609979268,"obs_comp":0.9385296148},"('mean', 2, 0.333333, 0.01, 0.65)":{"counter_culture":0.0042490007,"herd_immunity":0.9606931467,"obs_comp":0.9356922238},"('mean', 2, 0.333333, 0.01, 0.675)":{"counter_culture":0.0049275073,"herd_immunity":0.960432748,"obs_comp":0.9328033249},"('mean', 2, 0.333333, 0.01, 0.7)":{"counter_culture":0.0062952398,"herd_immunity":0.9601409581,"obs_comp":0.9296678779},"('mean', 2, 0.333333, 0.01, 0.725)":{"counter_culture":0.0074835574,"herd_immunity":0.9599647006,"obs_comp":0.9262530887},"('mean', 2, 0.333333, 0.01, 0.75)":{"counter_culture":0.0036133721,"herd_immunity":0.9728450626,"obs_comp":0.9585408687},"('mean', 2, 0.333333, 0.01, 0.775)":{"counter_culture":0.0135282522,"herd_immunity":0.9589176438,"obs_comp":0.9162687137},"('mean', 2, 0.333333, 0.01, 0.8)":{"counter_culture":0.0196514353,"herd_immunity":0.9582321331,"obs_comp":0.9096467115},"('mean', 2, 0.333333, 0.01, 0.825)":{"counter_culture":0.0273596475,"herd_immunity":0.9582951999,"obs_comp":0.9031309956},"('mean', 2, 0.333333, 0.01, 0.85)":{"counter_culture":0.0424285065,"herd_immunity":0.9578909806,"obs_comp":0.893021439},"('mean', 2, 0.333333, 0.01, 0.875)":{"counter_culture":0.0608105015,"herd_immunity":0.9572533633,"obs_comp":0.8812531795},"('mean', 2, 0.333333, 0.01, 0.9)":{"counter_culture":0.082097202,"herd_immunity":0.9573720728,"obs_comp":0.866184593},"('mean', 2, 0.333333, 0.01, 0.925)":{"counter_culture":0.1112456395,"herd_immunity":0.9567273953,"obs_comp":0.8438004179},"('mean', 2, 0.333333, 0.01, 0.95)":{"counter_culture":0.1519526708,"herd_immunity":0.9559325741,"obs_comp":0.8102179324},"('mean', 2, 0.333333, 0.01, 0.975)":{"counter_culture":0.2125866642,"herd_immunity":0.9558192182,"obs_comp":0.7571293605},"('mean', 2, 0.333333, 0.01, 1.0)":{"counter_culture":0.1361723363,"herd_immunity":null,"obs_comp":0.8406307494}}