{"('mean', 2, 0.333333, 0.01, 0.0)":{"counter_culture":0.0014895093,"herd_immunity":0.9574127681,"obs_comp":0.9575181049},"('mean', 2, 0.333333, 0.01, 0.025)":{"counter_culture":0.0015006768,"herd_immunity":0.95745692,"obs_comp":0.9571944162},"('mean', 2, 0.333333, 0.01, 0.05)":{"counter_culture":0.0016976311,"herd_immunity":0.957206575,"obs_comp":0.9562179357},"('mean', 2, 0.333333, 0.01, 0.075)":{"counter_culture":0.001727242,"herd_immunity":0.9565117777,"obs_comp":0.9550972927},"('mean', 2, 0.333333, 0.01, 0.1)":{"counter_culture":0.0016969543,"herd_immunity":0.9559262174,"obs_comp":0.9539152284},"('mean', 2, 0.333333, 0.01, 0.125)":{"counter_culture":0.0016862944,"herd_immunity":0.9557909113,"obs_comp":0.9532516074},"('mean', 2, 0.333333, 0.01, 0.15)":{"counter_culture":0.0018209814,"herd_immunity":0.9559269343,"obs_comp":0.9524661591},"('mean', 2, 0.333333, 0.01, 0.175)":{"counter_culture":0.0019502538,"herd_immunity":0.9551810316,"obs_comp":0.9507912014},"('mean', 2, 0.333333, 0.01, 0.2)":{"counter_culture":0.0018612521,"herd_immunity":0.9549676502,"obs_comp":0.9500840948},"('mean', 2, 0.333333, 0.01, 0.225)":{"counter_culture":0.0019394247,"herd_immunity":0.9539675701,"obs_comp":0.9483104907},"('mean', 2, 0.333333, 0.01, 0.25)":{"counter_culture":0.0018314721,"herd_immunity":0.9544256139,"obs_comp":0.9471871404},"('mean', 2, 0.333333, 0.01, 0.275)":{"counter_culture":0.0020169205,"herd_immunity":0.9535420094,"obs_comp":0.9458199662},"('mean', 2, 0.333333, 0.01, 0.3)":{"counter_culture":0.0019746193,"herd_immunity":0.9531405578,"obs_comp":0.9445840948},"('mean', 2, 0.333333, 0.01, 0.325)":{"counter_culture":0.0021011844,"herd_immunity":0.9530137425,"obs_comp":0.9429407783},"('mean', 2, 0.333333, 0.01, 0.35)":{"counter_culture":0.0021695431,"herd_immunity":0.9526384381,"obs_comp":0.9417389171},"('mean', 2, 0.333333, 0.01, 0.375)":{"counter_culture":0.00227022,"herd_immunity":0.9521610342,"obs_comp":0.9396646362},"('mean', 2, 0.333333, 0.01, 0.4)":{"counter_culture":0.002185956,"herd_immunity":0.9511478187,"obs_comp":0.9371118443},"('mean', 2, 0.333333, 0.01, 0.425)":{"counter_culture":0.0022658206,"herd_immunity":0.9514968406,"obs_comp":0.936136379},"('mean', 2, 0.333333, 0.01, 0.45)":{"counter_culture":0.0023240271,"herd_immunity":0.9508203433,"obs_comp":0.9333820643},"('mean', 2, 0.333333, 0.01, 0.475)":{"counter_culture":0.0024287648,"herd_immunity":0.9508292116,"obs_comp":0.9319108291},"('mean', 2, 0.333333, 0.01, 0.5)":{"counter_culture":0.0026138748,"herd_immunity":0.9493801194,"obs_comp":0.9288607445},"('mean', 2, 0.333333, 0.01, 0.525)":{"counter_culture":0.0026062606,"herd_immunity":0.9494915339,"obs_comp":0.9265505922},"('mean', 2, 0.333333, 0.01, 0.55)":{"counter_culture":0.0026531303,"herd_immunity":0.9488150448,"obs_comp":0.9240365482},"('mean', 2, 0.333333, 0.01, 0.575)":{"counter_culture":0.0031629442,"herd_immunity":0.9481783899,"obs_comp":0.9207035533},"('mean', 2, 0.333333, 0.01, 0.6)":{"counter_culture":0.0032604061,"herd_immunity":0.9472802675,"obs_comp":0.9165527919},"('mean', 2, 0.333333, 0.01, 0.625)":{"counter_culture":0.0036646362,"herd_immunity":0.9476659196,"obs_comp":0.9136747885},"('mean', 2, 0.333333, 0.01, 0.65)":{"counter_culture":0.0047465313,"herd_immunity":0.9463015292,"obs_comp":0.9095162437},"('mean', 2, 0.333333, 0.01, 0.675)":{"counter_culture":0.0060898477,"herd_immunity":0.945962592,"obs_comp":0.9053125212},"('mean', 2, 0.333333, 0.01, 0.7)":{"counter_culture":0.0093480541,"herd_immunity":0.9457640199,"obs_comp":0.8994840948},"('mean', 2, 0.333333, 0.01, 0.725)":{"counter_culture":0.0139590525,"herd_immunity":0.9452412461,"obs_comp":0.8944035533},"('mean', 2, 0.333333, 0.01, 0.75)":{"counter_culture":0.0220825719,"herd_immunity":0.945102371,"obs_comp":0.8881385787},"('mean', 2, 0.333333, 0.01, 0.775)":{"counter_culture":0.0357534687,"herd_immunity":0.9442254755,"obs_comp":0.8800076142},"('mean', 2, 0.333333, 0.01, 0.8)":{"counter_culture":0.0505609137,"herd_immunity":0.9440113568,"obs_comp":0.8712893401},"('mean', 2, 0.333333, 0.01, 0.825)":{"counter_culture":0.066379357,"herd_immunity":0.9435460646,"obs_comp":0.8613507614},"('mean', 2, 0.333333, 0.01, 0.85)":{"counter_culture":0.0866532995,"herd_immunity":0.942989342,"obs_comp":0.8475524535},"('mean', 2, 0.333333, 0.01, 0.875)":{"counter_culture":0.1082502538,"herd_immunity":0.9424842655,"obs_comp":0.8324321489},"('mean', 2, 0.333333, 0.01, 0.9)":{"counter_culture":0.1355739425,"herd_immunity":0.9407955124,"obs_comp":0.8116147208},"('mean', 2, 0.333333, 0.01, 0.925)":{"counter_culture":0.1668460237,"herd_immunity":0.9417047992,"obs_comp":0.7867624365},"('mean', 2, 0.333333, 0.01, 0.95)":{"counter_culture":0.2097576988,"herd_immunity":0.9401814379,"obs_comp":0.7510876481},"('mean', 2, 0.333333, 0.01, 0.975)":{"counter_culture":0.2649881557,"herd_immunity":0.939696191,"obs_comp":0.7029632826},"('mean', 2, 0.333333, 0.01, 1.0)":{"counter_culture":0.3492035533,"herd_immunity":null,"obs_comp":0.6270668359}}