{"('mean', 2, 0.333333, 0.01, 0.0)":{"counter_culture":0.0007924726,"herd_immunity":0.9861033885,"obs_comp":0.986048092},"('mean', 2, 0.333333, 0.01, 0.025)":{"counter_culture":0.0007929953,"herd_immunity":0.9860219628,"obs_comp":0.9859343962},"('mean', 2, 0.333333, 0.01, 0.05)":{"counter_culture":0.0008084161,"herd_immunity":0.9858927594,"obs_comp":0.9853544171},"('mean', 2, 0.333333, 0.01, 0.075)":{"counter_culture":0.0008112912,"herd_immunity":0.9855311756,"obs_comp":0.9848180868},"('mean', 2, 0.333333, 0.01, 0.1)":{"counter_culture":0.0008301098,"herd_immunity":0.9856710581,"obs_comp":0.9845297961},"('mean', 2, 0.333333, 0.01, 0.125)":{"counter_culture":0.0008648719,"herd_immunity":0.9854464717,"obs_comp":0.9839986932},"('mean', 2, 0.333333, 0.01, 0.15)":{"counter_culture":0.0008277574,"herd_immunity":0.9853025318,"obs_comp":0.9834783063},"('mean', 2, 0.333333, 0.01, 0.175)":{"counter_culture":0.0008933612,"herd_immunity":0.9853588519,"obs_comp":0.9830948772},"('mean', 2, 0.333333, 0.01, 0.2)":{"counter_culture":0.0009093048,"herd_immunity":0.9852289638,"obs_comp":0.9823849974},"('mean', 2, 0.333333, 0.01, 0.225)":{"counter_culture":0.0009336121,"herd_immunity":0.9851458955,"obs_comp":0.9819001568},"('mean', 2, 0.333333, 0.01, 0.25)":{"counter_culture":0.0009973863,"herd_immunity":0.9849021155,"obs_comp":0.9810478306},"('mean', 2, 0.333333, 0.01, 0.275)":{"counter_culture":0.0011016728,"herd_immunity":0.9844231589,"obs_comp":0.9799393623},"('mean', 2, 0.333333, 0.01, 0.3)":{"counter_culture":0.0010828542,"herd_immunity":0.9844902272,"obs_comp":0.9794030319},"('mean', 2, 0.333333, 0.01, 0.325)":{"counter_culture":0.0011842656,"herd_immunity":0.9841285349,"obs_comp":0.978694459},"('mean', 2, 0.333333, 0.01, 0.35)":{"counter_culture":0.0012004705,"herd_immunity":0.9838497779,"obs_comp":0.9777054365},"('mean', 2, 0.333333, 0.01, 0.375)":{"counter_culture":0.0012929953,"herd_immunity":0.9837036043,"obs_comp":0.976747517},"('mean', 2, 0.333333, 0.01, 0.4)":{"counter_culture":0.0014597491,"herd_immunity":0.9833402969,"obs_comp":0.9753619969},"('mean', 2, 0.333333, 0.01, 0.425)":{"counter_culture":0.001466022,"herd_immunity":0.9835209918,"obs_comp":0.9744817041},"('mean', 2, 0.333333, 0.01, 0.45)":{"counter_culture":0.00163931,"herd_immunity":0.9832921301,"obs_comp":0.9732807109},"('mean', 2, 0.333333, 0.01, 0.475)":{"counter_culture":0.001766597,"herd_immunity":0.9829787387,"obs_comp":0.971848667},"('mean', 2, 0.333333, 0.01, 0.5)":{"counter_culture":0.0021594354,"herd_immunity":0.9825613543,"obs_comp":0.9702901202},"('mean', 2, 0.333333, 0.01, 0.525)":{"counter_culture":0.0023876111,"herd_immunity":0.9824452175,"obs_comp":0.9687519603},"('mean', 2, 0.333333, 0.01, 0.55)":{"counter_culture":0.0027266074,"herd_immunity":0.9821516982,"obs_comp":0.9666599582},"('mean', 2, 0.333333, 0.01, 0.575)":{"counter_culture":0.0032059592,"herd_immunity":0.9820994835,"obs_comp":0.965113173},"('mean', 2, 0.333333, 0.01, 0.6)":{"counter_culture":0.0032812337,"herd_immunity":0.982133835,"obs_comp":0.9634681129},"('mean', 2, 0.333333, 0.01, 0.625)":{"counter_culture":0.0042117094,"herd_immunity":0.9816153318,"obs_comp":0.9604477261},"('mean', 2, 0.333333, 0.01, 0.65)":{"counter_culture":0.0048476215,"herd_immunity":0.9819210677,"obs_comp":0.9580457397},"('mean', 2, 0.333333, 0.01, 0.675)":{"counter_culture":0.0065977522,"herd_immunity":0.9813843374,"obs_comp":0.9544197595},"('mean', 2, 0.333333, 0.01, 0.7)":{"counter_culture":0.0082778359,"herd_immunity":0.980948739,"obs_comp":0.9505906952},"('mean', 2, 0.333333, 0.01, 0.725)":{"counter_culture":0.01101908,"herd_immunity":0.9806007834,"obs_comp":0.9459001568},"('mean', 2, 0.333333, 0.01, 0.75)":{"counter_culture":0.0144012023,"herd_immunity":0.9802506516,"obs_comp":0.9408322007},"('mean', 2, 0.333333, 0.01, 0.775)":{"counter_culture":0.0206500261,"herd_immunity":0.9800739412,"obs_comp":0.9348034501},"('mean', 2, 0.333333, 0.01, 0.8)":{"counter_culture":0.0282041296,"herd_immunity":0.9800889025,"obs_comp":0.9278233142},"('mean', 2, 0.333333, 0.01, 0.825)":{"counter_culture":0.0396084684,"herd_immunity":0.9798350677,"obs_comp":0.9188047569},"('mean', 2, 0.333333, 0.01, 0.85)":{"counter_culture":0.0545812859,"herd_immunity":0.9795748354,"obs_comp":0.9080279665},"('mean', 2, 0.333333, 0.01, 0.875)":{"counter_culture":0.0747253006,"herd_immunity":0.9791076884,"obs_comp":0.8934304757},"('mean', 2, 0.333333, 0.01, 0.9)":{"counter_culture":0.0998745426,"herd_immunity":0.9787450161,"obs_comp":0.8735972295},"('mean', 2, 0.333333, 0.01, 0.925)":{"counter_culture":0.13101908,"herd_immunity":0.9778455393,"obs_comp":0.8471949817},"('mean', 2, 0.333333, 0.01, 0.95)":{"counter_culture":0.1735750131,"herd_immunity":0.9791104443,"obs_comp":0.8093165186},"('mean', 2, 0.333333, 0.01, 0.975)":{"counter_culture":0.237254574,"herd_immunity":0.9774278527,"obs_comp":0.7501918453},"('mean', 2, 0.333333, 0.01, 1.0)":{"counter_culture":0.3398102457,"herd_immunity":null,"obs_comp":0.6521270256}}