{"('mean', 2, 0.333333, 0.01, 0.0)":{"counter_culture":0.0004463412,"herd_immunity":0.9600954696,"obs_comp":0.9603076376},"('mean', 2, 0.333333, 0.01, 0.025)":{"counter_culture":0.0004780534,"herd_immunity":0.9584964235,"obs_comp":0.9581731425},"('mean', 2, 0.333333, 0.01, 0.05)":{"counter_culture":0.0004581963,"herd_immunity":0.9589632885,"obs_comp":0.9580996414},"('mean', 2, 0.333333, 0.01, 0.075)":{"counter_culture":0.0005518509,"herd_immunity":0.9584200633,"obs_comp":0.9565309268},"('mean', 2, 0.333333, 0.01, 0.1)":{"counter_culture":0.0005109511,"herd_immunity":0.9582781655,"obs_comp":0.9555537773},"('mean', 2, 0.333333, 0.01, 0.125)":{"counter_culture":0.0005183605,"herd_immunity":0.9578818913,"obs_comp":0.9548827836},"('mean', 2, 0.333333, 0.01, 0.15)":{"counter_culture":0.0006289084,"herd_immunity":0.9563164503,"obs_comp":0.9523173587},"('mean', 2, 0.333333, 0.01, 0.175)":{"counter_culture":0.0006028274,"herd_immunity":0.9573847622,"obs_comp":0.9523392905},"('mean', 2, 0.333333, 0.01, 0.2)":{"counter_culture":0.0006582496,"herd_immunity":0.9560487071,"obs_comp":0.9504134436},"('mean', 2, 0.333333, 0.01, 0.225)":{"counter_culture":0.0007779852,"herd_immunity":0.9562356767,"obs_comp":0.949134584},"('mean', 2, 0.333333, 0.01, 0.25)":{"counter_culture":0.0008174032,"herd_immunity":0.9555756384,"obs_comp":0.9477783705},"('mean', 2, 0.333333, 0.01, 0.275)":{"counter_culture":0.0007969533,"herd_immunity":0.9555731055,"obs_comp":0.9467416496},"('mean', 2, 0.333333, 0.01, 0.3)":{"counter_culture":0.0011665333,"herd_immunity":0.9545215242,"obs_comp":0.9446403485},"('mean', 2, 0.333333, 0.01, 0.325)":{"counter_culture":0.0009703328,"herd_immunity":0.9540244738,"obs_comp":0.9425538662},"('mean', 2, 0.333333, 0.01, 0.35)":{"counter_culture":0.0011706826,"herd_immunity":0.9540983084,"obs_comp":0.9408757891},"('mean', 2, 0.333333, 0.01, 0.375)":{"counter_culture":0.001141045,"herd_immunity":0.9533606147,"obs_comp":0.9393115201},"('mean', 2, 0.333333, 0.01, 0.4)":{"counter_culture":0.0012652263,"herd_immunity":0.9533267688,"obs_comp":0.9375074835},"('mean', 2, 0.333333, 0.01, 0.425)":{"counter_culture":0.0018111496,"herd_immunity":0.9526021045,"obs_comp":0.9348353635},"('mean', 2, 0.333333, 0.01, 0.45)":{"counter_culture":0.0020698853,"herd_immunity":0.9516729129,"obs_comp":0.9325307489},"('mean', 2, 0.333333, 0.01, 0.475)":{"counter_culture":0.0023680389,"herd_immunity":0.9507389855,"obs_comp":0.9293704988},"('mean', 2, 0.333333, 0.01, 0.5)":{"counter_culture":0.0028742479,"herd_immunity":0.9503728366,"obs_comp":0.9273367713},"('mean', 2, 0.333333, 0.01, 0.525)":{"counter_culture":0.003747666,"herd_immunity":0.9499926627,"obs_comp":0.9236783142},"('mean', 2, 0.333333, 0.01, 0.55)":{"counter_culture":0.0035496873,"herd_immunity":0.9505636544,"obs_comp":0.921761655},"('mean', 2, 0.333333, 0.01, 0.575)":{"counter_culture":0.0048027622,"herd_immunity":0.9487532682,"obs_comp":0.9170744791},"('mean', 2, 0.333333, 0.01, 0.6)":{"counter_culture":0.0058024362,"herd_immunity":0.949181169,"obs_comp":0.9144720074},"('mean', 2, 0.333333, 0.01, 0.625)":{"counter_culture":0.0072398566,"herd_immunity":0.948626296,"obs_comp":0.9104902048},"('mean', 2, 0.333333, 0.01, 0.65)":{"counter_culture":0.0096022643,"herd_immunity":0.9476897667,"obs_comp":0.906148899},"('mean', 2, 0.333333, 0.01, 0.675)":{"counter_culture":0.0134118728,"herd_immunity":0.9469077696,"obs_comp":0.9004036632},"('mean', 2, 0.333333, 0.01, 0.7)":{"counter_culture":0.019238019,"herd_immunity":0.9459580991,"obs_comp":0.8954076643},"('mean', 2, 0.333333, 0.01, 0.725)":{"counter_culture":0.0255404404,"herd_immunity":0.9462953974,"obs_comp":0.8896037462},"('mean', 2, 0.333333, 0.01, 0.75)":{"counter_culture":0.0381559527,"herd_immunity":0.9451731741,"obs_comp":0.8814412732},"('mean', 2, 0.333333, 0.01, 0.775)":{"counter_culture":0.0498746332,"herd_immunity":0.9452304126,"obs_comp":0.8743416022},"('mean', 2, 0.333333, 0.01, 0.8)":{"counter_culture":0.0652683679,"herd_immunity":0.943526041,"obs_comp":0.8642559497},"('mean', 2, 0.333333, 0.01, 0.825)":{"counter_culture":0.0825909131,"herd_immunity":0.943173823,"obs_comp":0.8524602116},"('mean', 2, 0.333333, 0.01, 0.85)":{"counter_culture":0.1003926973,"herd_immunity":0.9423076323,"obs_comp":0.8400711301},"('mean', 2, 0.333333, 0.01, 0.875)":{"counter_culture":0.1222649003,"herd_immunity":0.9418203929,"obs_comp":0.824057971},"('mean', 2, 0.333333, 0.01, 0.9)":{"counter_culture":0.147882991,"herd_immunity":0.9417764352,"obs_comp":0.8044690436},"('mean', 2, 0.333333, 0.01, 0.925)":{"counter_culture":0.1783127352,"herd_immunity":0.9411174605,"obs_comp":0.7801849382},"('mean', 2, 0.333333, 0.01, 0.95)":{"counter_culture":0.2188079784,"herd_immunity":0.9395097609,"obs_comp":0.7459950802},"('mean', 2, 0.333333, 0.01, 0.975)":{"counter_culture":0.2707987315,"herd_immunity":0.9385209068,"obs_comp":0.7007240449},"('mean', 2, 0.333333, 0.01, 1.0)":{"counter_culture":0.3532198216,"herd_immunity":null,"obs_comp":0.625970481}}