{"('mean', 2, 0.333333, 0.01, 0.0)":{"counter_culture":0.0289876463,"herd_immunity":0.8915645602,"obs_comp":0.8921649328},"('mean', 2, 0.333333, 0.01, 0.025)":{"counter_culture":0.0297329866,"herd_immunity":0.8911607955,"obs_comp":0.89095557},"('mean', 2, 0.333333, 0.01, 0.05)":{"counter_culture":0.029647811,"herd_immunity":0.8911385889,"obs_comp":0.8896174686},"('mean', 2, 0.333333, 0.01, 0.075)":{"counter_culture":0.0267280017,"herd_immunity":0.8933673093,"obs_comp":0.890964456},"('mean', 2, 0.333333, 0.01, 0.1)":{"counter_culture":0.0293925011,"herd_immunity":0.8907633138,"obs_comp":0.8874150412},"('mean', 2, 0.333333, 0.01, 0.125)":{"counter_culture":0.0327804508,"herd_immunity":0.8874030373,"obs_comp":0.8831469441},"('mean', 2, 0.333333, 0.01, 0.15)":{"counter_culture":0.0315784569,"herd_immunity":0.8882872254,"obs_comp":0.8827949718},"('mean', 2, 0.333333, 0.01, 0.175)":{"counter_culture":0.0340257911,"herd_immunity":0.8859010097,"obs_comp":0.8789185089},"('mean', 2, 0.333333, 0.01, 0.2)":{"counter_culture":0.0341218032,"herd_immunity":0.8864267139,"obs_comp":0.8781564803},"('mean', 2, 0.333333, 0.01, 0.225)":{"counter_culture":0.0349711747,"herd_immunity":0.8850735483,"obs_comp":0.8752267013},"('mean', 2, 0.333333, 0.01, 0.25)":{"counter_culture":0.0357297356,"herd_immunity":0.8850326787,"obs_comp":0.873798873},"('mean', 2, 0.333333, 0.01, 0.275)":{"counter_culture":0.036171218,"herd_immunity":0.8851323838,"obs_comp":0.8720615518},"('mean', 2, 0.333333, 0.01, 0.3)":{"counter_culture":0.0382639792,"herd_immunity":0.8833650497,"obs_comp":0.8688274816},"('mean', 2, 0.333333, 0.01, 0.325)":{"counter_culture":0.0389239272,"herd_immunity":0.8829732398,"obs_comp":0.8672095795},"('mean', 2, 0.333333, 0.01, 0.35)":{"counter_culture":0.0413062419,"herd_immunity":0.881016315,"obs_comp":0.8629928479},"('mean', 2, 0.333333, 0.01, 0.375)":{"counter_culture":0.0407624621,"herd_immunity":0.8821375864,"obs_comp":0.8618112267},"('mean', 2, 0.333333, 0.01, 0.4)":{"counter_culture":0.0450394452,"herd_immunity":0.879350583,"obs_comp":0.8570530993},"('mean', 2, 0.333333, 0.01, 0.425)":{"counter_culture":0.0438612917,"herd_immunity":0.8811414956,"obs_comp":0.8566762029},"('mean', 2, 0.333333, 0.01, 0.45)":{"counter_culture":0.044100997,"herd_immunity":0.8817068542,"obs_comp":0.8547464239},"('mean', 2, 0.333333, 0.01, 0.475)":{"counter_culture":0.0492384049,"herd_immunity":0.8776145226,"obs_comp":0.8482056784},"('mean', 2, 0.333333, 0.01, 0.5)":{"counter_culture":0.0498023407,"herd_immunity":0.8789629315,"obs_comp":0.8461586476},"('mean', 2, 0.333333, 0.01, 0.525)":{"counter_culture":0.0526083658,"herd_immunity":0.8772716454,"obs_comp":0.8422301691},"('mean', 2, 0.333333, 0.01, 0.55)":{"counter_culture":0.0553487213,"herd_immunity":0.8766171324,"obs_comp":0.8381213697},"('mean', 2, 0.333333, 0.01, 0.575)":{"counter_culture":0.0614724751,"herd_immunity":0.8740784889,"obs_comp":0.8316627655},"('mean', 2, 0.333333, 0.01, 0.6)":{"counter_culture":0.0663970524,"herd_immunity":0.8730224676,"obs_comp":0.8263580407},"('mean', 2, 0.333333, 0.01, 0.625)":{"counter_culture":0.0678086259,"herd_immunity":0.8738826092,"obs_comp":0.8228478544},"('mean', 2, 0.333333, 0.01, 0.65)":{"counter_culture":0.0722780668,"herd_immunity":0.874113082,"obs_comp":0.8181928912},"('mean', 2, 0.333333, 0.01, 0.675)":{"counter_culture":0.0797026441,"herd_immunity":0.8724601077,"obs_comp":0.8103931513},"('mean', 2, 0.333333, 0.01, 0.7)":{"counter_culture":0.0814906805,"herd_immunity":0.8752793796,"obs_comp":0.8083248808},"('mean', 2, 0.333333, 0.01, 0.725)":{"counter_culture":0.0961653663,"herd_immunity":0.8686178681,"obs_comp":0.7951371912},"('mean', 2, 0.333333, 0.01, 0.75)":{"counter_culture":0.1032986563,"herd_immunity":0.870654426,"obs_comp":0.7890940616},"('mean', 2, 0.333333, 0.01, 0.775)":{"counter_culture":0.1156434764,"herd_immunity":0.8683750333,"obs_comp":0.7786597313},"('mean', 2, 0.333333, 0.01, 0.8)":{"counter_culture":0.1300485479,"herd_immunity":0.8681983542,"obs_comp":0.7678374512},"('mean', 2, 0.333333, 0.01, 0.825)":{"counter_culture":0.1459510186,"herd_immunity":0.8667851338,"obs_comp":0.7560160381},"('mean', 2, 0.333333, 0.01, 0.85)":{"counter_culture":0.1665117035,"herd_immunity":0.8634150596,"obs_comp":0.7407030776},"('mean', 2, 0.333333, 0.01, 0.875)":{"counter_culture":0.1880515821,"herd_immunity":0.8636759798,"obs_comp":0.7256105332},"('mean', 2, 0.333333, 0.01, 0.9)":{"counter_culture":0.215638925,"herd_immunity":0.8617967129,"obs_comp":0.7051902904},"('mean', 2, 0.333333, 0.01, 0.925)":{"counter_culture":0.2432917208,"herd_immunity":0.8644568327,"obs_comp":0.6846140009},"('mean', 2, 0.333333, 0.01, 0.95)":{"counter_culture":0.2792930212,"herd_immunity":0.8640344479,"obs_comp":0.6571610316},"('mean', 2, 0.333333, 0.01, 0.975)":{"counter_culture":0.3276651495,"herd_immunity":0.8560669657,"obs_comp":0.61818899},"('mean', 2, 0.333333, 0.01, 1.0)":{"counter_culture":0.3821796706,"herd_immunity":null,"obs_comp":0.5735567837}}