{"('mean', 2, 0.333333, 0.01, 0.0)":{"counter_culture":0.0016866724,"herd_immunity":0.9564620293,"obs_comp":0.956553887},"('mean', 2, 0.333333, 0.01, 0.025)":{"counter_culture":0.0017049481,"herd_immunity":0.9561383952,"obs_comp":0.9558298316},"('mean', 2, 0.333333, 0.01, 0.05)":{"counter_culture":0.0017334081,"herd_immunity":0.9555733852,"obs_comp":0.9548161541},"('mean', 2, 0.333333, 0.01, 0.075)":{"counter_culture":0.0017908861,"herd_immunity":0.9546361565,"obs_comp":0.953500159},"('mean', 2, 0.333333, 0.01, 0.1)":{"counter_culture":0.0018334366,"herd_immunity":0.9544662216,"obs_comp":0.9525595846},"('mean', 2, 0.333333, 0.01, 0.125)":{"counter_culture":0.0018666399,"herd_immunity":0.9545174907,"obs_comp":0.9517497307},"('mean', 2, 0.333333, 0.01, 0.15)":{"counter_culture":0.0019111435,"herd_immunity":0.9539614445,"obs_comp":0.9505860803},"('mean', 2, 0.333333, 0.01, 0.175)":{"counter_culture":0.0019010988,"herd_immunity":0.9538160106,"obs_comp":0.9497880848},"('mean', 2, 0.333333, 0.01, 0.2)":{"counter_culture":0.0019492296,"herd_immunity":0.95366522,"obs_comp":0.9486662872},"('mean', 2, 0.333333, 0.01, 0.225)":{"counter_culture":0.0020090793,"herd_immunity":0.9532251002,"obs_comp":0.9475793671},"('mean', 2, 0.333333, 0.01, 0.25)":{"counter_culture":0.0020844145,"herd_immunity":0.9523739964,"obs_comp":0.946156089},"('mean', 2, 0.333333, 0.01, 0.275)":{"counter_culture":0.0021333824,"herd_immunity":0.9521448366,"obs_comp":0.9448880853},"('mean', 2, 0.333333, 0.01, 0.3)":{"counter_culture":0.0021714686,"herd_immunity":0.9518256105,"obs_comp":0.9435970625},"('mean', 2, 0.333333, 0.01, 0.325)":{"counter_culture":0.0022582436,"herd_immunity":0.9511417125,"obs_comp":0.9417879006},"('mean', 2, 0.333333, 0.01, 0.35)":{"counter_culture":0.0022749848,"herd_immunity":0.9511207868,"obs_comp":0.9406702883},"('mean', 2, 0.333333, 0.01, 0.375)":{"counter_culture":0.0022894938,"herd_immunity":0.951033815,"obs_comp":0.939501476},"('mean', 2, 0.333333, 0.01, 0.4)":{"counter_culture":0.0024489534,"herd_immunity":0.9499662862,"obs_comp":0.9373556772},"('mean', 2, 0.333333, 0.01, 0.425)":{"counter_culture":0.0025088031,"herd_immunity":0.949678976,"obs_comp":0.9357900993},"('mean', 2, 0.333333, 0.01, 0.45)":{"counter_culture":0.0025899977,"herd_immunity":0.9492615574,"obs_comp":0.9340230693},"('mean', 2, 0.333333, 0.01, 0.475)":{"counter_culture":0.002794798,"herd_immunity":0.9488510324,"obs_comp":0.9319382363},"('mean', 2, 0.333333, 0.01, 0.5)":{"counter_culture":0.0028970586,"herd_immunity":0.9482728539,"obs_comp":0.9297049649},"('mean', 2, 0.333333, 0.01, 0.525)":{"counter_culture":0.0032334165,"herd_immunity":0.947348912,"obs_comp":0.9269315119},"('mean', 2, 0.333333, 0.01, 0.55)":{"counter_culture":0.0033303757,"herd_immunity":0.9478176119,"obs_comp":0.9250472938},"('mean', 2, 0.333333, 0.01, 0.575)":{"counter_culture":0.0037768068,"herd_immunity":0.9467067787,"obs_comp":0.9219637107},"('mean', 2, 0.333333, 0.01, 0.6)":{"counter_culture":0.0039326391,"herd_immunity":0.9465870761,"obs_comp":0.9196694736},"('mean', 2, 0.333333, 0.01, 0.625)":{"counter_culture":0.004678737,"herd_immunity":0.9461803665,"obs_comp":0.9161150453},"('mean', 2, 0.333333, 0.01, 0.65)":{"counter_culture":0.0060693698,"herd_immunity":0.9446711907,"obs_comp":0.9120240626},"('mean', 2, 0.333333, 0.01, 0.675)":{"counter_culture":0.0069399104,"herd_immunity":0.9449769102,"obs_comp":0.908494467},"('mean', 2, 0.333333, 0.01, 0.7)":{"counter_culture":0.0089372709,"herd_immunity":0.9441411367,"obs_comp":0.9043081993},"('mean', 2, 0.333333, 0.01, 0.725)":{"counter_culture":0.0113357217,"herd_immunity":0.9435841837,"obs_comp":0.8995165989},"('mean', 2, 0.333333, 0.01, 0.75)":{"counter_culture":0.0157647364,"herd_immunity":0.9430421471,"obs_comp":0.8940144755},"('mean', 2, 0.333333, 0.01, 0.775)":{"counter_culture":0.0208839056,"herd_immunity":0.9433182348,"obs_comp":0.8887913716},"('mean', 2, 0.333333, 0.01, 0.8)":{"counter_culture":0.0324503764,"herd_immunity":0.9424629182,"obs_comp":0.8802519824},"('mean', 2, 0.333333, 0.01, 0.825)":{"counter_culture":0.043856132,"herd_immunity":0.9429307331,"obs_comp":0.8731142473},"('mean', 2, 0.333333, 0.01, 0.85)":{"counter_culture":0.062640277,"herd_immunity":0.9411633546,"obs_comp":0.8611776572},"('mean', 2, 0.333333, 0.01, 0.875)":{"counter_culture":0.0824820451,"herd_immunity":0.9412965658,"obs_comp":0.8481913962},"('mean', 2, 0.333333, 0.01, 0.9)":{"counter_culture":0.1052719323,"herd_immunity":0.9404649545,"obs_comp":0.8320674223},"('mean', 2, 0.333333, 0.01, 0.925)":{"counter_culture":0.1352301073,"herd_immunity":0.9392881307,"obs_comp":0.8094950307},"('mean', 2, 0.333333, 0.01, 0.95)":{"counter_culture":0.1729275833,"herd_immunity":0.9400914758,"obs_comp":0.779519975},"('mean', 2, 0.333333, 0.01, 0.975)":{"counter_culture":0.2299177172,"herd_immunity":0.9370929368,"obs_comp":0.7314726924},"('mean', 2, 0.333333, 0.01, 1.0)":{"counter_culture":0.3239479573,"herd_immunity":null,"obs_comp":0.6485390543}}