{"('mean', 2, 0.333333, 0.01, 0.0)":{"counter_culture":0.0007100006,"herd_immunity":0.9863212864,"obs_comp":0.9863366094},"('mean', 2, 0.333333, 0.01, 0.025)":{"counter_culture":0.0006844725,"herd_immunity":0.9860230634,"obs_comp":0.9858877401},"('mean', 2, 0.333333, 0.01, 0.05)":{"counter_culture":0.0007381879,"herd_immunity":0.9858631774,"obs_comp":0.9856101219},"('mean', 2, 0.333333, 0.01, 0.075)":{"counter_culture":0.0007623865,"herd_immunity":0.9860239804,"obs_comp":0.9853069756},"('mean', 2, 0.333333, 0.01, 0.1)":{"counter_culture":0.0007764801,"herd_immunity":0.9857837347,"obs_comp":0.9847405706},"('mean', 2, 0.333333, 0.01, 0.125)":{"counter_culture":0.00081557,"herd_immunity":0.9856605289,"obs_comp":0.9843422256},"('mean', 2, 0.333333, 0.01, 0.15)":{"counter_culture":0.0009054503,"herd_immunity":0.985659619,"obs_comp":0.9839521242},"('mean', 2, 0.333333, 0.01, 0.175)":{"counter_culture":0.0009245963,"herd_immunity":0.9854233139,"obs_comp":0.9836234497},"('mean', 2, 0.333333, 0.01, 0.2)":{"counter_culture":0.0009091731,"herd_immunity":0.985271278,"obs_comp":0.9829081307},"('mean', 2, 0.333333, 0.01, 0.225)":{"counter_culture":0.0010328249,"herd_immunity":0.9851644798,"obs_comp":0.9824616546},"('mean', 2, 0.333333, 0.01, 0.25)":{"counter_culture":0.0010150084,"herd_immunity":0.9849207929,"obs_comp":0.9816801221},"('mean', 2, 0.333333, 0.01, 0.275)":{"counter_culture":0.00111978,"herd_immunity":0.9849950828,"obs_comp":0.9812315187},"('mean', 2, 0.333333, 0.01, 0.3)":{"counter_culture":0.0010862744,"herd_immunity":0.9848768455,"obs_comp":0.9804999787},"('mean', 2, 0.333333, 0.01, 0.325)":{"counter_culture":0.0012556641,"herd_immunity":0.9843183495,"obs_comp":0.9797551429},"('mean', 2, 0.333333, 0.01, 0.35)":{"counter_culture":0.0013317166,"herd_immunity":0.9843128909,"obs_comp":0.9792211798},"('mean', 2, 0.333333, 0.01, 0.375)":{"counter_culture":0.0014543047,"herd_immunity":0.9840333957,"obs_comp":0.9781476695},"('mean', 2, 0.333333, 0.01, 0.4)":{"counter_culture":0.001385166,"herd_immunity":0.9840362031,"obs_comp":0.9776033357},"('mean', 2, 0.333333, 0.01, 0.425)":{"counter_culture":0.0017300615,"herd_immunity":0.9836739378,"obs_comp":0.9764223945},"('mean', 2, 0.333333, 0.01, 0.45)":{"counter_culture":0.0019933201,"herd_immunity":0.9834755838,"obs_comp":0.9751212585},"('mean', 2, 0.333333, 0.01, 0.475)":{"counter_culture":0.0020911779,"herd_immunity":0.9831796888,"obs_comp":0.9740341864},"('mean', 2, 0.333333, 0.01, 0.5)":{"counter_culture":0.0022539196,"herd_immunity":0.9835006581,"obs_comp":0.9732021295},"('mean', 2, 0.333333, 0.01, 0.525)":{"counter_culture":0.0024911183,"herd_immunity":0.9832227789,"obs_comp":0.9719049822},"('mean', 2, 0.333333, 0.01, 0.55)":{"counter_culture":0.0029261599,"herd_immunity":0.9826016583,"obs_comp":0.9703405876},"('mean', 2, 0.333333, 0.01, 0.575)":{"counter_culture":0.003123471,"herd_immunity":0.9826689308,"obs_comp":0.9688261855},"('mean', 2, 0.333333, 0.01, 0.6)":{"counter_culture":0.0035226137,"herd_immunity":0.9823475365,"obs_comp":0.9670081052},"('mean', 2, 0.333333, 0.01, 0.625)":{"counter_culture":0.0041581573,"herd_immunity":0.9825719325,"obs_comp":0.9651376391},"('mean', 2, 0.333333, 0.01, 0.65)":{"counter_culture":0.0052321995,"herd_immunity":0.9823829456,"obs_comp":0.9628486183},"('mean', 2, 0.333333, 0.01, 0.675)":{"counter_culture":0.0066397026,"herd_immunity":0.9816709941,"obs_comp":0.9593627013},"('mean', 2, 0.333333, 0.01, 0.7)":{"counter_culture":0.0074970217,"herd_immunity":0.9818085166,"obs_comp":0.9567122982},"('mean', 2, 0.333333, 0.01, 0.725)":{"counter_culture":0.0092172442,"herd_immunity":0.9815149491,"obs_comp":0.9535957411},"('mean', 2, 0.333333, 0.01, 0.75)":{"counter_culture":0.0114730253,"herd_immunity":0.9816771994,"obs_comp":0.9493381305},"('mean', 2, 0.333333, 0.01, 0.775)":{"counter_culture":0.0151586466,"herd_immunity":0.9810516045,"obs_comp":0.9444409875},"('mean', 2, 0.333333, 0.01, 0.8)":{"counter_culture":0.0208218989,"herd_immunity":0.9806372481,"obs_comp":0.9381355436},"('mean', 2, 0.333333, 0.01, 0.825)":{"counter_culture":0.0298391729,"herd_immunity":0.9804221293,"obs_comp":0.9300386113},"('mean', 2, 0.333333, 0.01, 0.85)":{"counter_culture":0.0439064927,"herd_immunity":0.9802539299,"obs_comp":0.9189955751},"('mean', 2, 0.333333, 0.01, 0.875)":{"counter_culture":0.0571417555,"herd_immunity":0.9801424124,"obs_comp":0.9092308061},"('mean', 2, 0.333333, 0.01, 0.9)":{"counter_culture":0.0818665305,"herd_immunity":0.9800788824,"obs_comp":0.890471366},"('mean', 2, 0.333333, 0.01, 0.925)":{"counter_culture":0.1115546621,"herd_immunity":0.9795612996,"obs_comp":0.8652022571},"('mean', 2, 0.333333, 0.01, 0.95)":{"counter_culture":0.1489230327,"herd_immunity":0.9790305919,"obs_comp":0.8322228604},"('mean', 2, 0.333333, 0.01, 0.975)":{"counter_culture":0.2104128109,"herd_immunity":0.979603512,"obs_comp":0.77520715},"('mean', 2, 0.333333, 0.01, 1.0)":{"counter_culture":0.3136381284,"herd_immunity":null,"obs_comp":0.6769590167}}