{"('mean', 2, 0.333333, 0.01, 0.0)":{"counter_culture":0.0015477202,"herd_immunity":0.940087304,"obs_comp":0.9405055225},"('mean', 2, 0.333333, 0.01, 0.025)":{"counter_culture":0.0015457378,"herd_immunity":0.9401542036,"obs_comp":0.9398453696},"('mean', 2, 0.333333, 0.01, 0.05)":{"counter_culture":0.0015916171,"herd_immunity":0.9393307117,"obs_comp":0.9383707165},"('mean', 2, 0.333333, 0.01, 0.075)":{"counter_culture":0.0016094591,"herd_immunity":0.9389643858,"obs_comp":0.9373517417},"('mean', 2, 0.333333, 0.01, 0.1)":{"counter_culture":0.0016318323,"herd_immunity":0.937838396,"obs_comp":0.9357901444},"('mean', 2, 0.333333, 0.01, 0.125)":{"counter_culture":0.0015927499,"herd_immunity":0.9379508544,"obs_comp":0.9350792976},"('mean', 2, 0.333333, 0.01, 0.15)":{"counter_culture":0.0016828094,"herd_immunity":0.9374783739,"obs_comp":0.9336156896},"('mean', 2, 0.333333, 0.01, 0.175)":{"counter_culture":0.0016958369,"herd_immunity":0.9370765737,"obs_comp":0.9327360521},"('mean', 2, 0.333333, 0.01, 0.2)":{"counter_culture":0.0017099972,"herd_immunity":0.9363489648,"obs_comp":0.930767488},"('mean', 2, 0.333333, 0.01, 0.225)":{"counter_culture":0.0016694987,"herd_immunity":0.9363132473,"obs_comp":0.9296156896},"('mean', 2, 0.333333, 0.01, 0.25)":{"counter_culture":0.001834891,"herd_immunity":0.9346751071,"obs_comp":0.927529595},"('mean', 2, 0.333333, 0.01, 0.275)":{"counter_culture":0.0019099405,"herd_immunity":0.9345479945,"obs_comp":0.9265448881},"('mean', 2, 0.333333, 0.01, 0.3)":{"counter_culture":0.0018711413,"herd_immunity":0.9341974379,"obs_comp":0.9248099688},"('mean', 2, 0.333333, 0.01, 0.325)":{"counter_culture":0.0020031153,"herd_immunity":0.9324967315,"obs_comp":0.922569527},"('mean', 2, 0.333333, 0.01, 0.35)":{"counter_culture":0.0019671481,"herd_immunity":0.9333393929,"obs_comp":0.9221619938},"('mean', 2, 0.333333, 0.01, 0.375)":{"counter_culture":0.0020249221,"herd_immunity":0.9320399227,"obs_comp":0.9195902011},"('mean', 2, 0.333333, 0.01, 0.4)":{"counter_culture":0.0020472954,"herd_immunity":0.9332158255,"obs_comp":0.9186598697},"('mean', 2, 0.333333, 0.01, 0.425)":{"counter_culture":0.0022934013,"herd_immunity":0.931964855,"obs_comp":0.9165780232},"('mean', 2, 0.333333, 0.01, 0.45)":{"counter_culture":0.0023293685,"herd_immunity":0.9310035176,"obs_comp":0.914242141},"('mean', 2, 0.333333, 0.01, 0.475)":{"counter_culture":0.0022868876,"herd_immunity":0.9308946541,"obs_comp":0.9120271878},"('mean', 2, 0.333333, 0.01, 0.5)":{"counter_culture":0.0023262532,"herd_immunity":0.9295747038,"obs_comp":0.909587369},"('mean', 2, 0.333333, 0.01, 0.525)":{"counter_culture":0.0024885302,"herd_immunity":0.928137373,"obs_comp":0.9061011045},"('mean', 2, 0.333333, 0.01, 0.55)":{"counter_culture":0.0024987256,"herd_immunity":0.9286412469,"obs_comp":0.9045018408},"('mean', 2, 0.333333, 0.01, 0.575)":{"counter_culture":0.0027700368,"herd_immunity":0.9277560405,"obs_comp":0.9015437553},"('mean', 2, 0.333333, 0.01, 0.6)":{"counter_culture":0.0029716794,"herd_immunity":0.9261809324,"obs_comp":0.8980203908},"('mean', 2, 0.333333, 0.01, 0.625)":{"counter_culture":0.0031812518,"herd_immunity":0.9257993999,"obs_comp":0.8950079298},"('mean', 2, 0.333333, 0.01, 0.65)":{"counter_culture":0.0036383461,"herd_immunity":0.9250254641,"obs_comp":0.8912480884},"('mean', 2, 0.333333, 0.01, 0.675)":{"counter_culture":0.0041498159,"herd_immunity":0.9248330545,"obs_comp":0.8870716511},"('mean', 2, 0.333333, 0.01, 0.7)":{"counter_culture":0.0053780799,"herd_immunity":0.924257307,"obs_comp":0.8827907108},"('mean', 2, 0.333333, 0.01, 0.725)":{"counter_culture":0.0066128575,"herd_immunity":0.9242027798,"obs_comp":0.8787929765},"('mean', 2, 0.333333, 0.01, 0.75)":{"counter_culture":0.0087199094,"herd_immunity":0.9228776836,"obs_comp":0.8724811668},"('mean', 2, 0.333333, 0.01, 0.775)":{"counter_culture":0.0138009063,"herd_immunity":0.9221290687,"obs_comp":0.8655933163},"('mean', 2, 0.333333, 0.01, 0.8)":{"counter_culture":0.0204675729,"herd_immunity":0.9218237848,"obs_comp":0.8593047295},"('mean', 2, 0.333333, 0.01, 0.825)":{"counter_culture":0.0331880487,"herd_immunity":0.9208565519,"obs_comp":0.8509354291},"('mean', 2, 0.333333, 0.01, 0.85)":{"counter_culture":0.0524885302,"herd_immunity":0.9206879423,"obs_comp":0.8394729538},"('mean', 2, 0.333333, 0.01, 0.875)":{"counter_culture":0.0744783347,"herd_immunity":0.9204172378,"obs_comp":0.8270501274},"('mean', 2, 0.333333, 0.01, 0.9)":{"counter_culture":0.1011387709,"herd_immunity":0.9197072619,"obs_comp":0.8088538658},"('mean', 2, 0.333333, 0.01, 0.925)":{"counter_culture":0.1340651374,"herd_immunity":0.917651472,"obs_comp":0.7856040782},"('mean', 2, 0.333333, 0.01, 0.95)":{"counter_culture":0.1781084679,"herd_immunity":0.9163684238,"obs_comp":0.7524678561},"('mean', 2, 0.333333, 0.01, 0.975)":{"counter_culture":0.2414630416,"herd_immunity":0.9178565697,"obs_comp":0.700943642},"('mean', 2, 0.333333, 0.01, 1.0)":{"counter_culture":0.3496762957,"herd_immunity":null,"obs_comp":0.6117762673}}