{"('mean', 2, 0.333333, 0.01, 0.0)":{"counter_culture":0.0004071097,"herd_immunity":0.964680388,"obs_comp":0.9647986781},"('mean', 2, 0.333333, 0.01, 0.025)":{"counter_culture":0.0004356913,"herd_immunity":0.9639385164,"obs_comp":0.9636205788},"('mean', 2, 0.333333, 0.01, 0.05)":{"counter_culture":0.0004496249,"herd_immunity":0.9635176993,"obs_comp":0.9626913183},"('mean', 2, 0.333333, 0.01, 0.075)":{"counter_culture":0.000471597,"herd_immunity":0.9633583403,"obs_comp":0.9621566631},"('mean', 2, 0.333333, 0.01, 0.1)":{"counter_culture":0.0004733834,"herd_immunity":0.9633051134,"obs_comp":0.9616280815},"('mean', 2, 0.333333, 0.01, 0.125)":{"counter_culture":0.0005021436,"herd_immunity":0.9629411677,"obs_comp":0.9604899964},"('mean', 2, 0.333333, 0.01, 0.15)":{"counter_culture":0.0004958914,"herd_immunity":0.9627467941,"obs_comp":0.9598715613},"('mean', 2, 0.333333, 0.01, 0.175)":{"counter_culture":0.0005178635,"herd_immunity":0.9623341,"obs_comp":0.9588808503},"('mean', 2, 0.333333, 0.01, 0.2)":{"counter_culture":0.0005462665,"herd_immunity":0.9617383791,"obs_comp":0.9576602358},"('mean', 2, 0.333333, 0.01, 0.225)":{"counter_culture":0.00057592,"herd_immunity":0.9615905386,"obs_comp":0.9565234012},"('mean', 2, 0.333333, 0.01, 0.25)":{"counter_culture":0.0005657378,"herd_immunity":0.9612940841,"obs_comp":0.9557643801},"('mean', 2, 0.333333, 0.01, 0.275)":{"counter_culture":0.0005977135,"herd_immunity":0.9607042287,"obs_comp":0.9546357628},"('mean', 2, 0.333333, 0.01, 0.3)":{"counter_culture":0.0006530904,"herd_immunity":0.9603248865,"obs_comp":0.9530975348},"('mean', 2, 0.333333, 0.01, 0.325)":{"counter_culture":0.0006220079,"herd_immunity":0.9604431423,"obs_comp":0.9523481601},"('mean', 2, 0.333333, 0.01, 0.35)":{"counter_culture":0.000678278,"herd_immunity":0.9594730164,"obs_comp":0.9508917471},"('mean', 2, 0.333333, 0.01, 0.375)":{"counter_culture":0.0007173991,"herd_immunity":0.9590800461,"obs_comp":0.9493563773},"('mean', 2, 0.333333, 0.01, 0.4)":{"counter_culture":0.0007500893,"herd_immunity":0.9589038575,"obs_comp":0.9478576277},"('mean', 2, 0.333333, 0.01, 0.425)":{"counter_culture":0.0008027867,"herd_immunity":0.9587802818,"obs_comp":0.946482851},"('mean', 2, 0.333333, 0.01, 0.45)":{"counter_culture":0.000812433,"herd_immunity":0.9586190792,"obs_comp":0.9449994641},"('mean', 2, 0.333333, 0.01, 0.475)":{"counter_culture":0.0008979993,"herd_immunity":0.9580997094,"obs_comp":0.9430025009},"('mean', 2, 0.333333, 0.01, 0.5)":{"counter_culture":0.0009730261,"herd_immunity":0.9572320576,"obs_comp":0.9411566631},"('mean', 2, 0.333333, 0.01, 0.525)":{"counter_culture":0.0010410861,"herd_immunity":0.95713348,"obs_comp":0.9395280457},"('mean', 2, 0.333333, 0.01, 0.55)":{"counter_culture":0.0011729189,"herd_immunity":0.9568307805,"obs_comp":0.9369149696},"('mean', 2, 0.333333, 0.01, 0.575)":{"counter_culture":0.0013928189,"herd_immunity":0.9561954899,"obs_comp":0.9341441586},"('mean', 2, 0.333333, 0.01, 0.6)":{"counter_culture":0.0017322258,"herd_immunity":0.9563089393,"obs_comp":0.9322917113},"('mean', 2, 0.333333, 0.01, 0.625)":{"counter_culture":0.0021132547,"herd_immunity":0.9555268515,"obs_comp":0.9289739193},"('mean', 2, 0.333333, 0.01, 0.65)":{"counter_culture":0.0028286888,"herd_immunity":0.9547369811,"obs_comp":0.9255655591},"('mean', 2, 0.333333, 0.01, 0.675)":{"counter_culture":0.0039521258,"herd_immunity":0.9541732594,"obs_comp":0.9222459807},"('mean', 2, 0.333333, 0.01, 0.7)":{"counter_culture":0.0054669525,"herd_immunity":0.9536704121,"obs_comp":0.9177792069},"('mean', 2, 0.333333, 0.01, 0.725)":{"counter_culture":0.0075653805,"herd_immunity":0.9530447305,"obs_comp":0.9131627367},"('mean', 2, 0.333333, 0.01, 0.75)":{"counter_culture":0.0109090747,"herd_immunity":0.9538999857,"obs_comp":0.9089792783},"('mean', 2, 0.333333, 0.01, 0.775)":{"counter_culture":0.0170266166,"herd_immunity":0.9526054161,"obs_comp":0.9018136835},"('mean', 2, 0.333333, 0.01, 0.8)":{"counter_culture":0.0247588424,"herd_immunity":0.9526411961,"obs_comp":0.8960071454},"('mean', 2, 0.333333, 0.01, 0.825)":{"counter_culture":0.0390183994,"herd_immunity":0.9519188849,"obs_comp":0.8869776706},"('mean', 2, 0.333333, 0.01, 0.85)":{"counter_culture":0.0555325116,"herd_immunity":0.9522341004,"obs_comp":0.8760526974},"('mean', 2, 0.333333, 0.01, 0.875)":{"counter_culture":0.0751593426,"herd_immunity":0.9500726535,"obs_comp":0.8623688817},"('mean', 2, 0.333333, 0.01, 0.9)":{"counter_culture":0.0984919614,"herd_immunity":0.9497195675,"obs_comp":0.8455902108},"('mean', 2, 0.333333, 0.01, 0.925)":{"counter_culture":0.1274632011,"herd_immunity":0.9512472543,"obs_comp":0.8233590568},"('mean', 2, 0.333333, 0.01, 0.95)":{"counter_culture":0.1708270811,"herd_immunity":0.9487054705,"obs_comp":0.7876320114},"('mean', 2, 0.333333, 0.01, 0.975)":{"counter_culture":0.2333835298,"herd_immunity":0.947603017,"obs_comp":0.7334683816},"('mean', 2, 0.333333, 0.01, 1.0)":{"counter_culture":0.3447511611,"herd_immunity":null,"obs_comp":0.6322329403}}