{"('mean', 2, 0.333333, 0.01, 0.0)":{"counter_culture":0.0012063109,"herd_immunity":0.955156857,"obs_comp":0.9554710252},"('mean', 2, 0.333333, 0.01, 0.025)":{"counter_culture":0.0012222819,"herd_immunity":0.9547486629,"obs_comp":0.9544289409},"('mean', 2, 0.333333, 0.01, 0.05)":{"counter_culture":0.0012621545,"herd_immunity":0.9542158883,"obs_comp":0.9534456742},"('mean', 2, 0.333333, 0.01, 0.075)":{"counter_culture":0.0012975112,"herd_immunity":0.9538685331,"obs_comp":0.9523980826},"('mean', 2, 0.333333, 0.01, 0.1)":{"counter_culture":0.0013037894,"herd_immunity":0.9536163247,"obs_comp":0.9516692514},"('mean', 2, 0.333333, 0.01, 0.125)":{"counter_culture":0.0013470765,"herd_immunity":0.9533183876,"obs_comp":0.9507459037},"('mean', 2, 0.333333, 0.01, 0.15)":{"counter_culture":0.0014134941,"herd_immunity":0.9526074062,"obs_comp":0.9494762593},"('mean', 2, 0.333333, 0.01, 0.175)":{"counter_culture":0.0014403696,"herd_immunity":0.9519971778,"obs_comp":0.9480917334},"('mean', 2, 0.333333, 0.01, 0.2)":{"counter_culture":0.0015129553,"herd_immunity":0.951467067,"obs_comp":0.9471345711},"('mean', 2, 0.333333, 0.01, 0.225)":{"counter_culture":0.0015576743,"herd_immunity":0.9513506013,"obs_comp":0.9459838835},"('mean', 2, 0.333333, 0.01, 0.25)":{"counter_culture":0.0010323257,"herd_immunity":0.9660788054,"obs_comp":0.9636626073},"('mean', 2, 0.333333, 0.01, 0.275)":{"counter_culture":0.0016926022,"herd_immunity":0.9503494992,"obs_comp":0.943521366},"('mean', 2, 0.333333, 0.01, 0.3)":{"counter_culture":0.0016369788,"herd_immunity":0.9499412508,"obs_comp":0.9419771294},"('mean', 2, 0.333333, 0.01, 0.325)":{"counter_culture":0.0018028576,"herd_immunity":0.9494759086,"obs_comp":0.9408163085},"('mean', 2, 0.333333, 0.01, 0.35)":{"counter_culture":0.0018708172,"herd_immunity":0.9489119913,"obs_comp":0.9391730514},"('mean', 2, 0.333333, 0.01, 0.375)":{"counter_culture":0.002002551,"herd_immunity":0.9485930012,"obs_comp":0.9377218876},"('mean', 2, 0.333333, 0.01, 0.4)":{"counter_culture":0.0019519943,"herd_immunity":0.9485766379,"obs_comp":0.9365608464},"('mean', 2, 0.333333, 0.01, 0.425)":{"counter_culture":0.0020959541,"herd_immunity":0.947760167,"obs_comp":0.9347878382},"('mean', 2, 0.333333, 0.01, 0.45)":{"counter_culture":0.0021566442,"herd_immunity":0.9472648572,"obs_comp":0.9328279135},"('mean', 2, 0.333333, 0.01, 0.475)":{"counter_culture":0.002410529,"herd_immunity":0.9466912266,"obs_comp":0.9306288633},"('mean', 2, 0.333333, 0.01, 0.5)":{"counter_culture":0.0013719821,"herd_immunity":0.9637371524,"obs_comp":0.9568265685},"('mean', 2, 0.333333, 0.01, 0.525)":{"counter_culture":0.0027712547,"herd_immunity":0.9453868901,"obs_comp":0.9266820283},"('mean', 2, 0.333333, 0.01, 0.55)":{"counter_culture":0.0029781075,"herd_immunity":0.9451008323,"obs_comp":0.9245012623},"('mean', 2, 0.333333, 0.01, 0.575)":{"counter_culture":0.0032427866,"herd_immunity":0.944905819,"obs_comp":0.9223577254},"('mean', 2, 0.333333, 0.01, 0.6)":{"counter_culture":0.0035800514,"herd_immunity":0.9442750702,"obs_comp":0.9193912932},"('mean', 2, 0.333333, 0.01, 0.625)":{"counter_culture":0.0038002317,"herd_immunity":0.9441796797,"obs_comp":0.9172052403},"('mean', 2, 0.333333, 0.01, 0.65)":{"counter_culture":0.0045709181,"herd_immunity":0.9432494168,"obs_comp":0.91350469},"('mean', 2, 0.333333, 0.01, 0.675)":{"counter_culture":0.0052105316,"herd_immunity":0.9430209089,"obs_comp":0.9105312086},"('mean', 2, 0.333333, 0.01, 0.7)":{"counter_culture":0.00650595,"herd_immunity":0.9421340925,"obs_comp":0.9059663484},"('mean', 2, 0.333333, 0.01, 0.725)":{"counter_culture":0.0078057743,"herd_immunity":0.9417367662,"obs_comp":0.9019956118},"('mean', 2, 0.333333, 0.01, 0.75)":{"counter_culture":0.0036704513,"herd_immunity":0.9611669591,"obs_comp":0.944449078},"('mean', 2, 0.333333, 0.01, 0.775)":{"counter_culture":0.0139940654,"herd_immunity":0.9404294538,"obs_comp":0.8903367361},"('mean', 2, 0.333333, 0.01, 0.8)":{"counter_culture":0.0197034449,"herd_immunity":0.9401187974,"obs_comp":0.8845731651},"('mean', 2, 0.333333, 0.01, 0.825)":{"counter_culture":0.0295695964,"herd_immunity":0.9398765814,"obs_comp":0.8761709543},"('mean', 2, 0.333333, 0.01, 0.85)":{"counter_culture":0.0437950769,"herd_immunity":0.9387440452,"obs_comp":0.866398977},"('mean', 2, 0.333333, 0.01, 0.875)":{"counter_culture":0.0630418596,"herd_immunity":0.9383566906,"obs_comp":0.8540526847},"('mean', 2, 0.333333, 0.01, 0.9)":{"counter_culture":0.0860700392,"herd_immunity":0.9380436241,"obs_comp":0.8385893917},"('mean', 2, 0.333333, 0.01, 0.925)":{"counter_culture":0.1159058566,"herd_immunity":0.9374089038,"obs_comp":0.81676521},"('mean', 2, 0.333333, 0.01, 0.95)":{"counter_culture":0.1584049645,"herd_immunity":0.9363200767,"obs_comp":0.7838741833},"('mean', 2, 0.333333, 0.01, 0.975)":{"counter_culture":0.2188566481,"herd_immunity":0.9359444704,"obs_comp":0.7343874602},"('mean', 2, 0.333333, 0.01, 1.0)":{"counter_culture":0.102476688,"herd_immunity":null,"obs_comp":0.8590239339}}