{"('mean', 2, 0.333333, 0.01, 0.0)":{"counter_culture":0.0012145219,"herd_immunity":0.9550422925,"obs_comp":0.9553066919},"('mean', 2, 0.333333, 0.01, 0.025)":{"counter_culture":0.0012222389,"herd_immunity":0.954662129,"obs_comp":0.9543061152},"('mean', 2, 0.333333, 0.01, 0.05)":{"counter_culture":0.0012587934,"herd_immunity":0.9541090507,"obs_comp":0.9533326496},"('mean', 2, 0.333333, 0.01, 0.075)":{"counter_culture":0.0012988002,"herd_immunity":0.9538244262,"obs_comp":0.952358981},"('mean', 2, 0.333333, 0.01, 0.1)":{"counter_culture":0.0013099696,"herd_immunity":0.9534808905,"obs_comp":0.9515418873},"('mean', 2, 0.333333, 0.01, 0.125)":{"counter_culture":0.0013457118,"herd_immunity":0.9532288372,"obs_comp":0.9506538171},"('mean', 2, 0.333333, 0.01, 0.15)":{"counter_culture":0.0014111036,"herd_immunity":0.9525312916,"obs_comp":0.9493762388},"('mean', 2, 0.333333, 0.01, 0.175)":{"counter_culture":0.0014393318,"herd_immunity":0.9518565457,"obs_comp":0.9479341654},"('mean', 2, 0.333333, 0.01, 0.2)":{"counter_culture":0.0015074652,"herd_immunity":0.9514233143,"obs_comp":0.9470404089},"('mean', 2, 0.333333, 0.01, 0.225)":{"counter_culture":0.0015518383,"herd_immunity":0.9511848961,"obs_comp":0.9458416258},"('mean', 2, 0.333333, 0.01, 0.25)":{"counter_culture":0.0010463335,"herd_immunity":0.9656778621,"obs_comp":0.9631679829},"('mean', 2, 0.333333, 0.01, 0.275)":{"counter_culture":0.0016977515,"herd_immunity":0.9502221333,"obs_comp":0.9433553134},"('mean', 2, 0.333333, 0.01, 0.3)":{"counter_culture":0.0016343904,"herd_immunity":0.9498568558,"obs_comp":0.9419316188},"('mean', 2, 0.333333, 0.01, 0.325)":{"counter_culture":0.0017990886,"herd_immunity":0.9492973911,"obs_comp":0.9406092613},"('mean', 2, 0.333333, 0.01, 0.35)":{"counter_culture":0.0018638712,"herd_immunity":0.9488864008,"obs_comp":0.9391214948},"('mean', 2, 0.333333, 0.01, 0.375)":{"counter_culture":0.0020217661,"herd_immunity":0.9484145154,"obs_comp":0.9374741073},"('mean', 2, 0.333333, 0.01, 0.4)":{"counter_culture":0.0019573897,"herd_immunity":0.9484424651,"obs_comp":0.9363701626},"('mean', 2, 0.333333, 0.01, 0.425)":{"counter_culture":0.0021094968,"herd_immunity":0.9476152827,"obs_comp":0.9345627478},"('mean', 2, 0.333333, 0.01, 0.45)":{"counter_culture":0.0021689994,"herd_immunity":0.9471644427,"obs_comp":0.9326330785},"('mean', 2, 0.333333, 0.01, 0.475)":{"counter_culture":0.0024328007,"herd_immunity":0.9466447816,"obs_comp":0.9304797163},"('mean', 2, 0.333333, 0.01, 0.5)":{"counter_culture":0.0014061122,"herd_immunity":0.9632904008,"obs_comp":0.9560894789},"('mean', 2, 0.333333, 0.01, 0.525)":{"counter_culture":0.0027789511,"herd_immunity":0.9453403457,"obs_comp":0.9264395349},"('mean', 2, 0.333333, 0.01, 0.55)":{"counter_culture":0.0029859915,"herd_immunity":0.9449869797,"obs_comp":0.9242848526},"('mean', 2, 0.333333, 0.01, 0.575)":{"counter_culture":0.0033132555,"herd_immunity":0.9446731064,"obs_comp":0.9219979651},"('mean', 2, 0.333333, 0.01, 0.6)":{"counter_culture":0.0036259992,"herd_immunity":0.9441634089,"obs_comp":0.9191819518},"('mean', 2, 0.333333, 0.01, 0.625)":{"counter_culture":0.0038268456,"herd_immunity":0.9440358731,"obs_comp":0.9168766856},"('mean', 2, 0.333333, 0.01, 0.65)":{"counter_culture":0.0046006832,"herd_immunity":0.9431512752,"obs_comp":0.9131578787},"('mean', 2, 0.333333, 0.01, 0.675)":{"counter_culture":0.0052464786,"herd_immunity":0.9428315022,"obs_comp":0.9101189848},"('mean', 2, 0.333333, 0.01, 0.7)":{"counter_culture":0.0065678207,"herd_immunity":0.9420387141,"obs_comp":0.9056044077},"('mean', 2, 0.333333, 0.01, 0.725)":{"counter_culture":0.0079340436,"herd_immunity":0.9415770265,"obs_comp":0.9015152838},"('mean', 2, 0.333333, 0.01, 0.75)":{"counter_culture":0.0038212231,"herd_immunity":0.9606699201,"obs_comp":0.9432009345},"('mean', 2, 0.333333, 0.01, 0.775)":{"counter_culture":0.0139264362,"herd_immunity":0.9403666503,"obs_comp":0.8901037944},"('mean', 2, 0.333333, 0.01, 0.8)":{"counter_culture":0.0199961009,"herd_immunity":0.9399412237,"obs_comp":0.8839092353},"('mean', 2, 0.333333, 0.01, 0.825)":{"counter_culture":0.0296510471,"herd_immunity":0.9397329441,"obs_comp":0.8757677452},"('mean', 2, 0.333333, 0.01, 0.85)":{"counter_culture":0.0438520479,"herd_immunity":0.9387293993,"obs_comp":0.8660066895},"('mean', 2, 0.333333, 0.01, 0.875)":{"counter_culture":0.0634870719,"herd_immunity":0.9381220131,"obs_comp":0.8533445298},"('mean', 2, 0.333333, 0.01, 0.9)":{"counter_culture":0.086448247,"herd_immunity":0.9379894333,"obs_comp":0.837928601},"('mean', 2, 0.333333, 0.01, 0.925)":{"counter_culture":0.1167680376,"herd_immunity":0.9372612041,"obs_comp":0.8157679685},"('mean', 2, 0.333333, 0.01, 0.95)":{"counter_culture":0.1592922448,"herd_immunity":0.936154218,"obs_comp":0.7828695656},"('mean', 2, 0.333333, 0.01, 0.975)":{"counter_culture":0.220023009,"herd_immunity":0.9359129126,"obs_comp":0.7331655551},"('mean', 2, 0.333333, 0.01, 1.0)":{"counter_culture":0.1082939792,"herd_immunity":null,"obs_comp":0.8533656997}}