{"('mean', 2, 0.333333, 0.01, 0.0)":{"counter_culture":0.0018297681,"herd_immunity":0.9642273477,"obs_comp":0.9644474388},"('mean', 2, 0.333333, 0.01, 0.025)":{"counter_culture":0.0018505418,"herd_immunity":0.9638164889,"obs_comp":0.9636261299},"('mean', 2, 0.333333, 0.01, 0.05)":{"counter_culture":0.0018689761,"herd_immunity":0.9637862493,"obs_comp":0.9631521719},"('mean', 2, 0.333333, 0.01, 0.075)":{"counter_culture":0.0018863811,"herd_immunity":0.9637005784,"obs_comp":0.9628133363},"('mean', 2, 0.333333, 0.01, 0.1)":{"counter_culture":0.0019283963,"herd_immunity":0.9632809407,"obs_comp":0.9619009788},"('mean', 2, 0.333333, 0.01, 0.125)":{"counter_culture":0.0019644227,"herd_immunity":0.9628382749,"obs_comp":0.9610884659},"('mean', 2, 0.333333, 0.01, 0.15)":{"counter_culture":0.0019925888,"herd_immunity":0.96244419,"obs_comp":0.9602676249},"('mean', 2, 0.333333, 0.01, 0.175)":{"counter_culture":0.002008403,"herd_immunity":0.9626152528,"obs_comp":0.959818745},"('mean', 2, 0.333333, 0.01, 0.2)":{"counter_culture":0.0020758707,"herd_immunity":0.9620469231,"obs_comp":0.9588328374},"('mean', 2, 0.333333, 0.01, 0.225)":{"counter_culture":0.0020634252,"herd_immunity":0.961983744,"obs_comp":0.9581004248},"('mean', 2, 0.333333, 0.01, 0.25)":{"counter_culture":0.0021452099,"herd_immunity":0.9616948746,"obs_comp":0.9571141429},"('mean', 2, 0.333333, 0.01, 0.275)":{"counter_culture":0.0021746861,"herd_immunity":0.9610394083,"obs_comp":0.9561538749},"('mean', 2, 0.333333, 0.01, 0.3)":{"counter_culture":0.0022556285,"herd_immunity":0.9609047939,"obs_comp":0.9552943874},"('mean', 2, 0.333333, 0.01, 0.325)":{"counter_culture":0.0022840754,"herd_immunity":0.9606161936,"obs_comp":0.9541891715},"('mean', 2, 0.333333, 0.01, 0.35)":{"counter_culture":0.0023709131,"herd_immunity":0.9605215331,"obs_comp":0.9533182677},"('mean', 2, 0.333333, 0.01, 0.375)":{"counter_culture":0.0024247188,"herd_immunity":0.9599216721,"obs_comp":0.9520745607},"('mean', 2, 0.333333, 0.01, 0.4)":{"counter_culture":0.0024927479,"herd_immunity":0.9595710928,"obs_comp":0.9509195628},"('mean', 2, 0.333333, 0.01, 0.425)":{"counter_culture":0.002553291,"herd_immunity":0.9589926086,"obs_comp":0.9496271967},"('mean', 2, 0.333333, 0.01, 0.45)":{"counter_culture":0.0026241274,"herd_immunity":0.9593063575,"obs_comp":0.9485903842},"('mean', 2, 0.333333, 0.01, 0.475)":{"counter_culture":0.0028040724,"herd_immunity":0.9585164751,"obs_comp":0.9468487639},"('mean', 2, 0.333333, 0.01, 0.5)":{"counter_culture":0.0028050081,"herd_immunity":0.9582205959,"obs_comp":0.9454042446},"('mean', 2, 0.333333, 0.01, 0.525)":{"counter_culture":0.0029571613,"herd_immunity":0.958212176,"obs_comp":0.9439897629},"('mean', 2, 0.333333, 0.01, 0.55)":{"counter_culture":0.0032123407,"herd_immunity":0.95717401,"obs_comp":0.9421445549},"('mean', 2, 0.333333, 0.01, 0.575)":{"counter_culture":0.0032653042,"herd_immunity":0.9574394073,"obs_comp":0.9405184998},"('mean', 2, 0.333333, 0.01, 0.6)":{"counter_culture":0.0035162727,"herd_immunity":0.9570132604,"obs_comp":0.9383016114},"('mean', 2, 0.333333, 0.01, 0.625)":{"counter_culture":0.0037173657,"herd_immunity":0.9564727703,"obs_comp":0.9363853798},"('mean', 2, 0.333333, 0.01, 0.65)":{"counter_culture":0.0040899818,"herd_immunity":0.9559651212,"obs_comp":0.9334757547},"('mean', 2, 0.333333, 0.01, 0.675)":{"counter_culture":0.0044368649,"herd_immunity":0.9552447569,"obs_comp":0.9310342859},"('mean', 2, 0.333333, 0.01, 0.7)":{"counter_culture":0.0049441356,"herd_immunity":0.9553621628,"obs_comp":0.9280966818},"('mean', 2, 0.333333, 0.01, 0.725)":{"counter_culture":0.0055867161,"herd_immunity":0.9550058232,"obs_comp":0.9251492523},"('mean', 2, 0.333333, 0.01, 0.75)":{"counter_culture":0.0068406228,"herd_immunity":0.9547860019,"obs_comp":0.9212950798},"('mean', 2, 0.333333, 0.01, 0.775)":{"counter_culture":0.0085604402,"herd_immunity":0.9544280653,"obs_comp":0.9166360676},"('mean', 2, 0.333333, 0.01, 0.8)":{"counter_culture":0.0122051915,"herd_immunity":0.9539535536,"obs_comp":0.9109612973},"('mean', 2, 0.333333, 0.01, 0.825)":{"counter_culture":0.0177386634,"herd_immunity":0.9530696672,"obs_comp":0.904912133},"('mean', 2, 0.333333, 0.01, 0.85)":{"counter_culture":0.0283686112,"herd_immunity":0.9529805715,"obs_comp":0.8968697247},"('mean', 2, 0.333333, 0.01, 0.875)":{"counter_culture":0.0448217394,"herd_immunity":0.9527822336,"obs_comp":0.8873492973},"('mean', 2, 0.333333, 0.01, 0.9)":{"counter_culture":0.0658074598,"herd_immunity":0.952621387,"obs_comp":0.8739507421},"('mean', 2, 0.333333, 0.01, 0.925)":{"counter_culture":0.0928987704,"herd_immunity":0.9508428044,"obs_comp":0.8545233283},"('mean', 2, 0.333333, 0.01, 0.95)":{"counter_culture":0.1318272416,"herd_immunity":0.9504806427,"obs_comp":0.8238784085},"('mean', 2, 0.333333, 0.01, 0.975)":{"counter_culture":0.1938266614,"herd_immunity":0.9518444242,"obs_comp":0.7711529392},"('mean', 2, 0.333333, 0.01, 1.0)":{"counter_culture":0.3200671869,"herd_immunity":null,"obs_comp":0.6573855108}}