{"('mean', 2, 0.333333, 0.01, 0.0)":{"counter_culture":0.001063941,"herd_immunity":0.9680932126,"obs_comp":0.968347185},"('mean', 2, 0.333333, 0.01, 0.025)":{"counter_culture":0.0010565684,"herd_immunity":0.9681359682,"obs_comp":0.9678080429},"('mean', 2, 0.333333, 0.01, 0.05)":{"counter_culture":0.0010784182,"herd_immunity":0.9675608984,"obs_comp":0.966930563},"('mean', 2, 0.333333, 0.01, 0.075)":{"counter_culture":0.0011021448,"herd_immunity":0.9671220261,"obs_comp":0.9662040214},"('mean', 2, 0.333333, 0.01, 0.1)":{"counter_culture":0.0011190349,"herd_immunity":0.9668546883,"obs_comp":0.9654624665},"('mean', 2, 0.333333, 0.01, 0.125)":{"counter_culture":0.001119571,"herd_immunity":0.9666343192,"obs_comp":0.9644986595},"('mean', 2, 0.333333, 0.01, 0.15)":{"counter_culture":0.001183244,"herd_immunity":0.9660042609,"obs_comp":0.9633800268},"('mean', 2, 0.333333, 0.01, 0.175)":{"counter_culture":0.0012112601,"herd_immunity":0.9658884759,"obs_comp":0.9629812332},"('mean', 2, 0.333333, 0.01, 0.2)":{"counter_culture":0.0012021448,"herd_immunity":0.9656717935,"obs_comp":0.9621100536},"('mean', 2, 0.333333, 0.01, 0.225)":{"counter_culture":0.0012588472,"herd_immunity":0.9653930415,"obs_comp":0.9611203753},"('mean', 2, 0.333333, 0.01, 0.25)":{"counter_culture":0.0012932976,"herd_immunity":0.9651376973,"obs_comp":0.960230429},"('mean', 2, 0.333333, 0.01, 0.275)":{"counter_culture":0.0013124665,"herd_immunity":0.9646805238,"obs_comp":0.9590210456},"('mean', 2, 0.333333, 0.01, 0.3)":{"counter_culture":0.0013353887,"herd_immunity":0.9642129246,"obs_comp":0.9578886059},"('mean', 2, 0.333333, 0.01, 0.325)":{"counter_culture":0.0013467828,"herd_immunity":0.964233554,"obs_comp":0.9569085791},"('mean', 2, 0.333333, 0.01, 0.35)":{"counter_culture":0.0013903485,"herd_immunity":0.9636905754,"obs_comp":0.9557786863},"('mean', 2, 0.333333, 0.01, 0.375)":{"counter_culture":0.0014179625,"herd_immunity":0.9633956414,"obs_comp":0.9545426273},"('mean', 2, 0.333333, 0.01, 0.4)":{"counter_culture":0.0014579088,"herd_immunity":0.9632321902,"obs_comp":0.9534643432},"('mean', 2, 0.333333, 0.01, 0.425)":{"counter_culture":0.0015176944,"herd_immunity":0.9629946898,"obs_comp":0.9521241287},"('mean', 2, 0.333333, 0.01, 0.45)":{"counter_culture":0.0015558981,"herd_immunity":0.962387423,"obs_comp":0.9506737265},"('mean', 2, 0.333333, 0.01, 0.475)":{"counter_culture":0.0016049598,"herd_immunity":0.9621070956,"obs_comp":0.9491942359},"('mean', 2, 0.333333, 0.01, 0.5)":{"counter_culture":0.0017434316,"herd_immunity":0.9621169303,"obs_comp":0.9476099196},"('mean', 2, 0.333333, 0.01, 0.525)":{"counter_culture":0.0017241287,"herd_immunity":0.9616397706,"obs_comp":0.9460120643},"('mean', 2, 0.333333, 0.01, 0.55)":{"counter_culture":0.0019013405,"herd_immunity":0.9609799581,"obs_comp":0.9435274799},"('mean', 2, 0.333333, 0.01, 0.575)":{"counter_culture":0.0020323056,"herd_immunity":0.9607063158,"obs_comp":0.941630429},"('mean', 2, 0.333333, 0.01, 0.6)":{"counter_culture":0.0021041555,"herd_immunity":0.9604296895,"obs_comp":0.9394604558},"('mean', 2, 0.333333, 0.01, 0.625)":{"counter_culture":0.002338874,"herd_immunity":0.9601939788,"obs_comp":0.9368808311},"('mean', 2, 0.333333, 0.01, 0.65)":{"counter_culture":0.0027407507,"herd_immunity":0.9598041311,"obs_comp":0.933975067},"('mean', 2, 0.333333, 0.01, 0.675)":{"counter_culture":0.0032257373,"herd_immunity":0.9589752229,"obs_comp":0.9301782842},"('mean', 2, 0.333333, 0.01, 0.7)":{"counter_culture":0.0039256032,"herd_immunity":0.9588296009,"obs_comp":0.9268175603},"('mean', 2, 0.333333, 0.01, 0.725)":{"counter_culture":0.0047057641,"herd_immunity":0.9583332509,"obs_comp":0.9229457105},"('mean', 2, 0.333333, 0.01, 0.75)":{"counter_culture":0.0065206434,"herd_immunity":0.9575496903,"obs_comp":0.9182029491},"('mean', 2, 0.333333, 0.01, 0.775)":{"counter_culture":0.0094427614,"herd_immunity":0.9571882394,"obs_comp":0.9124686327},"('mean', 2, 0.333333, 0.01, 0.8)":{"counter_culture":0.0142864611,"herd_immunity":0.9571052653,"obs_comp":0.9062936997},"('mean', 2, 0.333333, 0.01, 0.825)":{"counter_culture":0.02415563,"herd_immunity":0.9564188829,"obs_comp":0.8976581769},"('mean', 2, 0.333333, 0.01, 0.85)":{"counter_culture":0.0372327078,"herd_immunity":0.9567514833,"obs_comp":0.888619571},"('mean', 2, 0.333333, 0.01, 0.875)":{"counter_culture":0.0576241287,"herd_immunity":0.9557923596,"obs_comp":0.8756801609},"('mean', 2, 0.333333, 0.01, 0.9)":{"counter_culture":0.0819730563,"herd_immunity":0.9549237248,"obs_comp":0.858733244},"('mean', 2, 0.333333, 0.01, 0.925)":{"counter_culture":0.113122118,"herd_immunity":0.9545100853,"obs_comp":0.8352703753},"('mean', 2, 0.333333, 0.01, 0.95)":{"counter_culture":0.157324933,"herd_immunity":0.9547104427,"obs_comp":0.800124933},"('mean', 2, 0.333333, 0.01, 0.975)":{"counter_culture":0.2245798928,"herd_immunity":0.9543440645,"obs_comp":0.742486193},"('mean', 2, 0.333333, 0.01, 1.0)":{"counter_culture":0.342533244,"herd_immunity":null,"obs_comp":0.6361797587}}