{"('mean', 2, 0.333333, 0.01, 0.0)":{"counter_culture":0.0003113771,"herd_immunity":0.9705975585,"obs_comp":0.9706995469},"('mean', 2, 0.333333, 0.01, 0.025)":{"counter_culture":0.000311978,"herd_immunity":0.969804652,"obs_comp":0.9694322866},"('mean', 2, 0.333333, 0.01, 0.05)":{"counter_culture":0.0003131797,"herd_immunity":0.9696677148,"obs_comp":0.9687304563},"('mean', 2, 0.333333, 0.01, 0.075)":{"counter_culture":0.0003211114,"herd_immunity":0.9696271926,"obs_comp":0.9681556525},"('mean', 2, 0.333333, 0.01, 0.1)":{"counter_culture":0.0003336097,"herd_immunity":0.9689761956,"obs_comp":0.9669062984},"('mean', 2, 0.333333, 0.01, 0.125)":{"counter_culture":0.0003403396,"herd_immunity":0.9686678786,"obs_comp":0.9660124262},"('mean', 2, 0.333333, 0.01, 0.15)":{"counter_culture":0.0003477906,"herd_immunity":0.9682481287,"obs_comp":0.9648744757},"('mean', 2, 0.333333, 0.01, 0.175)":{"counter_culture":0.0003523573,"herd_immunity":0.9680862514,"obs_comp":0.9642362188},"('mean', 2, 0.333333, 0.01, 0.2)":{"counter_culture":0.000355602,"herd_immunity":0.9676036338,"obs_comp":0.9629228107},"('mean', 2, 0.333333, 0.01, 0.225)":{"counter_culture":0.0003714653,"herd_immunity":0.9674666428,"obs_comp":0.9619023927},"('mean', 2, 0.333333, 0.01, 0.25)":{"counter_culture":0.0003962217,"herd_immunity":0.9671371877,"obs_comp":0.9607181743},"('mean', 2, 0.333333, 0.01, 0.275)":{"counter_culture":0.0004017498,"herd_immunity":0.9665638147,"obs_comp":0.9593707563},"('mean', 2, 0.333333, 0.01, 0.3)":{"counter_culture":0.0004150894,"herd_immunity":0.9662372252,"obs_comp":0.9580643184},"('mean', 2, 0.333333, 0.01, 0.325)":{"counter_culture":0.0004305921,"herd_immunity":0.9662354639,"obs_comp":0.9567358883},"('mean', 2, 0.333333, 0.01, 0.35)":{"counter_culture":0.0004861136,"herd_immunity":0.9654604224,"obs_comp":0.9547033445},"('mean', 2, 0.333333, 0.01, 0.375)":{"counter_culture":0.0004661643,"herd_immunity":0.9652316571,"obs_comp":0.9534585572},"('mean', 2, 0.333333, 0.01, 0.4)":{"counter_culture":0.000542236,"herd_immunity":0.9648753689,"obs_comp":0.9517911093},"('mean', 2, 0.333333, 0.01, 0.425)":{"counter_culture":0.0005377895,"herd_immunity":0.9644697879,"obs_comp":0.9499097475},"('mean', 2, 0.333333, 0.01, 0.45)":{"counter_culture":0.0005798512,"herd_immunity":0.9641785975,"obs_comp":0.9476846811},"('mean', 2, 0.333333, 0.01, 0.475)":{"counter_culture":0.0006524378,"herd_immunity":0.9637554396,"obs_comp":0.9456807393},"('mean', 2, 0.333333, 0.01, 0.5)":{"counter_culture":0.0006894521,"herd_immunity":0.9634397129,"obs_comp":0.9434221437},"('mean', 2, 0.333333, 0.01, 0.525)":{"counter_culture":0.0007787432,"herd_immunity":0.9628461105,"obs_comp":0.9411111512},"('mean', 2, 0.333333, 0.01, 0.55)":{"counter_culture":0.0008574587,"herd_immunity":0.9627080274,"obs_comp":0.9386731322},"('mean', 2, 0.333333, 0.01, 0.575)":{"counter_culture":0.0010648832,"herd_immunity":0.962241542,"obs_comp":0.9355644086},"('mean', 2, 0.333333, 0.01, 0.6)":{"counter_culture":0.0012411821,"herd_immunity":0.9618821526,"obs_comp":0.9325668481},"('mean', 2, 0.333333, 0.01, 0.625)":{"counter_culture":0.0015864489,"herd_immunity":0.9614535705,"obs_comp":0.9288037639},"('mean', 2, 0.333333, 0.01, 0.65)":{"counter_culture":0.0021659396,"herd_immunity":0.9605137746,"obs_comp":0.924902597},"('mean', 2, 0.333333, 0.01, 0.675)":{"counter_culture":0.0031164149,"herd_immunity":0.9601210959,"obs_comp":0.9204601555},"('mean', 2, 0.333333, 0.01, 0.7)":{"counter_culture":0.0054453137,"herd_immunity":0.9596850626,"obs_comp":0.9153448462},"('mean', 2, 0.333333, 0.01, 0.725)":{"counter_culture":0.0091551598,"herd_immunity":0.9600084228,"obs_comp":0.9106150629},"('mean', 2, 0.333333, 0.01, 0.75)":{"counter_culture":0.0169613392,"herd_immunity":0.958781533,"obs_comp":0.9037124899},"('mean', 2, 0.333333, 0.01, 0.775)":{"counter_culture":0.0279239524,"herd_immunity":0.958504774,"obs_comp":0.8964198243},"('mean', 2, 0.333333, 0.01, 0.8)":{"counter_culture":0.041275192,"herd_immunity":0.9578121933,"obs_comp":0.8883225775},"('mean', 2, 0.333333, 0.01, 0.825)":{"counter_culture":0.0555365276,"herd_immunity":0.9577158103,"obs_comp":0.8788747882},"('mean', 2, 0.333333, 0.01, 0.85)":{"counter_culture":0.0729850621,"herd_immunity":0.9573532217,"obs_comp":0.8668770956},"('mean', 2, 0.333333, 0.01, 0.875)":{"counter_culture":0.0936633378,"herd_immunity":0.9568976965,"obs_comp":0.8521897345},"('mean', 2, 0.333333, 0.01, 0.9)":{"counter_culture":0.1184586173,"herd_immunity":0.9558540335,"obs_comp":0.8336045715},"('mean', 2, 0.333333, 0.01, 0.925)":{"counter_culture":0.1508901467,"herd_immunity":0.9548012283,"obs_comp":0.8081890615},"('mean', 2, 0.333333, 0.01, 0.95)":{"counter_culture":0.190491161,"herd_immunity":0.9555695721,"obs_comp":0.7754555287},"('mean', 2, 0.333333, 0.01, 0.975)":{"counter_culture":0.249953011,"herd_immunity":0.9539989074,"obs_comp":0.723471416},"('mean', 2, 0.333333, 0.01, 1.0)":{"counter_culture":0.3461411352,"herd_immunity":null,"obs_comp":0.6358497074}}