{"('mean', 2, 0.333333, 0.01, 0.0)":{"counter_culture":0.0021135779,"herd_immunity":0.9612740111,"obs_comp":0.961523814},"('mean', 2, 0.333333, 0.01, 0.025)":{"counter_culture":0.0021015784,"herd_immunity":0.9611795047,"obs_comp":0.9610948823},"('mean', 2, 0.333333, 0.01, 0.05)":{"counter_culture":0.002132659,"herd_immunity":0.9608655108,"obs_comp":0.9603531777},"('mean', 2, 0.333333, 0.01, 0.075)":{"counter_culture":0.0021389538,"herd_immunity":0.9609698831,"obs_comp":0.9600651905},"('mean', 2, 0.333333, 0.01, 0.1)":{"counter_culture":0.0021774111,"herd_immunity":0.9605684284,"obs_comp":0.9592942741},"('mean', 2, 0.333333, 0.01, 0.125)":{"counter_culture":0.002228458,"herd_immunity":0.959849068,"obs_comp":0.9582829749},"('mean', 2, 0.333333, 0.01, 0.15)":{"counter_culture":0.0022327857,"herd_immunity":0.9598553038,"obs_comp":0.9578673213},"('mean', 2, 0.333333, 0.01, 0.175)":{"counter_culture":0.0022454736,"herd_immunity":0.9597964822,"obs_comp":0.9572388248},"('mean', 2, 0.333333, 0.01, 0.2)":{"counter_culture":0.0022799967,"herd_immunity":0.959185786,"obs_comp":0.9562344105},"('mean', 2, 0.333333, 0.01, 0.225)":{"counter_culture":0.0022704561,"herd_immunity":0.9591656018,"obs_comp":0.9555868328},"('mean', 2, 0.333333, 0.01, 0.25)":{"counter_culture":0.0023487477,"herd_immunity":0.9587843189,"obs_comp":0.9546388751},"('mean', 2, 0.333333, 0.01, 0.275)":{"counter_culture":0.0023664519,"herd_immunity":0.9584380141,"obs_comp":0.9538068794},"('mean', 2, 0.333333, 0.01, 0.3)":{"counter_culture":0.0024145481,"herd_immunity":0.9581431114,"obs_comp":0.952865905},"('mean', 2, 0.333333, 0.01, 0.325)":{"counter_culture":0.0024388421,"herd_immunity":0.9581270412,"obs_comp":0.9521228234},"('mean', 2, 0.333333, 0.01, 0.35)":{"counter_culture":0.0024859547,"herd_immunity":0.9575442613,"obs_comp":0.9509686125},"('mean', 2, 0.333333, 0.01, 0.375)":{"counter_culture":0.0024902824,"herd_immunity":0.9575593533,"obs_comp":0.949929872},"('mean', 2, 0.333333, 0.01, 0.4)":{"counter_culture":0.0025621808,"herd_immunity":0.9572362881,"obs_comp":0.9487566784},"('mean', 2, 0.333333, 0.01, 0.425)":{"counter_culture":0.0025661151,"herd_immunity":0.9569551178,"obs_comp":0.9477202},"('mean', 2, 0.333333, 0.01, 0.45)":{"counter_culture":0.002659947,"herd_immunity":0.9561656325,"obs_comp":0.9459238211},"('mean', 2, 0.333333, 0.01, 0.475)":{"counter_culture":0.0027145347,"herd_immunity":0.9558997258,"obs_comp":0.944751316},"('mean', 2, 0.333333, 0.01, 0.5)":{"counter_culture":0.0027503364,"herd_immunity":0.9560027515,"obs_comp":0.9435148793},"('mean', 2, 0.333333, 0.01, 0.525)":{"counter_culture":0.0028403324,"herd_immunity":0.9555629742,"obs_comp":0.941590834},"('mean', 2, 0.333333, 0.01, 0.55)":{"counter_culture":0.0028349228,"herd_immunity":0.9548343402,"obs_comp":0.9401459804},"('mean', 2, 0.333333, 0.01, 0.575)":{"counter_culture":0.0029839325,"herd_immunity":0.9552437546,"obs_comp":0.938477563},"('mean', 2, 0.333333, 0.01, 0.6)":{"counter_culture":0.0031111072,"herd_immunity":0.9545823666,"obs_comp":0.9362823494},"('mean', 2, 0.333333, 0.01, 0.625)":{"counter_culture":0.0033197208,"herd_immunity":0.9543575652,"obs_comp":0.9342719472},"('mean', 2, 0.333333, 0.01, 0.65)":{"counter_culture":0.0035081714,"herd_immunity":0.9538488918,"obs_comp":0.931513644},"('mean', 2, 0.333333, 0.01, 0.675)":{"counter_culture":0.0041125707,"herd_immunity":0.9535217202,"obs_comp":0.9285520383},"('mean', 2, 0.333333, 0.01, 0.7)":{"counter_culture":0.0046019915,"herd_immunity":0.9534252044,"obs_comp":0.9255027973},"('mean', 2, 0.333333, 0.01, 0.725)":{"counter_culture":0.0056169299,"herd_immunity":0.9530270232,"obs_comp":0.9220778352},"('mean', 2, 0.333333, 0.01, 0.75)":{"counter_culture":0.0071845321,"herd_immunity":0.9523859656,"obs_comp":0.91773875},"('mean', 2, 0.333333, 0.01, 0.775)":{"counter_culture":0.0093962695,"herd_immunity":0.9521238274,"obs_comp":0.9132803586},"('mean', 2, 0.333333, 0.01, 0.8)":{"counter_culture":0.013922035,"herd_immunity":0.9518777352,"obs_comp":0.9073095429},"('mean', 2, 0.333333, 0.01, 0.825)":{"counter_culture":0.0235948823,"herd_immunity":0.950900501,"obs_comp":0.8994900227},"('mean', 2, 0.333333, 0.01, 0.85)":{"counter_culture":0.0357798472,"herd_immunity":0.9510624676,"obs_comp":0.8915557208},"('mean', 2, 0.333333, 0.01, 0.875)":{"counter_culture":0.0554122505,"herd_immunity":0.9504237028,"obs_comp":0.8802005878},"('mean', 2, 0.333333, 0.01, 0.9)":{"counter_culture":0.0781142546,"herd_immunity":0.9505681049,"obs_comp":0.8647477358},"('mean', 2, 0.333333, 0.01, 0.925)":{"counter_culture":0.1076095295,"herd_immunity":0.9500024456,"obs_comp":0.8429235614},"('mean', 2, 0.333333, 0.01, 0.95)":{"counter_culture":0.1490934503,"herd_immunity":0.950070203,"obs_comp":0.8094122033},"('mean', 2, 0.333333, 0.01, 0.975)":{"counter_culture":0.2103379325,"herd_immunity":0.9494695755,"obs_comp":0.7562359842},"('mean', 2, 0.333333, 0.01, 1.0)":{"counter_culture":0.3199944527,"herd_immunity":null,"obs_comp":0.6563872562}}