{"('mean', 2, 0.333333, 0.01, 0.0)":{"counter_culture":0.0011186746,"herd_immunity":0.9630271958,"obs_comp":0.9631813336},"('mean', 2, 0.333333, 0.01, 0.025)":{"counter_culture":0.0012031493,"herd_immunity":0.962326677,"obs_comp":0.9620782416},"('mean', 2, 0.333333, 0.01, 0.05)":{"counter_culture":0.0012906312,"herd_immunity":0.9618047334,"obs_comp":0.9611022718},"('mean', 2, 0.333333, 0.01, 0.075)":{"counter_culture":0.0012714946,"herd_immunity":0.9614299542,"obs_comp":0.9602282731},"('mean', 2, 0.333333, 0.01, 0.1)":{"counter_culture":0.0012370486,"herd_immunity":0.9612631633,"obs_comp":0.9597974248},"('mean', 2, 0.333333, 0.01, 0.125)":{"counter_culture":0.0013179693,"herd_immunity":0.9610528173,"obs_comp":0.95867793},"('mean', 2, 0.333333, 0.01, 0.15)":{"counter_culture":0.001373739,"herd_immunity":0.9606575972,"obs_comp":0.9577243774},"('mean', 2, 0.333333, 0.01, 0.175)":{"counter_culture":0.0013628038,"herd_immunity":0.9604769684,"obs_comp":0.9568129254},"('mean', 2, 0.333333, 0.01, 0.2)":{"counter_culture":0.0014932065,"herd_immunity":0.9600197561,"obs_comp":0.9556978048},"('mean', 2, 0.333333, 0.01, 0.225)":{"counter_culture":0.0014666885,"herd_immunity":0.9595546665,"obs_comp":0.9547694032},"('mean', 2, 0.333333, 0.01, 0.25)":{"counter_culture":0.0015358539,"herd_immunity":0.9593472298,"obs_comp":0.953741491},"('mean', 2, 0.333333, 0.01, 0.275)":{"counter_culture":0.0015478827,"herd_immunity":0.9591838483,"obs_comp":0.9524410181},"('mean', 2, 0.333333, 0.01, 0.3)":{"counter_culture":0.001626343,"herd_immunity":0.958172481,"obs_comp":0.9506101862},"('mean', 2, 0.333333, 0.01, 0.325)":{"counter_culture":0.0017058968,"herd_immunity":0.958032886,"obs_comp":0.949538533},"('mean', 2, 0.333333, 0.01, 0.35)":{"counter_culture":0.0016085732,"herd_immunity":0.9578793492,"obs_comp":0.9481910386},"('mean', 2, 0.333333, 0.01, 0.375)":{"counter_culture":0.0018792203,"herd_immunity":0.9575341444,"obs_comp":0.9468476448},"('mean', 2, 0.333333, 0.01, 0.4)":{"counter_culture":0.0018398535,"herd_immunity":0.9569858556,"obs_comp":0.9454667979},"('mean', 2, 0.333333, 0.01, 0.425)":{"counter_culture":0.0018535225,"herd_immunity":0.9568623559,"obs_comp":0.9439145411},"('mean', 2, 0.333333, 0.01, 0.45)":{"counter_culture":0.0018784002,"herd_immunity":0.9563235972,"obs_comp":0.9418417671},"('mean', 2, 0.333333, 0.01, 0.475)":{"counter_culture":0.0020448891,"herd_immunity":0.9559016623,"obs_comp":0.9398529211},"('mean', 2, 0.333333, 0.01, 0.5)":{"counter_culture":0.0021788458,"herd_immunity":0.9553819966,"obs_comp":0.9378586074},"('mean', 2, 0.333333, 0.01, 0.525)":{"counter_culture":0.0023177233,"herd_immunity":0.9544990901,"obs_comp":0.9356223516},"('mean', 2, 0.333333, 0.01, 0.55)":{"counter_culture":0.0025878236,"herd_immunity":0.9547248537,"obs_comp":0.9336315919},"('mean', 2, 0.333333, 0.01, 0.575)":{"counter_culture":0.0025418956,"herd_immunity":0.954232414,"obs_comp":0.9307802291},"('mean', 2, 0.333333, 0.01, 0.6)":{"counter_culture":0.0030389021,"herd_immunity":0.9543377832,"obs_comp":0.9277249241},"('mean', 2, 0.333333, 0.01, 0.625)":{"counter_culture":0.0029596216,"herd_immunity":0.9539024363,"obs_comp":0.9254405533},"('mean', 2, 0.333333, 0.01, 0.65)":{"counter_culture":0.0039533612,"herd_immunity":0.9522451408,"obs_comp":0.9210238115},"('mean', 2, 0.333333, 0.01, 0.675)":{"counter_culture":0.0042253752,"herd_immunity":0.9519648396,"obs_comp":0.9176636868},"('mean', 2, 0.333333, 0.01, 0.7)":{"counter_culture":0.0055288554,"herd_immunity":0.9517601354,"obs_comp":0.913145794},"('mean', 2, 0.333333, 0.01, 0.725)":{"counter_culture":0.0069936302,"herd_immunity":0.9514636128,"obs_comp":0.908988764},"('mean', 2, 0.333333, 0.01, 0.75)":{"counter_culture":0.0111369912,"herd_immunity":0.9515265264,"obs_comp":0.9030870171},"('mean', 2, 0.333333, 0.01, 0.775)":{"counter_culture":0.0167754723,"herd_immunity":0.9505108302,"obs_comp":0.8972787665},"('mean', 2, 0.333333, 0.01, 0.8)":{"counter_culture":0.0269211843,"herd_immunity":0.9511738415,"obs_comp":0.8896703026},"('mean', 2, 0.333333, 0.01, 0.825)":{"counter_culture":0.0437896061,"herd_immunity":0.9495801692,"obs_comp":0.8791109653},"('mean', 2, 0.333333, 0.01, 0.85)":{"counter_culture":0.0609005167,"herd_immunity":0.9491347286,"obs_comp":0.8687588507},"('mean', 2, 0.333333, 0.01, 0.875)":{"counter_culture":0.0815990049,"herd_immunity":0.9487515165,"obs_comp":0.8547497198},"('mean', 2, 0.333333, 0.01, 0.9)":{"counter_culture":0.106750868,"herd_immunity":0.9476907921,"obs_comp":0.8366505372},"('mean', 2, 0.333333, 0.01, 0.925)":{"counter_culture":0.1395664179,"herd_immunity":0.9469293217,"obs_comp":0.8109726892},"('mean', 2, 0.333333, 0.01, 0.95)":{"counter_culture":0.1820000547,"herd_immunity":0.9468890894,"obs_comp":0.7762005522},"('mean', 2, 0.333333, 0.01, 0.975)":{"counter_culture":0.2451343667,"herd_immunity":0.9469043701,"obs_comp":0.7213882282},"('mean', 2, 0.333333, 0.01, 1.0)":{"counter_culture":0.3453243664,"herd_immunity":null,"obs_comp":0.6309363296}}