{"('mean', 2, 0.333333, 0.01, 0.0)":{"counter_culture":0.0016601124,"herd_immunity":0.9808890682,"obs_comp":0.9809835062},"('mean', 2, 0.333333, 0.01, 0.025)":{"counter_culture":0.0017383319,"herd_immunity":0.9806520919,"obs_comp":0.9805513541},"('mean', 2, 0.333333, 0.01, 0.05)":{"counter_culture":0.0017778738,"herd_immunity":0.9807261772,"obs_comp":0.9800826851},"('mean', 2, 0.333333, 0.01, 0.075)":{"counter_culture":0.0018092769,"herd_immunity":0.9805992029,"obs_comp":0.9796493086},"('mean', 2, 0.333333, 0.01, 0.1)":{"counter_culture":0.0018166235,"herd_immunity":0.980403889,"obs_comp":0.9791722846},"('mean', 2, 0.333333, 0.01, 0.125)":{"counter_culture":0.0019246615,"herd_immunity":0.9801993567,"obs_comp":0.9785645347},"('mean', 2, 0.333333, 0.01, 0.15)":{"counter_culture":0.0018944829,"herd_immunity":0.9799731743,"obs_comp":0.9779100403},"('mean', 2, 0.333333, 0.01, 0.175)":{"counter_culture":0.0020231922,"herd_immunity":0.9800302518,"obs_comp":0.977428839},"('mean', 2, 0.333333, 0.01, 0.2)":{"counter_culture":0.0021655143,"herd_immunity":0.9795143683,"obs_comp":0.9766153846},"('mean', 2, 0.333333, 0.01, 0.225)":{"counter_culture":0.002204552,"herd_immunity":0.9794532836,"obs_comp":0.9760469605},"('mean', 2, 0.333333, 0.01, 0.25)":{"counter_culture":0.0024412993,"herd_immunity":0.9789952454,"obs_comp":0.9750116681},"('mean', 2, 0.333333, 0.01, 0.275)":{"counter_culture":0.0023546528,"herd_immunity":0.9789835849,"obs_comp":0.9744364736},"('mean', 2, 0.333333, 0.01, 0.3)":{"counter_culture":0.0026290694,"herd_immunity":0.9785948239,"obs_comp":0.973463051},"('mean', 2, 0.333333, 0.01, 0.325)":{"counter_culture":0.0028074762,"herd_immunity":0.9786586113,"obs_comp":0.972653486},"('mean', 2, 0.333333, 0.01, 0.35)":{"counter_culture":0.0029423077,"herd_immunity":0.9782713726,"obs_comp":0.9715717373},"('mean', 2, 0.333333, 0.01, 0.375)":{"counter_culture":0.0031496687,"herd_immunity":0.9778111323,"obs_comp":0.9704320801},"('mean', 2, 0.333333, 0.01, 0.4)":{"counter_culture":0.0034753673,"herd_immunity":0.9777823931,"obs_comp":0.9694876116},"('mean', 2, 0.333333, 0.01, 0.425)":{"counter_culture":0.0036300058,"herd_immunity":0.9773642377,"obs_comp":0.9682193172},"('mean', 2, 0.333333, 0.01, 0.45)":{"counter_culture":0.0039920772,"herd_immunity":0.9769329832,"obs_comp":0.9667447421},"('mean', 2, 0.333333, 0.01, 0.475)":{"counter_culture":0.0040885912,"herd_immunity":0.9772034222,"obs_comp":0.9658191443},"('mean', 2, 0.333333, 0.01, 0.5)":{"counter_culture":0.004630654,"herd_immunity":0.9767223676,"obs_comp":0.9639603861},"('mean', 2, 0.333333, 0.01, 0.525)":{"counter_culture":0.0048763325,"herd_immunity":0.9767472698,"obs_comp":0.962698862},"('mean', 2, 0.333333, 0.01, 0.55)":{"counter_culture":0.0057263037,"herd_immunity":0.9763235542,"obs_comp":0.9606162489},"('mean', 2, 0.333333, 0.01, 0.575)":{"counter_culture":0.0062440219,"herd_immunity":0.975924949,"obs_comp":0.9583280755},"('mean', 2, 0.333333, 0.01, 0.6)":{"counter_culture":0.0073419044,"herd_immunity":0.9755417147,"obs_comp":0.9558342697},"('mean', 2, 0.333333, 0.01, 0.625)":{"counter_culture":0.0077995534,"herd_immunity":0.975548025,"obs_comp":0.954019807},"('mean', 2, 0.333333, 0.01, 0.65)":{"counter_culture":0.0086104149,"herd_immunity":0.9754516367,"obs_comp":0.9512801066},"('mean', 2, 0.333333, 0.01, 0.675)":{"counter_culture":0.0099692452,"herd_immunity":0.9753098323,"obs_comp":0.9482458225},"('mean', 2, 0.333333, 0.01, 0.7)":{"counter_culture":0.0121791271,"herd_immunity":0.974596133,"obs_comp":0.9442416451},"('mean', 2, 0.333333, 0.01, 0.725)":{"counter_culture":0.0146296456,"herd_immunity":0.9739127748,"obs_comp":0.9397608758},"('mean', 2, 0.333333, 0.01, 0.75)":{"counter_culture":0.0176711322,"herd_immunity":0.9741619421,"obs_comp":0.9349540478},"('mean', 2, 0.333333, 0.01, 0.775)":{"counter_culture":0.022213051,"herd_immunity":0.9736610166,"obs_comp":0.9289016854},"('mean', 2, 0.333333, 0.01, 0.8)":{"counter_culture":0.0280673437,"herd_immunity":0.9736495278,"obs_comp":0.9222107462},"('mean', 2, 0.333333, 0.01, 0.825)":{"counter_culture":0.0378525641,"herd_immunity":0.9731485616,"obs_comp":0.912937626},"('mean', 2, 0.333333, 0.01, 0.85)":{"counter_culture":0.0509417315,"herd_immunity":0.9731993992,"obs_comp":0.9023202967},"('mean', 2, 0.333333, 0.01, 0.875)":{"counter_culture":0.0691302218,"herd_immunity":0.9729613287,"obs_comp":0.8884157303},"('mean', 2, 0.333333, 0.01, 0.9)":{"counter_culture":0.0943852636,"herd_immunity":0.9724541094,"obs_comp":0.869352276},"('mean', 2, 0.333333, 0.01, 0.925)":{"counter_culture":0.1276665226,"herd_immunity":0.9720004494,"obs_comp":0.8424300634},"('mean', 2, 0.333333, 0.01, 0.95)":{"counter_culture":0.1710173581,"herd_immunity":0.9715505899,"obs_comp":0.8051066695},"('mean', 2, 0.333333, 0.01, 0.975)":{"counter_culture":0.2360391818,"herd_immunity":0.9714245002,"obs_comp":0.7460293143},"('mean', 2, 0.333333, 0.01, 1.0)":{"counter_culture":0.340789758,"herd_immunity":null,"obs_comp":0.647554019}}