{"('mean', 2, 0.333333, 0.01, 0.0)":{"counter_culture":0.0012217374,"herd_immunity":0.9444749887,"obs_comp":0.9448567588},"('mean', 2, 0.333333, 0.01, 0.025)":{"counter_culture":0.001334347,"herd_immunity":0.9442592963,"obs_comp":0.9438710388},"('mean', 2, 0.333333, 0.01, 0.05)":{"counter_culture":0.0012340782,"herd_immunity":0.9444036226,"obs_comp":0.9435384988},"('mean', 2, 0.333333, 0.01, 0.075)":{"counter_culture":0.0013041562,"herd_immunity":0.9435787815,"obs_comp":0.942391908},"('mean', 2, 0.333333, 0.01, 0.1)":{"counter_culture":0.0013867954,"herd_immunity":0.9429967894,"obs_comp":0.9411622372},"('mean', 2, 0.333333, 0.01, 0.125)":{"counter_culture":0.0014597382,"herd_immunity":0.9427721664,"obs_comp":0.9398195161},"('mean', 2, 0.333333, 0.01, 0.15)":{"counter_culture":0.0015042532,"herd_immunity":0.9424167003,"obs_comp":0.938605712},"('mean', 2, 0.333333, 0.01, 0.175)":{"counter_culture":0.0015399533,"herd_immunity":0.9417050996,"obs_comp":0.9374381859},"('mean', 2, 0.333333, 0.01, 0.2)":{"counter_culture":0.001633611,"herd_immunity":0.9411326416,"obs_comp":0.9359918903},"('mean', 2, 0.333333, 0.01, 0.225)":{"counter_culture":0.0016541055,"herd_immunity":0.940637484,"obs_comp":0.9344437833},"('mean', 2, 0.333333, 0.01, 0.25)":{"counter_culture":0.0017473225,"herd_immunity":0.9404606732,"obs_comp":0.9333694742},"('mean', 2, 0.333333, 0.01, 0.275)":{"counter_culture":0.0017920578,"herd_immunity":0.9400343306,"obs_comp":0.9321047644},"('mean', 2, 0.333333, 0.01, 0.3)":{"counter_culture":0.0018218079,"herd_immunity":0.9392893477,"obs_comp":0.930518974},"('mean', 2, 0.333333, 0.01, 0.325)":{"counter_culture":0.0019762881,"herd_immunity":0.9385094701,"obs_comp":0.9285669267},"('mean', 2, 0.333333, 0.01, 0.35)":{"counter_culture":0.0019220768,"herd_immunity":0.9381440815,"obs_comp":0.9275891401},"('mean', 2, 0.333333, 0.01, 0.375)":{"counter_culture":0.0022050333,"herd_immunity":0.9365272264,"obs_comp":0.924659747},"('mean', 2, 0.333333, 0.01, 0.4)":{"counter_culture":0.0023039799,"herd_immunity":0.9366916449,"obs_comp":0.9236449381},"('mean', 2, 0.333333, 0.01, 0.425)":{"counter_culture":0.0023683283,"herd_immunity":0.9368843705,"obs_comp":0.922347393},"('mean', 2, 0.333333, 0.01, 0.45)":{"counter_culture":0.0025518974,"herd_immunity":0.9356074569,"obs_comp":0.9202122174},"('mean', 2, 0.333333, 0.01, 0.475)":{"counter_culture":0.0026847812,"herd_immunity":0.9351947795,"obs_comp":0.9183851205},"('mean', 2, 0.333333, 0.01, 0.5)":{"counter_culture":0.0029161708,"herd_immunity":0.9349137923,"obs_comp":0.9167314558},"('mean', 2, 0.333333, 0.01, 0.525)":{"counter_culture":0.0031700383,"herd_immunity":0.9344787796,"obs_comp":0.9138069108},"('mean', 2, 0.333333, 0.01, 0.55)":{"counter_culture":0.00377672,"herd_immunity":0.9334015092,"obs_comp":0.9112166689},"('mean', 2, 0.333333, 0.01, 0.575)":{"counter_culture":0.0037983164,"herd_immunity":0.9328201218,"obs_comp":0.9087374939},"('mean', 2, 0.333333, 0.01, 0.6)":{"counter_culture":0.0043975054,"herd_immunity":0.9330449762,"obs_comp":0.9068297413},"('mean', 2, 0.333333, 0.01, 0.625)":{"counter_culture":0.0048541143,"herd_immunity":0.9325572482,"obs_comp":0.904054608},"('mean', 2, 0.333333, 0.01, 0.65)":{"counter_culture":0.0056503151,"herd_immunity":0.9317270052,"obs_comp":0.9008184583},"('mean', 2, 0.333333, 0.01, 0.675)":{"counter_culture":0.006690026,"herd_immunity":0.9313196251,"obs_comp":0.8973513597},"('mean', 2, 0.333333, 0.01, 0.7)":{"counter_culture":0.0082061792,"herd_immunity":0.9308922387,"obs_comp":0.8938842611},"('mean', 2, 0.333333, 0.01, 0.725)":{"counter_culture":0.0115243069,"herd_immunity":0.9296362402,"obs_comp":0.8891103618},"('mean', 2, 0.333333, 0.01, 0.75)":{"counter_culture":0.0132839702,"herd_immunity":0.9296720168,"obs_comp":0.8860121645},"('mean', 2, 0.333333, 0.01, 0.775)":{"counter_culture":0.0188126405,"herd_immunity":0.9280624922,"obs_comp":0.8796685619},"('mean', 2, 0.333333, 0.01, 0.8)":{"counter_culture":0.0236059324,"herd_immunity":0.9272608335,"obs_comp":0.874344396},"('mean', 2, 0.333333, 0.01, 0.825)":{"counter_culture":0.0341645731,"herd_immunity":0.9262671597,"obs_comp":0.8672231037},"('mean', 2, 0.333333, 0.01, 0.85)":{"counter_culture":0.0437714311,"herd_immunity":0.9273143083,"obs_comp":0.8603395919},"('mean', 2, 0.333333, 0.01, 0.875)":{"counter_culture":0.0597227731,"herd_immunity":0.9260678071,"obs_comp":0.8501749747},"('mean', 2, 0.333333, 0.01, 0.9)":{"counter_culture":0.0780349509,"herd_immunity":0.925748987,"obs_comp":0.8380223897},"('mean', 2, 0.333333, 0.01, 0.925)":{"counter_culture":0.1062975451,"herd_immunity":0.9232163549,"obs_comp":0.8184719468},"('mean', 2, 0.333333, 0.01, 0.95)":{"counter_culture":0.141801093,"herd_immunity":0.9233633727,"obs_comp":0.792320067},"('mean', 2, 0.333333, 0.01, 0.975)":{"counter_culture":0.2046095024,"herd_immunity":0.9225897621,"obs_comp":0.7420496716},"('mean', 2, 0.333333, 0.01, 1.0)":{"counter_culture":0.3502756843,"herd_immunity":null,"obs_comp":0.6150321742}}