{"('mean', 2, 0.333333, 0.01, 0.0)":{"counter_culture":0.0033464594,"herd_immunity":0.9802534418,"obs_comp":0.9804766552},"('mean', 2, 0.333333, 0.01, 0.025)":{"counter_culture":0.0035195776,"herd_immunity":0.9801257908,"obs_comp":0.9799270447},"('mean', 2, 0.333333, 0.01, 0.05)":{"counter_culture":0.003582933,"herd_immunity":0.979875776,"obs_comp":0.9793724294},"('mean', 2, 0.333333, 0.01, 0.075)":{"counter_culture":0.0036426485,"herd_immunity":0.979695425,"obs_comp":0.9787345536},"('mean', 2, 0.333333, 0.01, 0.1)":{"counter_culture":0.003716582,"herd_immunity":0.9793822932,"obs_comp":0.9781772085},"('mean', 2, 0.333333, 0.01, 0.125)":{"counter_culture":0.0035408477,"herd_immunity":0.979760011,"obs_comp":0.9780243366},"('mean', 2, 0.333333, 0.01, 0.15)":{"counter_culture":0.0036353689,"herd_immunity":0.9792508734,"obs_comp":0.977247352},"('mean', 2, 0.333333, 0.01, 0.175)":{"counter_culture":0.0039916148,"herd_immunity":0.9790779218,"obs_comp":0.9765528318},"('mean', 2, 0.333333, 0.01, 0.2)":{"counter_culture":0.0042007898,"herd_immunity":0.9786044457,"obs_comp":0.9755310703},"('mean', 2, 0.333333, 0.01, 0.225)":{"counter_culture":0.0038535297,"herd_immunity":0.9788585237,"obs_comp":0.9752812887},"('mean', 2, 0.333333, 0.01, 0.25)":{"counter_culture":0.0042272922,"herd_immunity":0.9785310308,"obs_comp":0.974454598},"('mean', 2, 0.333333, 0.01, 0.275)":{"counter_culture":0.0044286189,"herd_immunity":0.9782559014,"obs_comp":0.9734991492},"('mean', 2, 0.333333, 0.01, 0.3)":{"counter_culture":0.0042669888,"herd_immunity":0.9783427295,"obs_comp":0.9728934629},"('mean', 2, 0.333333, 0.01, 0.325)":{"counter_culture":0.0049856228,"herd_immunity":0.9777620494,"obs_comp":0.971492138},"('mean', 2, 0.333333, 0.01, 0.35)":{"counter_culture":0.00466441,"herd_immunity":0.9778432771,"obs_comp":0.97096539},"('mean', 2, 0.333333, 0.01, 0.375)":{"counter_culture":0.0050182673,"herd_immunity":0.9774063212,"obs_comp":0.9696815626},"('mean', 2, 0.333333, 0.01, 0.4)":{"counter_culture":0.0054889395,"herd_immunity":0.9769541676,"obs_comp":0.9682427022},"('mean', 2, 0.333333, 0.01, 0.425)":{"counter_culture":0.0053031957,"herd_immunity":0.9775378542,"obs_comp":0.9676811485},"('mean', 2, 0.333333, 0.01, 0.45)":{"counter_culture":0.0057320103,"herd_immunity":0.9768039611,"obs_comp":0.9660108193},"('mean', 2, 0.333333, 0.01, 0.475)":{"counter_culture":0.0061643508,"herd_immunity":0.9769062213,"obs_comp":0.9648821386},"('mean', 2, 0.333333, 0.01, 0.5)":{"counter_culture":0.0063789856,"herd_immunity":0.9764487205,"obs_comp":0.9632513922},"('mean', 2, 0.333333, 0.01, 0.525)":{"counter_culture":0.0077019409,"herd_immunity":0.9753095832,"obs_comp":0.9604967424},"('mean', 2, 0.333333, 0.01, 0.55)":{"counter_culture":0.0077106992,"herd_immunity":0.9758845343,"obs_comp":0.9595550566},"('mean', 2, 0.333333, 0.01, 0.575)":{"counter_culture":0.0080702437,"herd_immunity":0.9758403299,"obs_comp":0.9577209362},"('mean', 2, 0.333333, 0.01, 0.6)":{"counter_culture":0.0094099194,"herd_immunity":0.9749317402,"obs_comp":0.9546508745},"('mean', 2, 0.333333, 0.01, 0.625)":{"counter_culture":0.0103976714,"herd_immunity":0.9748098169,"obs_comp":0.9521705749},"('mean', 2, 0.333333, 0.01, 0.65)":{"counter_culture":0.0115096318,"herd_immunity":0.9744656196,"obs_comp":0.949523413},"('mean', 2, 0.333333, 0.01, 0.675)":{"counter_culture":0.0131045488,"herd_immunity":0.9747843697,"obs_comp":0.9464518727},"('mean', 2, 0.333333, 0.01, 0.7)":{"counter_culture":0.0148304988,"herd_immunity":0.9745184575,"obs_comp":0.9429357074},"('mean', 2, 0.333333, 0.01, 0.725)":{"counter_culture":0.0183874982,"herd_immunity":0.9739425759,"obs_comp":0.9379061795},"('mean', 2, 0.333333, 0.01, 0.75)":{"counter_culture":0.0218622607,"herd_immunity":0.9735459597,"obs_comp":0.9327990782},"('mean', 2, 0.333333, 0.01, 0.775)":{"counter_culture":0.0266956941,"herd_immunity":0.9732666753,"obs_comp":0.9268746133},"('mean', 2, 0.333333, 0.01, 0.8)":{"counter_culture":0.0338644036,"herd_immunity":0.9720775488,"obs_comp":0.919076445},"('mean', 2, 0.333333, 0.01, 0.825)":{"counter_culture":0.0430640105,"herd_immunity":0.9724088507,"obs_comp":0.9104416903},"('mean', 2, 0.333333, 0.01, 0.85)":{"counter_culture":0.0555298873,"herd_immunity":0.9729313306,"obs_comp":0.9002406821},"('mean', 2, 0.333333, 0.01, 0.875)":{"counter_culture":0.0726874727,"herd_immunity":0.9726966309,"obs_comp":0.8871305598},"('mean', 2, 0.333333, 0.01, 0.9)":{"counter_culture":0.0995263704,"herd_immunity":0.9711371834,"obs_comp":0.8664863826},"('mean', 2, 0.333333, 0.01, 0.925)":{"counter_culture":0.1310709671,"herd_immunity":0.9721101156,"obs_comp":0.8415282403},"('mean', 2, 0.333333, 0.01, 0.95)":{"counter_culture":0.1735439643,"herd_immunity":0.9713936291,"obs_comp":0.8051271202},"('mean', 2, 0.333333, 0.01, 0.975)":{"counter_culture":0.2372802468,"herd_immunity":0.9692970659,"obs_comp":0.7472174829},"('mean', 2, 0.333333, 0.01, 1.0)":{"counter_culture":0.3386469935,"herd_immunity":null,"obs_comp":0.6513171544}}