{"('mean', 2, 0.333333, 0.01, 0.0)":{"counter_culture":0.0017267111,"herd_immunity":0.974752904,"obs_comp":0.9749839387},"('mean', 2, 0.333333, 0.01, 0.025)":{"counter_culture":0.001734124,"herd_immunity":0.9746893749,"obs_comp":0.9744917223},"('mean', 2, 0.333333, 0.01, 0.05)":{"counter_culture":0.0017798369,"herd_immunity":0.9742721124,"obs_comp":0.9734810971},"('mean', 2, 0.333333, 0.01, 0.075)":{"counter_culture":0.0018470472,"herd_immunity":0.9739327725,"obs_comp":0.972790215},"('mean', 2, 0.333333, 0.01, 0.1)":{"counter_culture":0.0017847788,"herd_immunity":0.9743030495,"obs_comp":0.9728379046},"('mean', 2, 0.333333, 0.01, 0.125)":{"counter_culture":0.0018613788,"herd_immunity":0.9733974226,"obs_comp":0.9715109958},"('mean', 2, 0.333333, 0.01, 0.15)":{"counter_culture":0.0019995058,"herd_immunity":0.9730073625,"obs_comp":0.9707998517},"('mean', 2, 0.333333, 0.01, 0.175)":{"counter_culture":0.0019839387,"herd_immunity":0.9732425452,"obs_comp":0.970577959},"('mean', 2, 0.333333, 0.01, 0.2)":{"counter_culture":0.002148258,"herd_immunity":0.9727975408,"obs_comp":0.9692935508},"('mean', 2, 0.333333, 0.01, 0.225)":{"counter_culture":0.0021675315,"herd_immunity":0.9724975749,"obs_comp":0.9686001977},"('mean', 2, 0.333333, 0.01, 0.25)":{"counter_culture":0.0021430689,"herd_immunity":0.9722999276,"obs_comp":0.9679174697},"('mean', 2, 0.333333, 0.01, 0.275)":{"counter_culture":0.0021566593,"herd_immunity":0.9723910712,"obs_comp":0.9671317025},"('mean', 2, 0.333333, 0.01, 0.3)":{"counter_culture":0.0023694094,"herd_immunity":0.9716429279,"obs_comp":0.9658141833},"('mean', 2, 0.333333, 0.01, 0.325)":{"counter_culture":0.0024017791,"herd_immunity":0.9710719827,"obs_comp":0.9646417099},"('mean', 2, 0.333333, 0.01, 0.35)":{"counter_culture":0.0024692365,"herd_immunity":0.9715488949,"obs_comp":0.9642844082},"('mean', 2, 0.333333, 0.01, 0.375)":{"counter_culture":0.002598468,"herd_immunity":0.9710222247,"obs_comp":0.9626325673},"('mean', 2, 0.333333, 0.01, 0.4)":{"counter_culture":0.0026936002,"herd_immunity":0.9707172824,"obs_comp":0.9616861873},"('mean', 2, 0.333333, 0.01, 0.425)":{"counter_culture":0.0027504324,"herd_immunity":0.9704841066,"obs_comp":0.9606515938},"('mean', 2, 0.333333, 0.01, 0.45)":{"counter_culture":0.0030531258,"herd_immunity":0.9696579474,"obs_comp":0.9587210279},"('mean', 2, 0.333333, 0.01, 0.475)":{"counter_culture":0.0029755374,"herd_immunity":0.9699623876,"obs_comp":0.9578324685},"('mean', 2, 0.333333, 0.01, 0.5)":{"counter_culture":0.0033412404,"herd_immunity":0.9691936525,"obs_comp":0.9561499876},"('mean', 2, 0.333333, 0.01, 0.525)":{"counter_culture":0.0037398073,"herd_immunity":0.9687502668,"obs_comp":0.9539137633},"('mean', 2, 0.333333, 0.01, 0.55)":{"counter_culture":0.0038391401,"herd_immunity":0.9689225825,"obs_comp":0.9527217692},"('mean', 2, 0.333333, 0.01, 0.575)":{"counter_culture":0.0041512231,"herd_immunity":0.9682183293,"obs_comp":0.9506328144},"('mean', 2, 0.333333, 0.01, 0.6)":{"counter_culture":0.004324685,"herd_immunity":0.968263072,"obs_comp":0.9486540647},"('mean', 2, 0.333333, 0.01, 0.625)":{"counter_culture":0.0049681245,"herd_immunity":0.9675106017,"obs_comp":0.9461742031},"('mean', 2, 0.333333, 0.01, 0.65)":{"counter_culture":0.0051425747,"herd_immunity":0.9669549633,"obs_comp":0.9434499629},"('mean', 2, 0.333333, 0.01, 0.675)":{"counter_culture":0.005900173,"herd_immunity":0.9668735932,"obs_comp":0.9409372375},"('mean', 2, 0.333333, 0.01, 0.7)":{"counter_culture":0.0069364962,"herd_immunity":0.9667320527,"obs_comp":0.9372883617},"('mean', 2, 0.333333, 0.01, 0.725)":{"counter_culture":0.0079715839,"herd_immunity":0.9665885664,"obs_comp":0.9342142328},"('mean', 2, 0.333333, 0.01, 0.75)":{"counter_culture":0.0092342476,"herd_immunity":0.9651975858,"obs_comp":0.9296414628},"('mean', 2, 0.333333, 0.01, 0.775)":{"counter_culture":0.0106661725,"herd_immunity":0.9660364762,"obs_comp":0.9249374846},"('mean', 2, 0.333333, 0.01, 0.8)":{"counter_culture":0.0134319249,"herd_immunity":0.9650795154,"obs_comp":0.9195979738},"('mean', 2, 0.333333, 0.01, 0.825)":{"counter_culture":0.0185151964,"herd_immunity":0.9653636995,"obs_comp":0.9124301952},"('mean', 2, 0.333333, 0.01, 0.85)":{"counter_culture":0.0291410922,"herd_immunity":0.9638546075,"obs_comp":0.9021312083},"('mean', 2, 0.333333, 0.01, 0.875)":{"counter_culture":0.0446308377,"herd_immunity":0.9639541986,"obs_comp":0.8914131455},"('mean', 2, 0.333333, 0.01, 0.9)":{"counter_culture":0.0669639239,"herd_immunity":0.9635656544,"obs_comp":0.8764776378},"('mean', 2, 0.333333, 0.01, 0.925)":{"counter_culture":0.0975505313,"herd_immunity":0.9631603175,"obs_comp":0.8553014579},"('mean', 2, 0.333333, 0.01, 0.95)":{"counter_culture":0.1420733877,"herd_immunity":0.9637702734,"obs_comp":0.8206473931},"('mean', 2, 0.333333, 0.01, 0.975)":{"counter_culture":0.2095270571,"herd_immunity":0.9626816254,"obs_comp":0.762547319},"('mean', 2, 0.333333, 0.01, 1.0)":{"counter_culture":0.342125278,"herd_immunity":null,"obs_comp":0.6411425747}}