{"('mean', 2, 0.333333, 0.01, 0.0)":{"counter_culture":0.0002158201,"herd_immunity":0.9766258466,"obs_comp":0.9766965857},"('mean', 2, 0.333333, 0.01, 0.025)":{"counter_culture":0.0002079762,"herd_immunity":0.9761757921,"obs_comp":0.9759298977},"('mean', 2, 0.333333, 0.01, 0.05)":{"counter_culture":0.0002228796,"herd_immunity":0.9758344767,"obs_comp":0.9751691487},"('mean', 2, 0.333333, 0.01, 0.075)":{"counter_culture":0.000241593,"herd_immunity":0.9755252493,"obs_comp":0.9745574344},"('mean', 2, 0.333333, 0.01, 0.1)":{"counter_culture":0.0002488766,"herd_immunity":0.9754091934,"obs_comp":0.9739067245},"('mean', 2, 0.333333, 0.01, 0.125)":{"counter_culture":0.000233637,"herd_immunity":0.9752041685,"obs_comp":0.9733056555},"('mean', 2, 0.333333, 0.01, 0.15)":{"counter_culture":0.000249661,"herd_immunity":0.9748482232,"obs_comp":0.9724930245},"('mean', 2, 0.333333, 0.01, 0.175)":{"counter_culture":0.0002580652,"herd_immunity":0.9750645162,"obs_comp":0.971837048},"('mean', 2, 0.333333, 0.01, 0.2)":{"counter_culture":0.0002572808,"herd_immunity":0.9743048156,"obs_comp":0.970824621},"('mean', 2, 0.333333, 0.01, 0.225)":{"counter_culture":0.0002860793,"herd_immunity":0.9739308455,"obs_comp":0.9698332605},"('mean', 2, 0.333333, 0.01, 0.25)":{"counter_culture":0.0002932509,"herd_immunity":0.9740352952,"obs_comp":0.9692149348},"('mean', 2, 0.333333, 0.01, 0.275)":{"counter_culture":0.0002989657,"herd_immunity":0.973467622,"obs_comp":0.9680605327},"('mean', 2, 0.333333, 0.01, 0.3)":{"counter_culture":0.0003220493,"herd_immunity":0.9731751057,"obs_comp":0.9669361616},"('mean', 2, 0.333333, 0.01, 0.325)":{"counter_culture":0.0003399783,"herd_immunity":0.9727198001,"obs_comp":0.9656336213},"('mean', 2, 0.333333, 0.01, 0.35)":{"counter_culture":0.0003496151,"herd_immunity":0.972739024,"obs_comp":0.9651060611},"('mean', 2, 0.333333, 0.01, 0.375)":{"counter_culture":0.0003365045,"herd_immunity":0.9725949377,"obs_comp":0.9637251936},"('mean', 2, 0.333333, 0.01, 0.4)":{"counter_culture":0.0003539853,"herd_immunity":0.9724448898,"obs_comp":0.9625390796},"('mean', 2, 0.333333, 0.01, 0.425)":{"counter_culture":0.0003983595,"herd_immunity":0.9717489527,"obs_comp":0.9612372116},"('mean', 2, 0.333333, 0.01, 0.45)":{"counter_culture":0.0004095651,"herd_immunity":0.971593968,"obs_comp":0.9598040139},"('mean', 2, 0.333333, 0.01, 0.475)":{"counter_culture":0.0004505776,"herd_immunity":0.9713920366,"obs_comp":0.9583337255},"('mean', 2, 0.333333, 0.01, 0.5)":{"counter_culture":0.0004611109,"herd_immunity":0.9713050571,"obs_comp":0.9566312569},"('mean', 2, 0.333333, 0.01, 0.525)":{"counter_culture":0.0005526608,"herd_immunity":0.9707056644,"obs_comp":0.9541831669},"('mean', 2, 0.333333, 0.01, 0.55)":{"counter_culture":0.0005895272,"herd_immunity":0.9706250789,"obs_comp":0.9524827153},"('mean', 2, 0.333333, 0.01, 0.575)":{"counter_culture":0.0006497014,"herd_immunity":0.9700145284,"obs_comp":0.9502468596},"('mean', 2, 0.333333, 0.01, 0.6)":{"counter_culture":0.0006951962,"herd_immunity":0.9697153798,"obs_comp":0.9477259331},"('mean', 2, 0.333333, 0.01, 0.625)":{"counter_culture":0.0008295514,"herd_immunity":0.9696499743,"obs_comp":0.9450150715},"('mean', 2, 0.333333, 0.01, 0.65)":{"counter_culture":0.0009918087,"herd_immunity":0.9689745375,"obs_comp":0.9417978284},"('mean', 2, 0.333333, 0.01, 0.675)":{"counter_culture":0.0012438229,"herd_immunity":0.9687053359,"obs_comp":0.9386705662},"('mean', 2, 0.333333, 0.01, 0.7)":{"counter_culture":0.0019050661,"herd_immunity":0.9683348234,"obs_comp":0.9344684618},"('mean', 2, 0.333333, 0.01, 0.725)":{"counter_culture":0.0027608386,"herd_immunity":0.9678844636,"obs_comp":0.9303997042},"('mean', 2, 0.333333, 0.01, 0.75)":{"counter_culture":0.0053784695,"herd_immunity":0.967569976,"obs_comp":0.9256133392},"('mean', 2, 0.333333, 0.01, 0.775)":{"counter_culture":0.010870676,"herd_immunity":0.9675140359,"obs_comp":0.9196494885},"('mean', 2, 0.333333, 0.01, 0.8)":{"counter_culture":0.0210287872,"herd_immunity":0.9671511038,"obs_comp":0.9124483141},"('mean', 2, 0.333333, 0.01, 0.825)":{"counter_culture":0.0344971482,"herd_immunity":0.9674652995,"obs_comp":0.9037794287},"('mean', 2, 0.333333, 0.01, 0.85)":{"counter_culture":0.0504761264,"herd_immunity":0.9660565676,"obs_comp":0.8932176914},"('mean', 2, 0.333333, 0.01, 0.875)":{"counter_culture":0.0698639639,"herd_immunity":0.9659487169,"obs_comp":0.8795676875},"('mean', 2, 0.333333, 0.01, 0.9)":{"counter_culture":0.0935027622,"herd_immunity":0.9657223915,"obs_comp":0.8621635795},"('mean', 2, 0.333333, 0.01, 0.925)":{"counter_culture":0.1245425309,"herd_immunity":0.9655853559,"obs_comp":0.8375924743},"('mean', 2, 0.333333, 0.01, 0.95)":{"counter_culture":0.1664348226,"herd_immunity":0.9636860035,"obs_comp":0.8024827153},"('mean', 2, 0.333333, 0.01, 0.975)":{"counter_culture":0.2292347688,"herd_immunity":0.9642555109,"obs_comp":0.7467902646},"('mean', 2, 0.333333, 0.01, 1.0)":{"counter_culture":0.3415048016,"herd_immunity":null,"obs_comp":0.6426286124}}