{"('mean', 2, 0.333333, 0.01, 0.0)":{"counter_culture":0.000193556,"herd_immunity":0.9788585009,"obs_comp":0.9790227434},"('mean', 2, 0.333333, 0.01, 0.025)":{"counter_culture":0.0001916607,"herd_immunity":0.9785696016,"obs_comp":0.9783143805},"('mean', 2, 0.333333, 0.01, 0.05)":{"counter_culture":0.0002051647,"herd_immunity":0.9785552259,"obs_comp":0.9778121298},"('mean', 2, 0.333333, 0.01, 0.075)":{"counter_culture":0.0002165364,"herd_immunity":0.9784003601,"obs_comp":0.9772854774},"('mean', 2, 0.333333, 0.01, 0.1)":{"counter_culture":0.0002127458,"herd_immunity":0.9778498542,"obs_comp":0.976196399},"('mean', 2, 0.333333, 0.01, 0.125)":{"counter_culture":0.0002172471,"herd_immunity":0.9776084429,"obs_comp":0.9755370765},"('mean', 2, 0.333333, 0.01, 0.15)":{"counter_culture":0.0002212746,"herd_immunity":0.9775580278,"obs_comp":0.9748931533},"('mean', 2, 0.333333, 0.01, 0.175)":{"counter_culture":0.0002364369,"herd_immunity":0.9770309964,"obs_comp":0.9739376925},"('mean', 2, 0.333333, 0.01, 0.2)":{"counter_culture":0.0002501777,"herd_immunity":0.9771261836,"obs_comp":0.973429756},"('mean', 2, 0.333333, 0.01, 0.225)":{"counter_culture":0.0002485193,"herd_immunity":0.9767487062,"obs_comp":0.9721781568},"('mean', 2, 0.333333, 0.01, 0.25)":{"counter_culture":0.0002641554,"herd_immunity":0.9765883852,"obs_comp":0.9714896944},"('mean', 2, 0.333333, 0.01, 0.275)":{"counter_culture":0.0002674722,"herd_immunity":0.9767197241,"obs_comp":0.9706706941},"('mean', 2, 0.333333, 0.01, 0.3)":{"counter_culture":0.0002947169,"herd_immunity":0.9760702799,"obs_comp":0.9688611703},"('mean', 2, 0.333333, 0.01, 0.325)":{"counter_culture":0.0003015873,"herd_immunity":0.9759069451,"obs_comp":0.9681317223},"('mean', 2, 0.333333, 0.01, 0.35)":{"counter_culture":0.0003136697,"herd_immunity":0.9756122346,"obs_comp":0.9667967306},"('mean', 2, 0.333333, 0.01, 0.375)":{"counter_culture":0.0003411514,"herd_immunity":0.9753828612,"obs_comp":0.9650251125},"('mean', 2, 0.333333, 0.01, 0.4)":{"counter_culture":0.0003830846,"herd_immunity":0.9751635804,"obs_comp":0.9639440891},"('mean', 2, 0.333333, 0.01, 0.425)":{"counter_culture":0.0004186212,"herd_immunity":0.9745416334,"obs_comp":0.9618599858},"('mean', 2, 0.333333, 0.01, 0.45)":{"counter_culture":0.0004302298,"herd_immunity":0.9743896763,"obs_comp":0.9608730159},"('mean', 2, 0.333333, 0.01, 0.475)":{"counter_culture":0.0004565269,"herd_immunity":0.9744686444,"obs_comp":0.9591999526},"('mean', 2, 0.333333, 0.01, 0.5)":{"counter_culture":0.0005377873,"herd_immunity":0.9743654784,"obs_comp":0.9571111111},"('mean', 2, 0.333333, 0.01, 0.525)":{"counter_culture":0.0006282871,"herd_immunity":0.9741270555,"obs_comp":0.9551080313},"('mean', 2, 0.333333, 0.01, 0.55)":{"counter_culture":0.000750533,"herd_immunity":0.9730529489,"obs_comp":0.951729448},"('mean', 2, 0.333333, 0.01, 0.575)":{"counter_culture":0.0008744373,"herd_immunity":0.9730277217,"obs_comp":0.9494548685},"('mean', 2, 0.333333, 0.01, 0.6)":{"counter_culture":0.0012241175,"herd_immunity":0.9723918998,"obs_comp":0.9454996446},"('mean', 2, 0.333333, 0.01, 0.625)":{"counter_culture":0.0014579484,"herd_immunity":0.9723678874,"obs_comp":0.9429320066},"('mean', 2, 0.333333, 0.01, 0.65)":{"counter_culture":0.0023328595,"herd_immunity":0.9721971457,"obs_comp":0.9392222222},"('mean', 2, 0.333333, 0.01, 0.675)":{"counter_culture":0.0033837953,"herd_immunity":0.9721505928,"obs_comp":0.9351892916},"('mean', 2, 0.333333, 0.01, 0.7)":{"counter_culture":0.0056958067,"herd_immunity":0.9717924299,"obs_comp":0.9299241886},"('mean', 2, 0.333333, 0.01, 0.725)":{"counter_culture":0.0098076285,"herd_immunity":0.9718848929,"obs_comp":0.9255342336},"('mean', 2, 0.333333, 0.01, 0.75)":{"counter_culture":0.0190362473,"herd_immunity":0.970049959,"obs_comp":0.9172219853},"('mean', 2, 0.333333, 0.01, 0.775)":{"counter_culture":0.0306555319,"herd_immunity":0.9705881487,"obs_comp":0.9095929874},"('mean', 2, 0.333333, 0.01, 0.8)":{"counter_culture":0.0439118692,"herd_immunity":0.9699172846,"obs_comp":0.9013548922},"('mean', 2, 0.333333, 0.01, 0.825)":{"counter_culture":0.0587389244,"herd_immunity":0.9692642072,"obs_comp":0.8912250652},"('mean', 2, 0.333333, 0.01, 0.85)":{"counter_culture":0.0780092395,"herd_immunity":0.9693538763,"obs_comp":0.8775984364},"('mean', 2, 0.333333, 0.01, 0.875)":{"counter_culture":0.0993854537,"herd_immunity":0.9692238279,"obs_comp":0.8615896707},"('mean', 2, 0.333333, 0.01, 0.9)":{"counter_culture":0.1262264866,"herd_immunity":0.9685796761,"obs_comp":0.8400352997},"('mean', 2, 0.333333, 0.01, 0.925)":{"counter_culture":0.1581914238,"herd_immunity":0.969302111,"obs_comp":0.8133518124},"('mean', 2, 0.333333, 0.01, 0.95)":{"counter_culture":0.2010682303,"herd_immunity":0.9683336993,"obs_comp":0.7757690121},"('mean', 2, 0.333333, 0.01, 0.975)":{"counter_culture":0.2569952618,"herd_immunity":0.9663095633,"obs_comp":0.7248450604},"('mean', 2, 0.333333, 0.01, 1.0)":{"counter_culture":0.3420983179,"herd_immunity":null,"obs_comp":0.6451518597}}