{"('mean', 2, 0.333333, 0.01, 0.0)":{"counter_culture":0.0011624124,"herd_immunity":0.9511719461,"obs_comp":0.951547619},"('mean', 2, 0.333333, 0.01, 0.025)":{"counter_culture":0.0011865437,"herd_immunity":0.9508482286,"obs_comp":0.9508866009},"('mean', 2, 0.333333, 0.01, 0.05)":{"counter_culture":0.0012453525,"herd_immunity":0.9509551872,"obs_comp":0.9501034964},"('mean', 2, 0.333333, 0.01, 0.075)":{"counter_culture":0.0012603675,"herd_immunity":0.9500354849,"obs_comp":0.9485483698},"('mean', 2, 0.333333, 0.01, 0.1)":{"counter_culture":0.0012582225,"herd_immunity":0.9500372014,"obs_comp":0.9479856642},"('mean', 2, 0.333333, 0.01, 0.125)":{"counter_culture":0.0013509939,"herd_immunity":0.9495337156,"obs_comp":0.9466001716},"('mean', 2, 0.333333, 0.01, 0.15)":{"counter_culture":0.0013606464,"herd_immunity":0.9492625121,"obs_comp":0.9458892821},"('mean', 2, 0.333333, 0.01, 0.175)":{"counter_culture":0.0015063278,"herd_immunity":0.9483435869,"obs_comp":0.9442245817},"('mean', 2, 0.333333, 0.01, 0.2)":{"counter_culture":0.0014698627,"herd_immunity":0.9482495051,"obs_comp":0.9431914057},"('mean', 2, 0.333333, 0.01, 0.225)":{"counter_culture":0.0015504791,"herd_immunity":0.9481605813,"obs_comp":0.9427000215},"('mean', 2, 0.333333, 0.01, 0.25)":{"counter_culture":0.0016126841,"herd_immunity":0.9472025309,"obs_comp":0.9404799442},"('mean', 2, 0.333333, 0.01, 0.275)":{"counter_culture":0.0016756042,"herd_immunity":0.9472386452,"obs_comp":0.9398573574},"('mean', 2, 0.333333, 0.01, 0.3)":{"counter_culture":0.0018218218,"herd_immunity":0.94704192,"obs_comp":0.9383015158},"('mean', 2, 0.333333, 0.01, 0.325)":{"counter_culture":0.0019138782,"herd_immunity":0.9462518547,"obs_comp":0.9368307593},"('mean', 2, 0.333333, 0.01, 0.35)":{"counter_culture":0.001969827,"herd_immunity":0.9457093804,"obs_comp":0.9351102889},"('mean', 2, 0.333333, 0.01, 0.375)":{"counter_culture":0.0020518733,"herd_immunity":0.9458802443,"obs_comp":0.9338391963},"('mean', 2, 0.333333, 0.01, 0.4)":{"counter_culture":0.0023024811,"herd_immunity":0.9448332673,"obs_comp":0.9316175104},"('mean', 2, 0.333333, 0.01, 0.425)":{"counter_culture":0.0024490562,"herd_immunity":0.9442960369,"obs_comp":0.9298452023},"('mean', 2, 0.333333, 0.01, 0.45)":{"counter_culture":0.0027522165,"herd_immunity":0.9437340457,"obs_comp":0.9277348777},"('mean', 2, 0.333333, 0.01, 0.475)":{"counter_culture":0.0029088017,"herd_immunity":0.9432292596,"obs_comp":0.9259734735},"('mean', 2, 0.333333, 0.01, 0.5)":{"counter_culture":0.0031429644,"herd_immunity":0.9431109526,"obs_comp":0.9237539325},"('mean', 2, 0.333333, 0.01, 0.525)":{"counter_culture":0.0037108537,"herd_immunity":0.9420001513,"obs_comp":0.9210492635},"('mean', 2, 0.333333, 0.01, 0.55)":{"counter_culture":0.0038361576,"herd_immunity":0.9415510207,"obs_comp":0.9184393322},"('mean', 2, 0.333333, 0.01, 0.575)":{"counter_culture":0.0044481982,"herd_immunity":0.9412835331,"obs_comp":0.9161130774},"('mean', 2, 0.333333, 0.01, 0.6)":{"counter_culture":0.0050032175,"herd_immunity":0.9410499315,"obs_comp":0.9133676534},"('mean', 2, 0.333333, 0.01, 0.625)":{"counter_culture":0.0056654869,"herd_immunity":0.9403714416,"obs_comp":0.9102593665},"('mean', 2, 0.333333, 0.01, 0.65)":{"counter_culture":0.0077200415,"herd_immunity":0.9392699745,"obs_comp":0.9055219505},"('mean', 2, 0.333333, 0.01, 0.675)":{"counter_culture":0.0082144645,"herd_immunity":0.9397461329,"obs_comp":0.9028918204},"('mean', 2, 0.333333, 0.01, 0.7)":{"counter_culture":0.010003575,"herd_immunity":0.9381423092,"obs_comp":0.8978335478},"('mean', 2, 0.333333, 0.01, 0.725)":{"counter_culture":0.0133488846,"herd_immunity":0.9378894945,"obs_comp":0.8923026598},"('mean', 2, 0.333333, 0.01, 0.75)":{"counter_culture":0.0168171743,"herd_immunity":0.9377187311,"obs_comp":0.8878582154},"('mean', 2, 0.333333, 0.01, 0.775)":{"counter_culture":0.0215953453,"herd_immunity":0.937615944,"obs_comp":0.8818943944},"('mean', 2, 0.333333, 0.01, 0.8)":{"counter_culture":0.0307307307,"herd_immunity":0.9370473481,"obs_comp":0.8742717718},"('mean', 2, 0.333333, 0.01, 0.825)":{"counter_culture":0.0429699342,"herd_immunity":0.9361710444,"obs_comp":0.8653864579},"('mean', 2, 0.333333, 0.01, 0.85)":{"counter_culture":0.0599022237,"herd_immunity":0.9349043779,"obs_comp":0.8540855141},"('mean', 2, 0.333333, 0.01, 0.875)":{"counter_culture":0.0797640498,"herd_immunity":0.9340603255,"obs_comp":0.8413815601},"('mean', 2, 0.333333, 0.01, 0.9)":{"counter_culture":0.1048060561,"herd_immunity":0.9343074588,"obs_comp":0.8237224725},"('mean', 2, 0.333333, 0.01, 0.925)":{"counter_culture":0.133742135,"herd_immunity":0.9339355254,"obs_comp":0.8027663378},"('mean', 2, 0.333333, 0.01, 0.95)":{"counter_culture":0.1760712498,"herd_immunity":0.9330018173,"obs_comp":0.7694313957},"('mean', 2, 0.333333, 0.01, 0.975)":{"counter_culture":0.2300754326,"herd_immunity":0.933634875,"obs_comp":0.7246276634},"('mean', 2, 0.333333, 0.01, 1.0)":{"counter_culture":0.3223537824,"herd_immunity":null,"obs_comp":0.644466967}}