{"('mean', 2, 0.333333, 0.01, 0.0)":{"counter_culture":0.0007004926,"herd_immunity":0.9792447074,"obs_comp":0.9794973399},"('mean', 2, 0.333333, 0.01, 0.025)":{"counter_culture":0.0007026601,"herd_immunity":0.9793273343,"obs_comp":0.978977734},"('mean', 2, 0.333333, 0.01, 0.05)":{"counter_culture":0.0007211823,"herd_immunity":0.979104606,"obs_comp":0.9783150739},"('mean', 2, 0.333333, 0.01, 0.075)":{"counter_culture":0.0007432512,"herd_immunity":0.9787349931,"obs_comp":0.9775726108},"('mean', 2, 0.333333, 0.01, 0.1)":{"counter_culture":0.0007743842,"herd_immunity":0.9783313241,"obs_comp":0.976729064},"('mean', 2, 0.333333, 0.01, 0.125)":{"counter_culture":0.0008500493,"herd_immunity":0.9783329436,"obs_comp":0.9761663054},"('mean', 2, 0.333333, 0.01, 0.15)":{"counter_culture":0.0008120197,"herd_immunity":0.978344848,"obs_comp":0.9756725123},"('mean', 2, 0.333333, 0.01, 0.175)":{"counter_culture":0.0008616749,"herd_immunity":0.9774748829,"obs_comp":0.9742847291},"('mean', 2, 0.333333, 0.01, 0.2)":{"counter_culture":0.0008256158,"herd_immunity":0.9776703168,"obs_comp":0.9738766502},"('mean', 2, 0.333333, 0.01, 0.225)":{"counter_culture":0.0008396059,"herd_immunity":0.977236848,"obs_comp":0.9728764532},"('mean', 2, 0.333333, 0.01, 0.25)":{"counter_culture":0.0008833498,"herd_immunity":0.9774504366,"obs_comp":0.9724102463},"('mean', 2, 0.333333, 0.01, 0.275)":{"counter_culture":0.0009272906,"herd_immunity":0.9767317461,"obs_comp":0.9708831527},"('mean', 2, 0.333333, 0.01, 0.3)":{"counter_culture":0.0009572414,"herd_immunity":0.976873697,"obs_comp":0.9703310345},"('mean', 2, 0.333333, 0.01, 0.325)":{"counter_culture":0.0009936946,"herd_immunity":0.9764961062,"obs_comp":0.9692644335},"('mean', 2, 0.333333, 0.01, 0.35)":{"counter_culture":0.0010575369,"herd_immunity":0.9763166602,"obs_comp":0.9677424631},"('mean', 2, 0.333333, 0.01, 0.375)":{"counter_culture":0.0011633498,"herd_immunity":0.9757230254,"obs_comp":0.9661897537},"('mean', 2, 0.333333, 0.01, 0.4)":{"counter_culture":0.0011647291,"herd_immunity":0.9758455431,"obs_comp":0.9651996059},"('mean', 2, 0.333333, 0.01, 0.425)":{"counter_culture":0.0012567488,"herd_immunity":0.9748425541,"obs_comp":0.9632411823},"('mean', 2, 0.333333, 0.01, 0.45)":{"counter_culture":0.0014279803,"herd_immunity":0.9746489813,"obs_comp":0.9617962562},"('mean', 2, 0.333333, 0.01, 0.475)":{"counter_culture":0.0014910345,"herd_immunity":0.9747199422,"obs_comp":0.9604591133},"('mean', 2, 0.333333, 0.01, 0.5)":{"counter_culture":0.0016350739,"herd_immunity":0.9742761978,"obs_comp":0.9584528079},"('mean', 2, 0.333333, 0.01, 0.525)":{"counter_culture":0.0017347783,"herd_immunity":0.9741293958,"obs_comp":0.956373399},"('mean', 2, 0.333333, 0.01, 0.55)":{"counter_culture":0.002293399,"herd_immunity":0.9733859947,"obs_comp":0.9535006897},"('mean', 2, 0.333333, 0.01, 0.575)":{"counter_culture":0.0024673892,"herd_immunity":0.97320844,"obs_comp":0.9519266995},"('mean', 2, 0.333333, 0.01, 0.6)":{"counter_culture":0.0030061084,"herd_immunity":0.9730461185,"obs_comp":0.9490612808},"('mean', 2, 0.333333, 0.01, 0.625)":{"counter_culture":0.0032664039,"herd_immunity":0.9730886223,"obs_comp":0.9463816749},"('mean', 2, 0.333333, 0.01, 0.65)":{"counter_culture":0.0042492611,"herd_immunity":0.9727242139,"obs_comp":0.9429284729},"('mean', 2, 0.333333, 0.01, 0.675)":{"counter_culture":0.0055785222,"herd_immunity":0.9719375646,"obs_comp":0.938884532},"('mean', 2, 0.333333, 0.01, 0.7)":{"counter_culture":0.0071083744,"herd_immunity":0.9722061015,"obs_comp":0.9347424631},"('mean', 2, 0.333333, 0.01, 0.725)":{"counter_culture":0.0100283744,"herd_immunity":0.9717734456,"obs_comp":0.9302610837},"('mean', 2, 0.333333, 0.01, 0.75)":{"counter_culture":0.014324335,"herd_immunity":0.9717149055,"obs_comp":0.9240451232},"('mean', 2, 0.333333, 0.01, 0.775)":{"counter_culture":0.0196084729,"herd_immunity":0.9711914836,"obs_comp":0.9179237438},"('mean', 2, 0.333333, 0.01, 0.8)":{"counter_culture":0.0299988177,"herd_immunity":0.9704889186,"obs_comp":0.9099400985},"('mean', 2, 0.333333, 0.01, 0.825)":{"counter_culture":0.0418299507,"herd_immunity":0.9704928082,"obs_comp":0.9015247291},"('mean', 2, 0.333333, 0.01, 0.85)":{"counter_culture":0.0598807882,"herd_immunity":0.9699703159,"obs_comp":0.8893925123},"('mean', 2, 0.333333, 0.01, 0.875)":{"counter_culture":0.0816173399,"herd_immunity":0.9686570684,"obs_comp":0.8735674877},"('mean', 2, 0.333333, 0.01, 0.9)":{"counter_culture":0.1062459113,"herd_immunity":0.9676016726,"obs_comp":0.854675468},"('mean', 2, 0.333333, 0.01, 0.925)":{"counter_culture":0.1373052217,"herd_immunity":0.9684820959,"obs_comp":0.8299787192},"('mean', 2, 0.333333, 0.01, 0.95)":{"counter_culture":0.1808671921,"herd_immunity":0.9677232518,"obs_comp":0.7926866995},"('mean', 2, 0.333333, 0.01, 0.975)":{"counter_culture":0.241640197,"herd_immunity":0.9686466238,"obs_comp":0.7381024631},"('mean', 2, 0.333333, 0.01, 1.0)":{"counter_culture":0.3418545813,"herd_immunity":null,"obs_comp":0.6451462069}}