{"('mean', 2, 0.333333, 0.01, 0.0)":{"counter_culture":0.0010331287,"herd_immunity":0.9517663943,"obs_comp":0.9521014812},"('mean', 2, 0.333333, 0.01, 0.025)":{"counter_culture":0.0010352728,"herd_immunity":0.9512763948,"obs_comp":0.9509531861},"('mean', 2, 0.333333, 0.01, 0.05)":{"counter_culture":0.0010487497,"herd_immunity":0.951697639,"obs_comp":0.9506753777},"('mean', 2, 0.333333, 0.01, 0.075)":{"counter_culture":0.001108477,"herd_immunity":0.951028955,"obs_comp":0.9494444853},"('mean', 2, 0.333333, 0.01, 0.1)":{"counter_culture":0.0011447217,"herd_immunity":0.9506723148,"obs_comp":0.9481383467},"('mean', 2, 0.333333, 0.01, 0.125)":{"counter_culture":0.0012418169,"herd_immunity":0.9501199541,"obs_comp":0.9468754977},"('mean', 2, 0.333333, 0.01, 0.15)":{"counter_culture":0.0012237455,"herd_immunity":0.9496760006,"obs_comp":0.9454734893},"('mean', 2, 0.333333, 0.01, 0.175)":{"counter_culture":0.0012651973,"herd_immunity":0.9494816128,"obs_comp":0.944203085},"('mean', 2, 0.333333, 0.01, 0.2)":{"counter_culture":0.00133687,"herd_immunity":0.9492216438,"obs_comp":0.943143615},"('mean', 2, 0.333333, 0.01, 0.225)":{"counter_culture":0.0013873064,"herd_immunity":0.9481893766,"obs_comp":0.9409555547},"('mean', 2, 0.333333, 0.01, 0.25)":{"counter_culture":0.0015242197,"herd_immunity":0.9476492577,"obs_comp":0.9396221561},"('mean', 2, 0.333333, 0.01, 0.275)":{"counter_culture":0.0016146784,"herd_immunity":0.9474280615,"obs_comp":0.9381368357},"('mean', 2, 0.333333, 0.01, 0.3)":{"counter_culture":0.0016264197,"herd_immunity":0.9471774174,"obs_comp":0.93653543},"('mean', 2, 0.333333, 0.01, 0.325)":{"counter_culture":0.0018244896,"herd_immunity":0.9460871227,"obs_comp":0.9342091292},"('mean', 2, 0.333333, 0.01, 0.35)":{"counter_culture":0.001905147,"herd_immunity":0.9460057777,"obs_comp":0.9324427333},"('mean', 2, 0.333333, 0.01, 0.375)":{"counter_culture":0.0019728379,"herd_immunity":0.9453809714,"obs_comp":0.9306528549},"('mean', 2, 0.333333, 0.01, 0.4)":{"counter_culture":0.0023094547,"herd_immunity":0.944660469,"obs_comp":0.9282980687},"('mean', 2, 0.333333, 0.01, 0.425)":{"counter_culture":0.0024210477,"herd_immunity":0.9448707452,"obs_comp":0.9265425973},"('mean', 2, 0.333333, 0.01, 0.45)":{"counter_culture":0.0028473065,"herd_immunity":0.9438946365,"obs_comp":0.9232693384},"('mean', 2, 0.333333, 0.01, 0.475)":{"counter_culture":0.0030749848,"herd_immunity":0.9435789337,"obs_comp":0.9208320571},"('mean', 2, 0.333333, 0.01, 0.5)":{"counter_culture":0.0035206422,"herd_immunity":0.9431027033,"obs_comp":0.9185511898},"('mean', 2, 0.333333, 0.01, 0.525)":{"counter_culture":0.0041843807,"herd_immunity":0.9427396369,"obs_comp":0.9154122918},"('mean', 2, 0.333333, 0.01, 0.55)":{"counter_culture":0.0049111136,"herd_immunity":0.9422850001,"obs_comp":0.9119770035},"('mean', 2, 0.333333, 0.01, 0.575)":{"counter_culture":0.0065526437,"herd_immunity":0.9410000228,"obs_comp":0.9078055892},"('mean', 2, 0.333333, 0.01, 0.6)":{"counter_culture":0.0081701809,"herd_immunity":0.9402898789,"obs_comp":0.9041046422},"('mean', 2, 0.333333, 0.01, 0.625)":{"counter_culture":0.0101060593,"herd_immunity":0.9404143277,"obs_comp":0.9003811315},"('mean', 2, 0.333333, 0.01, 0.65)":{"counter_culture":0.0138287532,"herd_immunity":0.9397308243,"obs_comp":0.8955042207},"('mean', 2, 0.333333, 0.01, 0.675)":{"counter_culture":0.0180160947,"herd_immunity":0.9392535277,"obs_comp":0.8905129603},"('mean', 2, 0.333333, 0.01, 0.7)":{"counter_culture":0.0261292029,"herd_immunity":0.9379654791,"obs_comp":0.8838805781},"('mean', 2, 0.333333, 0.01, 0.725)":{"counter_culture":0.0339343837,"herd_immunity":0.9380365879,"obs_comp":0.8779652295},"('mean', 2, 0.333333, 0.01, 0.75)":{"counter_culture":0.0446375116,"herd_immunity":0.9370977812,"obs_comp":0.8709233326},"('mean', 2, 0.333333, 0.01, 0.775)":{"counter_culture":0.0578382606,"herd_immunity":0.9365277315,"obs_comp":0.8627078203},"('mean', 2, 0.333333, 0.01, 0.8)":{"counter_culture":0.0721492222,"herd_immunity":0.9364181121,"obs_comp":0.8533985331},"('mean', 2, 0.333333, 0.01, 0.825)":{"counter_culture":0.08798277,"herd_immunity":0.9355595534,"obs_comp":0.842441794},"('mean', 2, 0.333333, 0.01, 0.85)":{"counter_culture":0.1072859109,"herd_immunity":0.9343146612,"obs_comp":0.8289494534},"('mean', 2, 0.333333, 0.01, 0.875)":{"counter_culture":0.1279039708,"herd_immunity":0.9344331892,"obs_comp":0.8138490707},"('mean', 2, 0.333333, 0.01, 0.9)":{"counter_culture":0.1532030156,"herd_immunity":0.933893242,"obs_comp":0.7943878822},"('mean', 2, 0.333333, 0.01, 0.925)":{"counter_culture":0.1832549221,"herd_immunity":0.9327663674,"obs_comp":0.7704898249},"('mean', 2, 0.333333, 0.01, 0.95)":{"counter_culture":0.2192411675,"herd_immunity":0.9316540164,"obs_comp":0.7405290918},"('mean', 2, 0.333333, 0.01, 0.975)":{"counter_culture":0.2661895631,"herd_immunity":0.9309955714,"obs_comp":0.7001090406},"('mean', 2, 0.333333, 0.01, 1.0)":{"counter_culture":0.3297719541,"herd_immunity":null,"obs_comp":0.6437041325}}