{"('mean', 2, 0.333333, 0.01, 0.0)":{"counter_culture":0.000825228,"herd_immunity":0.9656644172,"obs_comp":0.9659444524},"('mean', 2, 0.333333, 0.01, 0.025)":{"counter_culture":0.0008164439,"herd_immunity":0.9659684638,"obs_comp":0.9656657563},"('mean', 2, 0.333333, 0.01, 0.05)":{"counter_culture":0.0008399214,"herd_immunity":0.9649341868,"obs_comp":0.964310287},"('mean', 2, 0.333333, 0.01, 0.075)":{"counter_culture":0.0008226726,"herd_immunity":0.9653324848,"obs_comp":0.9637857953},"('mean', 2, 0.333333, 0.01, 0.1)":{"counter_culture":0.0008496638,"herd_immunity":0.964492735,"obs_comp":0.9624953284},"('mean', 2, 0.333333, 0.01, 0.125)":{"counter_culture":0.0008303387,"herd_immunity":0.9646897273,"obs_comp":0.961815278},"('mean', 2, 0.333333, 0.01, 0.15)":{"counter_culture":0.0008424768,"herd_immunity":0.9645711145,"obs_comp":0.9613073962},"('mean', 2, 0.333333, 0.01, 0.175)":{"counter_culture":0.0008178813,"herd_immunity":0.9639978445,"obs_comp":0.959942504},"('mean', 2, 0.333333, 0.01, 0.2)":{"counter_culture":0.0008485458,"herd_immunity":0.9629077488,"obs_comp":0.9581760976},"('mean', 2, 0.333333, 0.01, 0.225)":{"counter_culture":0.0008491847,"herd_immunity":0.9627278629,"obs_comp":0.9572491336},"('mean', 2, 0.333333, 0.01, 0.25)":{"counter_culture":0.0008469487,"herd_immunity":0.9624611942,"obs_comp":0.9560268634},"('mean', 2, 0.333333, 0.01, 0.275)":{"counter_culture":0.0008378452,"herd_immunity":0.9622247854,"obs_comp":0.9547977257},"('mean', 2, 0.333333, 0.01, 0.3)":{"counter_culture":0.00084072,"herd_immunity":0.9616873779,"obs_comp":0.9533481865},"('mean', 2, 0.333333, 0.01, 0.325)":{"counter_culture":0.0008657946,"herd_immunity":0.9616393585,"obs_comp":0.9519537476},"('mean', 2, 0.333333, 0.01, 0.35)":{"counter_culture":0.0008602047,"herd_immunity":0.9610028152,"obs_comp":0.9505313593},"('mean', 2, 0.333333, 0.01, 0.375)":{"counter_culture":0.0008426365,"herd_immunity":0.9612431275,"obs_comp":0.9495178318},"('mean', 2, 0.333333, 0.01, 0.4)":{"counter_culture":0.0008750579,"herd_immunity":0.960629707,"obs_comp":0.9474655423},"('mean', 2, 0.333333, 0.01, 0.425)":{"counter_culture":0.000864517,"herd_immunity":0.9602757475,"obs_comp":0.9454265089},"('mean', 2, 0.333333, 0.01, 0.45)":{"counter_culture":0.0008534969,"herd_immunity":0.9596592924,"obs_comp":0.9435136473},"('mean', 2, 0.333333, 0.01, 0.475)":{"counter_culture":0.0009132289,"herd_immunity":0.9591903534,"obs_comp":0.94118362},"('mean', 2, 0.333333, 0.01, 0.5)":{"counter_culture":0.0008841614,"herd_immunity":0.9590832237,"obs_comp":0.9391492182},"('mean', 2, 0.333333, 0.01, 0.525)":{"counter_culture":0.0009413381,"herd_immunity":0.9580279252,"obs_comp":0.9366310511},"('mean', 2, 0.333333, 0.01, 0.55)":{"counter_culture":0.0010125693,"herd_immunity":0.9579111939,"obs_comp":0.933529299},"('mean', 2, 0.333333, 0.01, 0.575)":{"counter_culture":0.0011781898,"herd_immunity":0.9570245285,"obs_comp":0.930567454},"('mean', 2, 0.333333, 0.01, 0.6)":{"counter_culture":0.0012879115,"herd_immunity":0.957019357,"obs_comp":0.9276856244},"('mean', 2, 0.333333, 0.01, 0.625)":{"counter_culture":0.0018708575,"herd_immunity":0.957037404,"obs_comp":0.9239718589},"('mean', 2, 0.333333, 0.01, 0.65)":{"counter_culture":0.0023306662,"herd_immunity":0.9553896093,"obs_comp":0.9202346158},"('mean', 2, 0.333333, 0.01, 0.675)":{"counter_culture":0.0037476243,"herd_immunity":0.9557940059,"obs_comp":0.916386054},"('mean', 2, 0.333333, 0.01, 0.7)":{"counter_culture":0.0050503889,"herd_immunity":0.9560995371,"obs_comp":0.9120395126},"('mean', 2, 0.333333, 0.01, 0.725)":{"counter_culture":0.0089395174,"herd_immunity":0.9553263124,"obs_comp":0.9064064971},"('mean', 2, 0.333333, 0.01, 0.75)":{"counter_culture":0.0150035935,"herd_immunity":0.9546009025,"obs_comp":0.9000634054},"('mean', 2, 0.333333, 0.01, 0.775)":{"counter_culture":0.0256556945,"herd_immunity":0.953980188,"obs_comp":0.8921080287},"('mean', 2, 0.333333, 0.01, 0.8)":{"counter_culture":0.0381737019,"herd_immunity":0.9536263686,"obs_comp":0.8839250635},"('mean', 2, 0.333333, 0.01, 0.825)":{"counter_culture":0.0529776564,"herd_immunity":0.9521323873,"obs_comp":0.8740026831},"('mean', 2, 0.333333, 0.01, 0.85)":{"counter_culture":0.0705019724,"herd_immunity":0.9525914262,"obs_comp":0.8623260345},"('mean', 2, 0.333333, 0.01, 0.875)":{"counter_culture":0.0925151326,"herd_immunity":0.9520457949,"obs_comp":0.8468921789},"('mean', 2, 0.333333, 0.01, 0.9)":{"counter_culture":0.1186143453,"herd_immunity":0.9505276842,"obs_comp":0.8274612301},"('mean', 2, 0.333333, 0.01, 0.925)":{"counter_culture":0.1505125134,"herd_immunity":0.9516542962,"obs_comp":0.8025820517},"('mean', 2, 0.333333, 0.01, 0.95)":{"counter_culture":0.1925568173,"herd_immunity":0.9506538377,"obs_comp":0.7679410027},"('mean', 2, 0.333333, 0.01, 0.975)":{"counter_culture":0.2502531423,"herd_immunity":0.9485973762,"obs_comp":0.7180432179},"('mean', 2, 0.333333, 0.01, 1.0)":{"counter_culture":0.3448782202,"herd_immunity":null,"obs_comp":0.6329792535}}