{"('mean', 2, 0.333333, 0.01, 0.0)":{"counter_culture":0.0004101016,"herd_immunity":0.9601329818,"obs_comp":0.9603887617},"('mean', 2, 0.333333, 0.01, 0.025)":{"counter_culture":0.0004098805,"herd_immunity":0.9597060661,"obs_comp":0.9594034785},"('mean', 2, 0.333333, 0.01, 0.05)":{"counter_culture":0.0004398448,"herd_immunity":0.9592756545,"obs_comp":0.9585905729},"('mean', 2, 0.333333, 0.01, 0.075)":{"counter_culture":0.0004392919,"herd_immunity":0.9594116493,"obs_comp":0.9578043144},"('mean', 2, 0.333333, 0.01, 0.1)":{"counter_culture":0.0004625115,"herd_immunity":0.9584974892,"obs_comp":0.956477372},"('mean', 2, 0.333333, 0.01, 0.125)":{"counter_culture":0.0004908172,"herd_immunity":0.9580174914,"obs_comp":0.9552719452},"('mean', 2, 0.333333, 0.01, 0.15)":{"counter_culture":0.0004879424,"herd_immunity":0.9575177527,"obs_comp":0.9541485609},"('mean', 2, 0.333333, 0.01, 0.175)":{"counter_culture":0.0005244303,"herd_immunity":0.9572135213,"obs_comp":0.9530331376},"('mean', 2, 0.333333, 0.01, 0.2)":{"counter_culture":0.0005488661,"herd_immunity":0.9568340784,"obs_comp":0.9517978572},"('mean', 2, 0.333333, 0.01, 0.225)":{"counter_culture":0.0005401311,"herd_immunity":0.9566869436,"obs_comp":0.9507489966},"('mean', 2, 0.333333, 0.01, 0.25)":{"counter_culture":0.0005358189,"herd_immunity":0.9564327496,"obs_comp":0.9495094039},"('mean', 2, 0.333333, 0.01, 0.275)":{"counter_culture":0.0006066939,"herd_immunity":0.955535843,"obs_comp":0.9480279962},"('mean', 2, 0.333333, 0.01, 0.3)":{"counter_culture":0.0006143231,"herd_immunity":0.9552117107,"obs_comp":0.9465666014},"('mean', 2, 0.333333, 0.01, 0.325)":{"counter_culture":0.0006457248,"herd_immunity":0.9547204451,"obs_comp":0.9449516259},"('mean', 2, 0.333333, 0.01, 0.35)":{"counter_culture":0.0006895103,"herd_immunity":0.9543624359,"obs_comp":0.9433824261},"('mean', 2, 0.333333, 0.01, 0.375)":{"counter_culture":0.0007278778,"herd_immunity":0.9536557265,"obs_comp":0.9413450758},"('mean', 2, 0.333333, 0.01, 0.4)":{"counter_culture":0.0007320795,"herd_immunity":0.9541347412,"obs_comp":0.9406184142},"('mean', 2, 0.333333, 0.01, 0.425)":{"counter_culture":0.0008051658,"herd_immunity":0.9531785377,"obs_comp":0.9380439181},"('mean', 2, 0.333333, 0.01, 0.45)":{"counter_culture":0.0008555854,"herd_immunity":0.9530990014,"obs_comp":0.9367263741},"('mean', 2, 0.333333, 0.01, 0.475)":{"counter_culture":0.000885992,"herd_immunity":0.9526838435,"obs_comp":0.93445329},"('mean', 2, 0.333333, 0.01, 0.5)":{"counter_culture":0.0010340443,"herd_immunity":0.9521433718,"obs_comp":0.9319540916},"('mean', 2, 0.333333, 0.01, 0.525)":{"counter_culture":0.0011521323,"herd_immunity":0.9513838659,"obs_comp":0.9294861844},"('mean', 2, 0.333333, 0.01, 0.55)":{"counter_culture":0.0013362302,"herd_immunity":0.9508361591,"obs_comp":0.9271308367},"('mean', 2, 0.333333, 0.01, 0.575)":{"counter_culture":0.0015773819,"herd_immunity":0.9500746603,"obs_comp":0.9236455811},"('mean', 2, 0.333333, 0.01, 0.6)":{"counter_culture":0.0017657921,"herd_immunity":0.9505651104,"obs_comp":0.9214547606},"('mean', 2, 0.333333, 0.01, 0.625)":{"counter_culture":0.0025081545,"herd_immunity":0.9491985975,"obs_comp":0.917517387},"('mean', 2, 0.333333, 0.01, 0.65)":{"counter_culture":0.003618381,"herd_immunity":0.9489393912,"obs_comp":0.9138889442},"('mean', 2, 0.333333, 0.01, 0.675)":{"counter_culture":0.0051315222,"herd_immunity":0.9480077625,"obs_comp":0.9096276025},"('mean', 2, 0.333333, 0.01, 0.7)":{"counter_culture":0.0082123152,"herd_immunity":0.9475725923,"obs_comp":0.9047635475},"('mean', 2, 0.333333, 0.01, 0.725)":{"counter_culture":0.0122480954,"herd_immunity":0.9473566614,"obs_comp":0.9001842085},"('mean', 2, 0.333333, 0.01, 0.75)":{"counter_culture":0.0179585586,"herd_immunity":0.9474004041,"obs_comp":0.8946022269},"('mean', 2, 0.333333, 0.01, 0.775)":{"counter_culture":0.0273467786,"herd_immunity":0.9465697234,"obs_comp":0.8876288409},"('mean', 2, 0.333333, 0.01, 0.8)":{"counter_culture":0.0387325439,"herd_immunity":0.9453389184,"obs_comp":0.8799635121},"('mean', 2, 0.333333, 0.01, 0.825)":{"counter_culture":0.0529536383,"herd_immunity":0.9450575771,"obs_comp":0.870456209},"('mean', 2, 0.333333, 0.01, 0.85)":{"counter_culture":0.0692104245,"herd_immunity":0.9447843289,"obs_comp":0.8597079864},"('mean', 2, 0.333333, 0.01, 0.875)":{"counter_culture":0.0891315885,"herd_immunity":0.9435691057,"obs_comp":0.8458516602},"('mean', 2, 0.333333, 0.01, 0.9)":{"counter_culture":0.1143720215,"herd_immunity":0.9429534564,"obs_comp":0.8274952732},"('mean', 2, 0.333333, 0.01, 0.925)":{"counter_culture":0.1437537179,"herd_immunity":0.9420540718,"obs_comp":0.8051220132},"('mean', 2, 0.333333, 0.01, 0.95)":{"counter_culture":0.1857625413,"herd_immunity":0.9425817016,"obs_comp":0.7709900377},"('mean', 2, 0.333333, 0.01, 0.975)":{"counter_culture":0.2455400759,"herd_immunity":0.9422740318,"obs_comp":0.7198631152},"('mean', 2, 0.333333, 0.01, 1.0)":{"counter_culture":0.3485015646,"herd_immunity":null,"obs_comp":0.6275845026}}