{"('mean', 2, 0.333333, 0.01, 0.0)":{"counter_culture":0.004511542,"herd_immunity":0.9198441954,"obs_comp":0.9202298016},"('mean', 2, 0.333333, 0.01, 0.025)":{"counter_culture":0.0049540002,"herd_immunity":0.9186068775,"obs_comp":0.918226758},"('mean', 2, 0.333333, 0.01, 0.05)":{"counter_culture":0.0053552018,"herd_immunity":0.9179237367,"obs_comp":0.9166471501},"('mean', 2, 0.333333, 0.01, 0.075)":{"counter_culture":0.0053406261,"herd_immunity":0.9167025775,"obs_comp":0.9142026365},"('mean', 2, 0.333333, 0.01, 0.1)":{"counter_culture":0.0055550615,"herd_immunity":0.9174286278,"obs_comp":0.9139844954},"('mean', 2, 0.333333, 0.01, 0.125)":{"counter_culture":0.0053715068,"herd_immunity":0.9176052068,"obs_comp":0.9129338116},"('mean', 2, 0.333333, 0.01, 0.15)":{"counter_culture":0.0064219436,"herd_immunity":0.9153274954,"obs_comp":0.9094022985},"('mean', 2, 0.333333, 0.01, 0.175)":{"counter_culture":0.0071759259,"herd_immunity":0.9147823199,"obs_comp":0.9071346694},"('mean', 2, 0.333333, 0.01, 0.2)":{"counter_culture":0.0074642278,"herd_immunity":0.9138126494,"obs_comp":0.9054174572},"('mean', 2, 0.333333, 0.01, 0.225)":{"counter_culture":0.0079266967,"herd_immunity":0.9135437978,"obs_comp":0.9039465493},"('mean', 2, 0.333333, 0.01, 0.25)":{"counter_culture":0.0084059647,"herd_immunity":0.9132666182,"obs_comp":0.9012307799},"('mean', 2, 0.333333, 0.01, 0.275)":{"counter_culture":0.0090203664,"herd_immunity":0.9114645583,"obs_comp":0.8984018637},"('mean', 2, 0.333333, 0.01, 0.3)":{"counter_culture":0.0100955077,"herd_immunity":0.9110477285,"obs_comp":0.896338047},"('mean', 2, 0.333333, 0.01, 0.325)":{"counter_culture":0.0098968833,"herd_immunity":0.9118975399,"obs_comp":0.895319479},"('mean', 2, 0.333333, 0.01, 0.35)":{"counter_culture":0.0117803569,"herd_immunity":0.9094261314,"obs_comp":0.8915357326},"('mean', 2, 0.333333, 0.01, 0.375)":{"counter_culture":0.0121860054,"herd_immunity":0.910419642,"obs_comp":0.8900324618},"('mean', 2, 0.333333, 0.01, 0.4)":{"counter_culture":0.0143711214,"herd_immunity":0.9072860478,"obs_comp":0.8845806652},"('mean', 2, 0.333333, 0.01, 0.425)":{"counter_culture":0.0141361813,"herd_immunity":0.9090179439,"obs_comp":0.8838103779},"('mean', 2, 0.333333, 0.01, 0.45)":{"counter_culture":0.0162570655,"herd_immunity":0.9082926994,"obs_comp":0.8800555358},"('mean', 2, 0.333333, 0.01, 0.475)":{"counter_culture":0.018722825,"herd_immunity":0.9066995517,"obs_comp":0.8764306396},"('mean', 2, 0.333333, 0.01, 0.5)":{"counter_culture":0.0207555141,"herd_immunity":0.9068166298,"obs_comp":0.8733922289},"('mean', 2, 0.333333, 0.01, 0.525)":{"counter_culture":0.0227200186,"herd_immunity":0.906439686,"obs_comp":0.8702295545},"('mean', 2, 0.333333, 0.01, 0.55)":{"counter_culture":0.0279630618,"herd_immunity":0.904443161,"obs_comp":0.864047492},"('mean', 2, 0.333333, 0.01, 0.575)":{"counter_culture":0.0327745168,"herd_immunity":0.9034490659,"obs_comp":0.8594628246},"('mean', 2, 0.333333, 0.01, 0.6)":{"counter_culture":0.0368381655,"herd_immunity":0.9033006753,"obs_comp":0.8553912704},"('mean', 2, 0.333333, 0.01, 0.625)":{"counter_culture":0.0431477035,"herd_immunity":0.9024446133,"obs_comp":0.8499503439},"('mean', 2, 0.333333, 0.01, 0.65)":{"counter_culture":0.0509869461,"herd_immunity":0.9007195907,"obs_comp":0.8435723744},"('mean', 2, 0.333333, 0.01, 0.675)":{"counter_culture":0.0585107119,"herd_immunity":0.9008391359,"obs_comp":0.8381554113},"('mean', 2, 0.333333, 0.01, 0.7)":{"counter_culture":0.0707424206,"herd_immunity":0.8979915254,"obs_comp":0.8303082632},"('mean', 2, 0.333333, 0.01, 0.725)":{"counter_culture":0.0815229851,"herd_immunity":0.8972282008,"obs_comp":0.8230446362},"('mean', 2, 0.333333, 0.01, 0.75)":{"counter_culture":0.0945709317,"herd_immunity":0.8969154873,"obs_comp":0.8152943298},"('mean', 2, 0.333333, 0.01, 0.775)":{"counter_culture":0.106337454,"herd_immunity":0.896639362,"obs_comp":0.8075422942},"('mean', 2, 0.333333, 0.01, 0.8)":{"counter_culture":0.1252579153,"herd_immunity":0.8950008246,"obs_comp":0.7952142377},"('mean', 2, 0.333333, 0.01, 0.825)":{"counter_culture":0.1422111546,"herd_immunity":0.8926978189,"obs_comp":0.7830946875},"('mean', 2, 0.333333, 0.01, 0.85)":{"counter_culture":0.1571608562,"herd_immunity":0.8936104555,"obs_comp":0.7732813056},"('mean', 2, 0.333333, 0.01, 0.875)":{"counter_culture":0.1805424622,"herd_immunity":0.8915121437,"obs_comp":0.7562272718},"('mean', 2, 0.333333, 0.01, 0.9)":{"counter_culture":0.2022636764,"herd_immunity":0.8906193246,"obs_comp":0.739951925},"('mean', 2, 0.333333, 0.01, 0.925)":{"counter_culture":0.2291399858,"herd_immunity":0.8905006446,"obs_comp":0.7188930393},"('mean', 2, 0.333333, 0.01, 0.95)":{"counter_culture":0.2632905451,"herd_immunity":0.8896814396,"obs_comp":0.6911266256},"('mean', 2, 0.333333, 0.01, 0.975)":{"counter_culture":0.3013555378,"herd_immunity":0.8891574601,"obs_comp":0.6592078738},"('mean', 2, 0.333333, 0.01, 1.0)":{"counter_culture":0.3513975355,"herd_immunity":null,"obs_comp":0.6153365746}}