{"('mean', 2, 0.333333, 0.01, 0.0)":{"counter_culture":0.0028081301,"herd_immunity":0.9698776804,"obs_comp":0.969777561},"('mean', 2, 0.333333, 0.01, 0.025)":{"counter_culture":0.0025564228,"herd_immunity":0.9694702766,"obs_comp":0.9691281301},"('mean', 2, 0.333333, 0.01, 0.05)":{"counter_culture":0.0033499187,"herd_immunity":0.9686141725,"obs_comp":0.9678055285},"('mean', 2, 0.333333, 0.01, 0.075)":{"counter_culture":0.0031713821,"herd_immunity":0.9686868718,"obs_comp":0.9675343089},"('mean', 2, 0.333333, 0.01, 0.1)":{"counter_culture":0.0030741463,"herd_immunity":0.9682449894,"obs_comp":0.9666520325},"('mean', 2, 0.333333, 0.01, 0.125)":{"counter_culture":0.0035352846,"herd_immunity":0.9676392098,"obs_comp":0.9657827642},"('mean', 2, 0.333333, 0.01, 0.15)":{"counter_culture":0.0033173984,"herd_immunity":0.9676506608,"obs_comp":0.9654565854},"('mean', 2, 0.333333, 0.01, 0.175)":{"counter_culture":0.0037102439,"herd_immunity":0.9671595406,"obs_comp":0.9638695935},"('mean', 2, 0.333333, 0.01, 0.2)":{"counter_culture":0.0036269919,"herd_immunity":0.9676469179,"obs_comp":0.963822439},"('mean', 2, 0.333333, 0.01, 0.225)":{"counter_culture":0.0040429268,"herd_immunity":0.9674022789,"obs_comp":0.9630162602},"('mean', 2, 0.333333, 0.01, 0.25)":{"counter_culture":0.0041138211,"herd_immunity":0.9673431354,"obs_comp":0.9619310569},"('mean', 2, 0.333333, 0.01, 0.275)":{"counter_culture":0.0045827642,"herd_immunity":0.9660577578,"obs_comp":0.9598165854},"('mean', 2, 0.333333, 0.01, 0.3)":{"counter_culture":0.0054068293,"herd_immunity":0.9653934674,"obs_comp":0.9588396748},"('mean', 2, 0.333333, 0.01, 0.325)":{"counter_culture":0.005284878,"herd_immunity":0.96549172,"obs_comp":0.9578491057},"('mean', 2, 0.333333, 0.01, 0.35)":{"counter_culture":0.0054731707,"herd_immunity":0.9653615857,"obs_comp":0.9569352846},"('mean', 2, 0.333333, 0.01, 0.375)":{"counter_culture":0.0059905691,"herd_immunity":0.964668196,"obs_comp":0.9556747967},"('mean', 2, 0.333333, 0.01, 0.4)":{"counter_culture":0.0063060163,"herd_immunity":0.9644639374,"obs_comp":0.9541720325},"('mean', 2, 0.333333, 0.01, 0.425)":{"counter_culture":0.0071069919,"herd_immunity":0.9636878643,"obs_comp":0.9522139837},"('mean', 2, 0.333333, 0.01, 0.45)":{"counter_culture":0.007179187,"herd_immunity":0.9640557799,"obs_comp":0.9510803252},"('mean', 2, 0.333333, 0.01, 0.475)":{"counter_culture":0.0074982114,"herd_immunity":0.9636837,"obs_comp":0.9499515447},"('mean', 2, 0.333333, 0.01, 0.5)":{"counter_culture":0.0085557724,"herd_immunity":0.9626714615,"obs_comp":0.9473281301},"('mean', 2, 0.333333, 0.01, 0.525)":{"counter_culture":0.0087681301,"herd_immunity":0.9623599187,"obs_comp":0.9459512195},"('mean', 2, 0.333333, 0.01, 0.55)":{"counter_culture":0.009624065,"herd_immunity":0.9625611193,"obs_comp":0.944057561},"('mean', 2, 0.333333, 0.01, 0.575)":{"counter_culture":0.0097931707,"herd_immunity":0.9627497619,"obs_comp":0.9425847154},"('mean', 2, 0.333333, 0.01, 0.6)":{"counter_culture":0.0107941463,"herd_immunity":0.9615093432,"obs_comp":0.9395505691},"('mean', 2, 0.333333, 0.01, 0.625)":{"counter_culture":0.0115834146,"herd_immunity":0.9619826665,"obs_comp":0.937417561},"('mean', 2, 0.333333, 0.01, 0.65)":{"counter_culture":0.0138471545,"herd_immunity":0.9607856892,"obs_comp":0.933779187},"('mean', 2, 0.333333, 0.01, 0.675)":{"counter_culture":0.0154139837,"herd_immunity":0.9604873383,"obs_comp":0.9299739837},"('mean', 2, 0.333333, 0.01, 0.7)":{"counter_culture":0.0170156098,"herd_immunity":0.960880084,"obs_comp":0.9267011382},"('mean', 2, 0.333333, 0.01, 0.725)":{"counter_culture":0.0202370732,"herd_immunity":0.9595922033,"obs_comp":0.9216198374},"('mean', 2, 0.333333, 0.01, 0.75)":{"counter_culture":0.0233089431,"herd_immunity":0.9594873235,"obs_comp":0.917515122},"('mean', 2, 0.333333, 0.01, 0.775)":{"counter_culture":0.0297554472,"herd_immunity":0.9587600235,"obs_comp":0.9096156098},"('mean', 2, 0.333333, 0.01, 0.8)":{"counter_culture":0.0351505691,"herd_immunity":0.9587909866,"obs_comp":0.9040978862},"('mean', 2, 0.333333, 0.01, 0.825)":{"counter_culture":0.0448510569,"herd_immunity":0.9580143051,"obs_comp":0.8953769106},"('mean', 2, 0.333333, 0.01, 0.85)":{"counter_culture":0.0592331707,"herd_immunity":0.9569232698,"obs_comp":0.8839687805},"('mean', 2, 0.333333, 0.01, 0.875)":{"counter_culture":0.0777525203,"herd_immunity":0.9577688179,"obs_comp":0.8709726829},"('mean', 2, 0.333333, 0.01, 0.9)":{"counter_culture":0.1018842276,"herd_immunity":0.9573876978,"obs_comp":0.8532530081},"('mean', 2, 0.333333, 0.01, 0.925)":{"counter_culture":0.133316748,"herd_immunity":0.9574166805,"obs_comp":0.8280377236},"('mean', 2, 0.333333, 0.01, 0.95)":{"counter_culture":0.1768149593,"herd_immunity":0.9562711718,"obs_comp":0.7909652033},"('mean', 2, 0.333333, 0.01, 0.975)":{"counter_culture":0.2420718699,"herd_immunity":0.9535466485,"obs_comp":0.7328152846},"('mean', 2, 0.333333, 0.01, 1.0)":{"counter_culture":0.3454344715,"herd_immunity":null,"obs_comp":0.637358374}}