{"('mean', 2, 0.333333, 0.01, 0.0)":{"counter_culture":0.0002246301,"herd_immunity":0.9846951481,"obs_comp":0.9846649558},"('mean', 2, 0.333333, 0.01, 0.025)":{"counter_culture":0.000228432,"herd_immunity":0.9846063436,"obs_comp":0.9842806451},"('mean', 2, 0.333333, 0.01, 0.05)":{"counter_culture":0.0002325508,"herd_immunity":0.984410379,"obs_comp":0.9838313848},"('mean', 2, 0.333333, 0.01, 0.075)":{"counter_culture":0.0002379368,"herd_immunity":0.9839338367,"obs_comp":0.9830447042},"('mean', 2, 0.333333, 0.01, 0.1)":{"counter_culture":0.0002493426,"herd_immunity":0.9838624154,"obs_comp":0.9826160378},"('mean', 2, 0.333333, 0.01, 0.125)":{"counter_culture":0.0002430061,"herd_immunity":0.9837440151,"obs_comp":0.9819038114},"('mean', 2, 0.333333, 0.01, 0.15)":{"counter_culture":0.0002506099,"herd_immunity":0.9834541594,"obs_comp":0.9814507493},"('mean', 2, 0.333333, 0.01, 0.175)":{"counter_culture":0.0002607483,"herd_immunity":0.983327174,"obs_comp":0.9806884643},"('mean', 2, 0.333333, 0.01, 0.2)":{"counter_culture":0.0002642334,"herd_immunity":0.9827609507,"obs_comp":0.9798758039},"('mean', 2, 0.333333, 0.01, 0.225)":{"counter_culture":0.0002775402,"herd_immunity":0.9826286852,"obs_comp":0.9791490036},"('mean', 2, 0.333333, 0.01, 0.25)":{"counter_culture":0.0002822926,"herd_immunity":0.9825772153,"obs_comp":0.9786078636},"('mean', 2, 0.333333, 0.01, 0.275)":{"counter_culture":0.0002886291,"herd_immunity":0.9824988481,"obs_comp":0.9780692583},"('mean', 2, 0.333333, 0.01, 0.3)":{"counter_culture":0.0003032031,"herd_immunity":0.9822364259,"obs_comp":0.9769087222},"('mean', 2, 0.333333, 0.01, 0.325)":{"counter_culture":0.0003196781,"herd_immunity":0.9821584383,"obs_comp":0.9762189906},"('mean', 2, 0.333333, 0.01, 0.35)":{"counter_culture":0.0003361531,"herd_immunity":0.9819410118,"obs_comp":0.9754332605},"('mean', 2, 0.333333, 0.01, 0.375)":{"counter_culture":0.0003485093,"herd_immunity":0.981365327,"obs_comp":0.9740186294},"('mean', 2, 0.333333, 0.01, 0.4)":{"counter_culture":0.0003668853,"herd_immunity":0.9813185438,"obs_comp":0.9730139721},"('mean', 2, 0.333333, 0.01, 0.425)":{"counter_culture":0.0004096569,"herd_immunity":0.9809024111,"obs_comp":0.9719402465},"('mean', 2, 0.333333, 0.01, 0.45)":{"counter_culture":0.0003992016,"herd_immunity":0.9811109967,"obs_comp":0.9710664386},"('mean', 2, 0.333333, 0.01, 0.475)":{"counter_culture":0.0004559136,"herd_immunity":0.9802896909,"obs_comp":0.969279853},"('mean', 2, 0.333333, 0.01, 0.5)":{"counter_culture":0.00047524,"herd_immunity":0.9808103585,"obs_comp":0.9680854165},"('mean', 2, 0.333333, 0.01, 0.525)":{"counter_culture":0.0005069227,"herd_immunity":0.9800174551,"obs_comp":0.9661923772},"('mean', 2, 0.333333, 0.01, 0.55)":{"counter_culture":0.0005604664,"herd_immunity":0.9798266573,"obs_comp":0.9645017901},"('mean', 2, 0.333333, 0.01, 0.575)":{"counter_culture":0.0005807433,"herd_immunity":0.9794939379,"obs_comp":0.9629040332},"('mean', 2, 0.333333, 0.01, 0.6)":{"counter_culture":0.0006732567,"herd_immunity":0.9795159528,"obs_comp":0.960530051},"('mean', 2, 0.333333, 0.01, 0.625)":{"counter_culture":0.0007717898,"herd_immunity":0.9785792721,"obs_comp":0.958535944},"('mean', 2, 0.333333, 0.01, 0.65)":{"counter_culture":0.000881095,"herd_immunity":0.9786359704,"obs_comp":0.9559826379},"('mean', 2, 0.333333, 0.01, 0.675)":{"counter_culture":0.001047429,"herd_immunity":0.9785999389,"obs_comp":0.9532712353},"('mean', 2, 0.333333, 0.01, 0.7)":{"counter_culture":0.0012457624,"herd_immunity":0.9790180479,"obs_comp":0.9504986852},"('mean', 2, 0.333333, 0.01, 0.725)":{"counter_culture":0.0017834173,"herd_immunity":0.9777960337,"obs_comp":0.9464927288},"('mean', 2, 0.333333, 0.01, 0.75)":{"counter_culture":0.002405348,"herd_immunity":0.9768447631,"obs_comp":0.9419912556},"('mean', 2, 0.333333, 0.01, 0.775)":{"counter_culture":0.0037930488,"herd_immunity":0.9773518731,"obs_comp":0.9378965878},"('mean', 2, 0.333333, 0.01, 0.8)":{"counter_culture":0.0058543231,"herd_immunity":0.9770434517,"obs_comp":0.9328729842},"('mean', 2, 0.333333, 0.01, 0.825)":{"counter_culture":0.0126204733,"herd_immunity":0.9768059265,"obs_comp":0.9246757279},"('mean', 2, 0.333333, 0.01, 0.85)":{"counter_culture":0.024379495,"herd_immunity":0.9758564367,"obs_comp":0.9159246586},"('mean', 2, 0.333333, 0.01, 0.875)":{"counter_culture":0.0395754523,"herd_immunity":0.9755424677,"obs_comp":0.905724741},"('mean', 2, 0.333333, 0.01, 0.9)":{"counter_culture":0.0609897665,"herd_immunity":0.9762978498,"obs_comp":0.8910312708},"('mean', 2, 0.333333, 0.01, 0.925)":{"counter_culture":0.0891670627,"herd_immunity":0.9752599348,"obs_comp":0.8702601147},"('mean', 2, 0.333333, 0.01, 0.95)":{"counter_culture":0.1293093179,"herd_immunity":0.9752922441,"obs_comp":0.8384925387},"('mean', 2, 0.333333, 0.01, 0.975)":{"counter_culture":0.1955599911,"herd_immunity":0.9751948446,"obs_comp":0.7815264709},"('mean', 2, 0.333333, 0.01, 1.0)":{"counter_culture":0.3379776954,"herd_immunity":null,"obs_comp":0.6496999651}}