{"('mean', 2, 0.333333, 0.01, 0.0)":{"counter_culture":0.0009930124,"herd_immunity":0.9439558707,"obs_comp":0.9445554348},"('mean', 2, 0.333333, 0.01, 0.025)":{"counter_culture":0.0010181677,"herd_immunity":0.9436580014,"obs_comp":0.9433285714},"('mean', 2, 0.333333, 0.01, 0.05)":{"counter_culture":0.0010771739,"herd_immunity":0.942975606,"obs_comp":0.9422209627},"('mean', 2, 0.333333, 0.01, 0.075)":{"counter_culture":0.0010649068,"herd_immunity":0.9426503633,"obs_comp":0.9411622671},"('mean', 2, 0.333333, 0.01, 0.1)":{"counter_culture":0.0011208075,"herd_immunity":0.9423464203,"obs_comp":0.9400829193},"('mean', 2, 0.333333, 0.01, 0.125)":{"counter_culture":0.0011159938,"herd_immunity":0.9419940751,"obs_comp":0.9392110248},"('mean', 2, 0.333333, 0.01, 0.15)":{"counter_culture":0.0011576087,"herd_immunity":0.941395709,"obs_comp":0.937817236},"('mean', 2, 0.333333, 0.01, 0.175)":{"counter_culture":0.0011836957,"herd_immunity":0.9411415881,"obs_comp":0.9368175466},"('mean', 2, 0.333333, 0.01, 0.2)":{"counter_culture":0.0012481366,"herd_immunity":0.9402612074,"obs_comp":0.9350091615},"('mean', 2, 0.333333, 0.01, 0.225)":{"counter_culture":0.0012619565,"herd_immunity":0.940141878,"obs_comp":0.9341763975},"('mean', 2, 0.333333, 0.01, 0.25)":{"counter_culture":0.0012934783,"herd_immunity":0.9398074868,"obs_comp":0.9330029503},"('mean', 2, 0.333333, 0.01, 0.275)":{"counter_culture":0.0013090062,"herd_immunity":0.9392165665,"obs_comp":0.9311152174},"('mean', 2, 0.333333, 0.01, 0.3)":{"counter_culture":0.0013836957,"herd_immunity":0.9386630713,"obs_comp":0.9298453416},"('mean', 2, 0.333333, 0.01, 0.325)":{"counter_culture":0.0014285714,"herd_immunity":0.9378054258,"obs_comp":0.9277832298},"('mean', 2, 0.333333, 0.01, 0.35)":{"counter_culture":0.0014846273,"herd_immunity":0.9375193104,"obs_comp":0.9268296584},"('mean', 2, 0.333333, 0.01, 0.375)":{"counter_culture":0.0015060559,"herd_immunity":0.9367274527,"obs_comp":0.924388354},"('mean', 2, 0.333333, 0.01, 0.4)":{"counter_culture":0.0015958075,"herd_immunity":0.9361513053,"obs_comp":0.922663354},"('mean', 2, 0.333333, 0.01, 0.425)":{"counter_culture":0.0017074534,"herd_immunity":0.9362385524,"obs_comp":0.9210119565},"('mean', 2, 0.333333, 0.01, 0.45)":{"counter_culture":0.001782764,"herd_immunity":0.9359638918,"obs_comp":0.9193322981},"('mean', 2, 0.333333, 0.01, 0.475)":{"counter_culture":0.0018276398,"herd_immunity":0.9352329463,"obs_comp":0.9171049689},"('mean', 2, 0.333333, 0.01, 0.5)":{"counter_culture":0.0019737578,"herd_immunity":0.9348801407,"obs_comp":0.9148588509},"('mean', 2, 0.333333, 0.01, 0.525)":{"counter_culture":0.0021031056,"herd_immunity":0.9341945374,"obs_comp":0.9122964286},"('mean', 2, 0.333333, 0.01, 0.55)":{"counter_culture":0.002201087,"herd_immunity":0.9332462774,"obs_comp":0.9098215839},"('mean', 2, 0.333333, 0.01, 0.575)":{"counter_culture":0.0024400621,"herd_immunity":0.9324242699,"obs_comp":0.906365528},"('mean', 2, 0.333333, 0.01, 0.6)":{"counter_culture":0.0026965839,"herd_immunity":0.9325520454,"obs_comp":0.903861646},"('mean', 2, 0.333333, 0.01, 0.625)":{"counter_culture":0.0029801242,"herd_immunity":0.9319122149,"obs_comp":0.9005223602},"('mean', 2, 0.333333, 0.01, 0.65)":{"counter_culture":0.0035110248,"herd_immunity":0.9306235438,"obs_comp":0.8970108696},"('mean', 2, 0.333333, 0.01, 0.675)":{"counter_culture":0.0042588509,"herd_immunity":0.9303144966,"obs_comp":0.8931571429},"('mean', 2, 0.333333, 0.01, 0.7)":{"counter_culture":0.0053821429,"herd_immunity":0.9303352673,"obs_comp":0.8888650621},"('mean', 2, 0.333333, 0.01, 0.725)":{"counter_culture":0.0072173913,"herd_immunity":0.9297158652,"obs_comp":0.8839748447},"('mean', 2, 0.333333, 0.01, 0.75)":{"counter_culture":0.0100919255,"herd_immunity":0.9291702811,"obs_comp":0.878534472},"('mean', 2, 0.333333, 0.01, 0.775)":{"counter_culture":0.0136310559,"herd_immunity":0.928062123,"obs_comp":0.8721427019},"('mean', 2, 0.333333, 0.01, 0.8)":{"counter_culture":0.0232180124,"herd_immunity":0.9270965121,"obs_comp":0.8640645963},"('mean', 2, 0.333333, 0.01, 0.825)":{"counter_culture":0.0338090062,"herd_immunity":0.9261218727,"obs_comp":0.8562453416},"('mean', 2, 0.333333, 0.01, 0.85)":{"counter_culture":0.052176087,"herd_immunity":0.925905067,"obs_comp":0.844428882},"('mean', 2, 0.333333, 0.01, 0.875)":{"counter_culture":0.0707357143,"herd_immunity":0.9256368771,"obs_comp":0.8327619565},"('mean', 2, 0.333333, 0.01, 0.9)":{"counter_culture":0.0976782609,"herd_immunity":0.924395761,"obs_comp":0.815277795},"('mean', 2, 0.333333, 0.01, 0.925)":{"counter_culture":0.1308590062,"herd_immunity":0.9242660788,"obs_comp":0.791672205},"('mean', 2, 0.333333, 0.01, 0.95)":{"counter_culture":0.1742694099,"herd_immunity":0.9225332426,"obs_comp":0.7587090062},"('mean', 2, 0.333333, 0.01, 0.975)":{"counter_culture":0.2369726708,"herd_immunity":0.9217367076,"obs_comp":0.7083956522},"('mean', 2, 0.333333, 0.01, 1.0)":{"counter_culture":0.3466170807,"herd_immunity":null,"obs_comp":0.6153470497}}