{"('mean', 2, 0.333333, 0.01, 0.0)":{"counter_culture":0.0002242471,"herd_immunity":0.9671754067,"obs_comp":0.9673283912},"('mean', 2, 0.333333, 0.01, 0.025)":{"counter_culture":0.0002449421,"herd_immunity":0.966662771,"obs_comp":0.9663775547},"('mean', 2, 0.333333, 0.01, 0.05)":{"counter_culture":0.0002541055,"herd_immunity":0.9665526241,"obs_comp":0.9656269755},"('mean', 2, 0.333333, 0.01, 0.075)":{"counter_culture":0.0002568855,"herd_immunity":0.966193196,"obs_comp":0.9648087516},"('mean', 2, 0.333333, 0.01, 0.1)":{"counter_culture":0.0002562677,"herd_immunity":0.9654419798,"obs_comp":0.9635171171},"('mean', 2, 0.333333, 0.01, 0.125)":{"counter_culture":0.0002637838,"herd_immunity":0.9655505406,"obs_comp":0.9629430116},"('mean', 2, 0.333333, 0.01, 0.15)":{"counter_culture":0.0002814929,"herd_immunity":0.9654162798,"obs_comp":0.9620445817},"('mean', 2, 0.333333, 0.01, 0.175)":{"counter_culture":0.0002703732,"herd_immunity":0.9650115839,"obs_comp":0.9608086486},"('mean', 2, 0.333333, 0.01, 0.2)":{"counter_culture":0.0003011583,"herd_immunity":0.9645167989,"obs_comp":0.9596731017},"('mean', 2, 0.333333, 0.01, 0.225)":{"counter_culture":0.0003314286,"herd_immunity":0.9640265553,"obs_comp":0.9581553668},"('mean', 2, 0.333333, 0.01, 0.25)":{"counter_culture":0.0003480051,"herd_immunity":0.9638394245,"obs_comp":0.9572079279},"('mean', 2, 0.333333, 0.01, 0.275)":{"counter_culture":0.0003489318,"herd_immunity":0.9634949443,"obs_comp":0.9558232175},"('mean', 2, 0.333333, 0.01, 0.3)":{"counter_culture":0.0003855856,"herd_immunity":0.9624461448,"obs_comp":0.9540494208},"('mean', 2, 0.333333, 0.01, 0.325)":{"counter_culture":0.0003842471,"herd_immunity":0.9624074632,"obs_comp":0.9527005405},"('mean', 2, 0.333333, 0.01, 0.35)":{"counter_culture":0.0004165766,"herd_immunity":0.961925678,"obs_comp":0.9510896268},"('mean', 2, 0.333333, 0.01, 0.375)":{"counter_culture":0.000446538,"herd_immunity":0.9617360609,"obs_comp":0.9497158301},"('mean', 2, 0.333333, 0.01, 0.4)":{"counter_culture":0.0004238867,"herd_immunity":0.9613931848,"obs_comp":0.9476577606},"('mean', 2, 0.333333, 0.01, 0.425)":{"counter_culture":0.0005177864,"herd_immunity":0.9609347173,"obs_comp":0.9458440154},"('mean', 2, 0.333333, 0.01, 0.45)":{"counter_culture":0.0005670013,"herd_immunity":0.9607349969,"obs_comp":0.9439571686},"('mean', 2, 0.333333, 0.01, 0.475)":{"counter_culture":0.0005825483,"herd_immunity":0.9605931599,"obs_comp":0.9420900901},"('mean', 2, 0.333333, 0.01, 0.5)":{"counter_culture":0.0007025997,"herd_immunity":0.9595029995,"obs_comp":0.9390920978},"('mean', 2, 0.333333, 0.01, 0.525)":{"counter_culture":0.0008501416,"herd_immunity":0.9593599395,"obs_comp":0.9369048134},"('mean', 2, 0.333333, 0.01, 0.55)":{"counter_culture":0.0009631918,"herd_immunity":0.95865726,"obs_comp":0.9340269755},"('mean', 2, 0.333333, 0.01, 0.575)":{"counter_culture":0.001367722,"herd_immunity":0.9583325159,"obs_comp":0.9307718919},"('mean', 2, 0.333333, 0.01, 0.6)":{"counter_culture":0.0016884427,"herd_immunity":0.9583771852,"obs_comp":0.9281592793},"('mean', 2, 0.333333, 0.01, 0.625)":{"counter_culture":0.0023595367,"herd_immunity":0.9577716974,"obs_comp":0.9240424196},"('mean', 2, 0.333333, 0.01, 0.65)":{"counter_culture":0.004090399,"herd_immunity":0.9570503539,"obs_comp":0.9196245045},"('mean', 2, 0.333333, 0.01, 0.675)":{"counter_culture":0.0064647619,"herd_immunity":0.956583575,"obs_comp":0.915076139},"('mean', 2, 0.333333, 0.01, 0.7)":{"counter_culture":0.0098619305,"herd_immunity":0.9565112395,"obs_comp":0.9107648906},"('mean', 2, 0.333333, 0.01, 0.725)":{"counter_culture":0.0163868211,"herd_immunity":0.9560345336,"obs_comp":0.9047191763},"('mean', 2, 0.333333, 0.01, 0.75)":{"counter_culture":0.0259631403,"herd_immunity":0.9551127815,"obs_comp":0.8977897555},"('mean', 2, 0.333333, 0.01, 0.775)":{"counter_culture":0.0372771171,"herd_immunity":0.9541868304,"obs_comp":0.8901540283},"('mean', 2, 0.333333, 0.01, 0.8)":{"counter_culture":0.0521413642,"herd_immunity":0.953613902,"obs_comp":0.8806601802},"('mean', 2, 0.333333, 0.01, 0.825)":{"counter_culture":0.0645307593,"herd_immunity":0.9543664216,"obs_comp":0.8724110167},"('mean', 2, 0.333333, 0.01, 0.85)":{"counter_culture":0.0827813642,"herd_immunity":0.9529100864,"obs_comp":0.8592592021},"('mean', 2, 0.333333, 0.01, 0.875)":{"counter_culture":0.1041836808,"herd_immunity":0.9525600352,"obs_comp":0.8435213385},"('mean', 2, 0.333333, 0.01, 0.9)":{"counter_culture":0.1296344916,"herd_immunity":0.9517216816,"obs_comp":0.8239429601},"('mean', 2, 0.333333, 0.01, 0.925)":{"counter_culture":0.1605665894,"herd_immunity":0.9511147337,"obs_comp":0.798978121},"('mean', 2, 0.333333, 0.01, 0.95)":{"counter_culture":0.2019627284,"herd_immunity":0.9507024074,"obs_comp":0.764069704},"('mean', 2, 0.333333, 0.01, 0.975)":{"counter_culture":0.25788139,"herd_immunity":0.9493710768,"obs_comp":0.7148010296},"('mean', 2, 0.333333, 0.01, 1.0)":{"counter_culture":0.3470032432,"herd_immunity":null,"obs_comp":0.6335347233}}