{"('mean', 2, 0.333333, 0.01, 0.0)":{"counter_culture":0.0003895655,"herd_immunity":0.9777715325,"obs_comp":0.9778694826},"('mean', 2, 0.333333, 0.01, 0.025)":{"counter_culture":0.0003871901,"herd_immunity":0.9774392131,"obs_comp":0.9771462814},"('mean', 2, 0.333333, 0.01, 0.05)":{"counter_culture":0.000407273,"herd_immunity":0.9773753391,"obs_comp":0.9767590913},"('mean', 2, 0.333333, 0.01, 0.075)":{"counter_culture":0.0004057614,"herd_immunity":0.9771766197,"obs_comp":0.9759717543},"('mean', 2, 0.333333, 0.01, 0.1)":{"counter_culture":0.0004301633,"herd_immunity":0.9768583882,"obs_comp":0.9753653796},"('mean', 2, 0.333333, 0.01, 0.125)":{"counter_culture":0.0004394489,"herd_immunity":0.9763405751,"obs_comp":0.9744374622},"('mean', 2, 0.333333, 0.01, 0.15)":{"counter_culture":0.0004338343,"herd_immunity":0.9766019725,"obs_comp":0.9740280297},"('mean', 2, 0.333333, 0.01, 0.175)":{"counter_culture":0.0004910599,"herd_immunity":0.9756839951,"obs_comp":0.9727984366},"('mean', 2, 0.333333, 0.01, 0.2)":{"counter_culture":0.0004774553,"herd_immunity":0.9756258796,"obs_comp":0.9722125767},"('mean', 2, 0.333333, 0.01, 0.225)":{"counter_culture":0.0005195647,"herd_immunity":0.975571919,"obs_comp":0.9714343094},"('mean', 2, 0.333333, 0.01, 0.25)":{"counter_culture":0.0005249633,"herd_immunity":0.9756190852,"obs_comp":0.97075149},"('mean', 2, 0.333333, 0.01, 0.275)":{"counter_culture":0.0005571392,"herd_immunity":0.9750198944,"obs_comp":0.969458193},"('mean', 2, 0.333333, 0.01, 0.3)":{"counter_culture":0.0005709597,"herd_immunity":0.9747625109,"obs_comp":0.9686617863},"('mean', 2, 0.333333, 0.01, 0.325)":{"counter_culture":0.0006301287,"herd_immunity":0.9744342112,"obs_comp":0.967385333},"('mean', 2, 0.333333, 0.01, 0.35)":{"counter_culture":0.0006387665,"herd_immunity":0.974408124,"obs_comp":0.9667288589},"('mean', 2, 0.333333, 0.01, 0.375)":{"counter_culture":0.0007173706,"herd_immunity":0.9738899521,"obs_comp":0.9651764274},"('mean', 2, 0.333333, 0.01, 0.4)":{"counter_culture":0.0007033342,"herd_immunity":0.9740495651,"obs_comp":0.9644402695},"('mean', 2, 0.333333, 0.01, 0.425)":{"counter_culture":0.00076747,"herd_immunity":0.9735890118,"obs_comp":0.9628722899},"('mean', 2, 0.333333, 0.01, 0.45)":{"counter_culture":0.0008335493,"herd_immunity":0.9732802641,"obs_comp":0.961412283},"('mean', 2, 0.333333, 0.01, 0.475)":{"counter_culture":0.0009920532,"herd_immunity":0.9722657612,"obs_comp":0.959394705},"('mean', 2, 0.333333, 0.01, 0.5)":{"counter_culture":0.0009603092,"herd_immunity":0.9733168603,"obs_comp":0.9585931157},"('mean', 2, 0.333333, 0.01, 0.525)":{"counter_culture":0.0011293945,"herd_immunity":0.9723722662,"obs_comp":0.9563237454},"('mean', 2, 0.333333, 0.01, 0.55)":{"counter_culture":0.0013183467,"herd_immunity":0.9716900984,"obs_comp":0.953999309},"('mean', 2, 0.333333, 0.01, 0.575)":{"counter_culture":0.0016804872,"herd_immunity":0.9719555578,"obs_comp":0.9518608016},"('mean', 2, 0.333333, 0.01, 0.6)":{"counter_culture":0.0019845383,"herd_immunity":0.9713360346,"obs_comp":0.9492299387},"('mean', 2, 0.333333, 0.01, 0.625)":{"counter_culture":0.0023600674,"herd_immunity":0.9711762796,"obs_comp":0.9463710374},"('mean', 2, 0.333333, 0.01, 0.65)":{"counter_culture":0.0031936167,"herd_immunity":0.970853215,"obs_comp":0.9432957588},"('mean', 2, 0.333333, 0.01, 0.675)":{"counter_culture":0.0043389911,"herd_immunity":0.9704862458,"obs_comp":0.9400112292},"('mean', 2, 0.333333, 0.01, 0.7)":{"counter_culture":0.0057523538,"herd_immunity":0.970312405,"obs_comp":0.9363643431},"('mean', 2, 0.333333, 0.01, 0.725)":{"counter_culture":0.0082929515,"herd_immunity":0.9695354563,"obs_comp":0.9315640926},"('mean', 2, 0.333333, 0.01, 0.75)":{"counter_culture":0.0127010452,"herd_immunity":0.9694959169,"obs_comp":0.9267362011},"('mean', 2, 0.333333, 0.01, 0.775)":{"counter_culture":0.0189215686,"herd_immunity":0.969934097,"obs_comp":0.9206983675},"('mean', 2, 0.333333, 0.01, 0.8)":{"counter_culture":0.0295909994,"herd_immunity":0.9696645832,"obs_comp":0.9129143992},"('mean', 2, 0.333333, 0.01, 0.825)":{"counter_culture":0.0415317008,"herd_immunity":0.9683726921,"obs_comp":0.9042860845},"('mean', 2, 0.333333, 0.01, 0.85)":{"counter_culture":0.0572320117,"herd_immunity":0.9681895195,"obs_comp":0.8931342317},"('mean', 2, 0.333333, 0.01, 0.875)":{"counter_culture":0.0773641703,"herd_immunity":0.967659146,"obs_comp":0.8788358383},"('mean', 2, 0.333333, 0.01, 0.9)":{"counter_culture":0.1001753477,"herd_immunity":0.9669115866,"obs_comp":0.8614153062},"('mean', 2, 0.333333, 0.01, 0.925)":{"counter_culture":0.1318595059,"herd_immunity":0.9659727455,"obs_comp":0.8361427831},"('mean', 2, 0.333333, 0.01, 0.95)":{"counter_culture":0.1736648095,"herd_immunity":0.967312177,"obs_comp":0.8001019262},"('mean', 2, 0.333333, 0.01, 0.975)":{"counter_culture":0.236107584,"herd_immunity":0.9663666107,"obs_comp":0.7437764533},"('mean', 2, 0.333333, 0.01, 1.0)":{"counter_culture":0.3425993349,"herd_immunity":null,"obs_comp":0.643935821}}