{"('mean', 2, 0.333333, 0.01, 0.0)":{"counter_culture":0.0010589571,"herd_immunity":0.9658508595,"obs_comp":0.966094445},"('mean', 2, 0.333333, 0.01, 0.025)":{"counter_culture":0.0010561181,"herd_immunity":0.9658517327,"obs_comp":0.9657862528},"('mean', 2, 0.333333, 0.01, 0.05)":{"counter_culture":0.0010558027,"herd_immunity":0.9654721087,"obs_comp":0.9649910097},"('mean', 2, 0.333333, 0.01, 0.075)":{"counter_culture":0.0010816693,"herd_immunity":0.9649131137,"obs_comp":0.9641210056},"('mean', 2, 0.333333, 0.01, 0.1)":{"counter_culture":0.0010813539,"herd_immunity":0.9651300733,"obs_comp":0.9637355288},"('mean', 2, 0.333333, 0.01, 0.125)":{"counter_culture":0.0011128986,"herd_immunity":0.9649047126,"obs_comp":0.9627784612},"('mean', 2, 0.333333, 0.01, 0.15)":{"counter_culture":0.0011182613,"herd_immunity":0.9644463079,"obs_comp":0.9619614523},"('mean', 2, 0.333333, 0.01, 0.175)":{"counter_culture":0.0011204694,"herd_immunity":0.9643899385,"obs_comp":0.9610106937},"('mean', 2, 0.333333, 0.01, 0.2)":{"counter_culture":0.0012151036,"herd_immunity":0.9634857787,"obs_comp":0.9599813886},"('mean', 2, 0.333333, 0.01, 0.225)":{"counter_culture":0.001218889,"herd_immunity":0.9635342385,"obs_comp":0.9590202202},"('mean', 2, 0.333333, 0.01, 0.25)":{"counter_culture":0.0012214126,"herd_immunity":0.9630529469,"obs_comp":0.9581410681},"('mean', 2, 0.333333, 0.01, 0.275)":{"counter_culture":0.0012242516,"herd_immunity":0.9626487205,"obs_comp":0.9570903126},"('mean', 2, 0.333333, 0.01, 0.3)":{"counter_culture":0.0013059525,"herd_immunity":0.9622233737,"obs_comp":0.9558465033},"('mean', 2, 0.333333, 0.01, 0.325)":{"counter_culture":0.0012826094,"herd_immunity":0.9624444997,"obs_comp":0.9551780701},"('mean', 2, 0.333333, 0.01, 0.35)":{"counter_culture":0.0013012208,"herd_immunity":0.9615901827,"obs_comp":0.9535945238},"('mean', 2, 0.333333, 0.01, 0.375)":{"counter_culture":0.0013658875,"herd_immunity":0.9616081085,"obs_comp":0.9526377717},"('mean', 2, 0.333333, 0.01, 0.4)":{"counter_culture":0.0014365477,"herd_immunity":0.9616380266,"obs_comp":0.9516592537},"('mean', 2, 0.333333, 0.01, 0.425)":{"counter_culture":0.0014617835,"herd_immunity":0.9602769266,"obs_comp":0.9496110533},"('mean', 2, 0.333333, 0.01, 0.45)":{"counter_culture":0.0014106811,"herd_immunity":0.9599936135,"obs_comp":0.9481584177},"('mean', 2, 0.333333, 0.01, 0.475)":{"counter_culture":0.0014636762,"herd_immunity":0.960057358,"obs_comp":0.9469590865},"('mean', 2, 0.333333, 0.01, 0.5)":{"counter_culture":0.0015318129,"herd_immunity":0.9597824041,"obs_comp":0.9452932084},"('mean', 2, 0.333333, 0.01, 0.525)":{"counter_culture":0.0015535788,"herd_immunity":0.9591556494,"obs_comp":0.943617236},"('mean', 2, 0.333333, 0.01, 0.55)":{"counter_culture":0.0016993155,"herd_immunity":0.9594414847,"obs_comp":0.9416684016},"('mean', 2, 0.333333, 0.01, 0.575)":{"counter_culture":0.0018825905,"herd_immunity":0.9585261529,"obs_comp":0.9386287499},"('mean', 2, 0.333333, 0.01, 0.6)":{"counter_culture":0.0019030945,"herd_immunity":0.9577288367,"obs_comp":0.9366019999},"('mean', 2, 0.333333, 0.01, 0.625)":{"counter_culture":0.0019103498,"herd_immunity":0.9584577833,"obs_comp":0.9347474843},"('mean', 2, 0.333333, 0.01, 0.65)":{"counter_culture":0.0022481941,"herd_immunity":0.9568671108,"obs_comp":0.9311734646},"('mean', 2, 0.333333, 0.01, 0.675)":{"counter_culture":0.0024787862,"herd_immunity":0.9572376324,"obs_comp":0.9285123498},"('mean', 2, 0.333333, 0.01, 0.7)":{"counter_culture":0.003104003,"herd_immunity":0.9565247121,"obs_comp":0.9246610517},"('mean', 2, 0.333333, 0.01, 0.725)":{"counter_culture":0.0036746475,"herd_immunity":0.9568183031,"obs_comp":0.9212621053},"('mean', 2, 0.333333, 0.01, 0.75)":{"counter_culture":0.0047446453,"herd_immunity":0.9561356857,"obs_comp":0.9169751743},"('mean', 2, 0.333333, 0.01, 0.775)":{"counter_culture":0.0075268919,"herd_immunity":0.9554363886,"obs_comp":0.9118980474},"('mean', 2, 0.333333, 0.01, 0.8)":{"counter_culture":0.0125292578,"herd_immunity":0.9557898744,"obs_comp":0.9044803003},"('mean', 2, 0.333333, 0.01, 0.825)":{"counter_culture":0.0206564462,"herd_immunity":0.9554527533,"obs_comp":0.8974363585},"('mean', 2, 0.333333, 0.01, 0.85)":{"counter_culture":0.0350190846,"herd_immunity":0.9533135912,"obs_comp":0.8875196366},"('mean', 2, 0.333333, 0.01, 0.875)":{"counter_culture":0.0541837797,"herd_immunity":0.9530314799,"obs_comp":0.8757301032},"('mean', 2, 0.333333, 0.01, 0.9)":{"counter_culture":0.0793321977,"herd_immunity":0.9537504167,"obs_comp":0.8582931138},"('mean', 2, 0.333333, 0.01, 0.925)":{"counter_culture":0.1072638087,"herd_immunity":0.9552456844,"obs_comp":0.8382741869},"('mean', 2, 0.333333, 0.01, 0.95)":{"counter_culture":0.1517734456,"herd_immunity":0.9518701885,"obs_comp":0.8030923315},"('mean', 2, 0.333333, 0.01, 0.975)":{"counter_culture":0.2180019558,"herd_immunity":0.9520959115,"obs_comp":0.7466758146},"('mean', 2, 0.333333, 0.01, 1.0)":{"counter_culture":0.3418718652,"herd_immunity":null,"obs_comp":0.634932652}}