{"('mean', 2, 0.333333, 0.01, 0.0)":{"counter_culture":0.0009652788,"herd_immunity":0.9512373196,"obs_comp":0.9513012054},"('mean', 2, 0.333333, 0.01, 0.025)":{"counter_culture":0.0010053787,"herd_immunity":0.9509808331,"obs_comp":0.9506473611},"('mean', 2, 0.333333, 0.01, 0.05)":{"counter_culture":0.0009852087,"herd_immunity":0.951004324,"obs_comp":0.949925323},"('mean', 2, 0.333333, 0.01, 0.075)":{"counter_culture":0.0009446285,"herd_immunity":0.9501733407,"obs_comp":0.948371032},"('mean', 2, 0.333333, 0.01, 0.1)":{"counter_culture":0.0009991356,"herd_immunity":0.9503276538,"obs_comp":0.9476557172},"('mean', 2, 0.333333, 0.01, 0.125)":{"counter_culture":0.0010056188,"herd_immunity":0.9496453548,"obs_comp":0.9462279691},"('mean', 2, 0.333333, 0.01, 0.15)":{"counter_culture":0.0010663689,"herd_immunity":0.9492328968,"obs_comp":0.9447185804},"('mean', 2, 0.333333, 0.01, 0.175)":{"counter_culture":0.0010334726,"herd_immunity":0.9487165013,"obs_comp":0.9432372857},"('mean', 2, 0.333333, 0.01, 0.2)":{"counter_culture":0.0011026269,"herd_immunity":0.9488065995,"obs_comp":0.9422412717},"('mean', 2, 0.333333, 0.01, 0.225)":{"counter_culture":0.001102867,"herd_immunity":0.9471964307,"obs_comp":0.9398314364},"('mean', 2, 0.333333, 0.01, 0.25)":{"counter_culture":0.0011086299,"herd_immunity":0.9475015943,"obs_comp":0.9392210536},"('mean', 2, 0.333333, 0.01, 0.275)":{"counter_culture":0.0011917111,"herd_immunity":0.9465326204,"obs_comp":0.9368040148},"('mean', 2, 0.333333, 0.01, 0.3)":{"counter_culture":0.0012046775,"herd_immunity":0.9456127263,"obs_comp":0.9345488162},"('mean', 2, 0.333333, 0.01, 0.325)":{"counter_culture":0.0012493397,"herd_immunity":0.945434209,"obs_comp":0.9331554051},"('mean', 2, 0.333333, 0.01, 0.35)":{"counter_culture":0.0011950728,"herd_immunity":0.9455820575,"obs_comp":0.9316861163},"('mean', 2, 0.333333, 0.01, 0.375)":{"counter_culture":0.0012534217,"herd_immunity":0.9447578454,"obs_comp":0.9290599337},"('mean', 2, 0.333333, 0.01, 0.4)":{"counter_culture":0.0012786342,"herd_immunity":0.9438387803,"obs_comp":0.9266325698},"('mean', 2, 0.333333, 0.01, 0.425)":{"counter_culture":0.001389089,"herd_immunity":0.9432475465,"obs_comp":0.923987898},"('mean', 2, 0.333333, 0.01, 0.45)":{"counter_culture":0.0014215051,"herd_immunity":0.9436965527,"obs_comp":0.922201652},"('mean', 2, 0.333333, 0.01, 0.475)":{"counter_culture":0.0016851558,"herd_immunity":0.9422085236,"obs_comp":0.9191086779},"('mean', 2, 0.333333, 0.01, 0.5)":{"counter_culture":0.0019247947,"herd_immunity":0.9415459292,"obs_comp":0.9158848389},"('mean', 2, 0.333333, 0.01, 0.525)":{"counter_culture":0.0019809826,"herd_immunity":0.9415860309,"obs_comp":0.9131698122},"('mean', 2, 0.333333, 0.01, 0.55)":{"counter_culture":0.0026458724,"herd_immunity":0.9400737661,"obs_comp":0.9093620036},"('mean', 2, 0.333333, 0.01, 0.575)":{"counter_culture":0.0032749844,"herd_immunity":0.9397661803,"obs_comp":0.9051116554},"('mean', 2, 0.333333, 0.01, 0.6)":{"counter_culture":0.0037386544,"herd_immunity":0.9386972194,"obs_comp":0.9012411756},"('mean', 2, 0.333333, 0.01, 0.625)":{"counter_culture":0.0050285742,"herd_immunity":0.9395675302,"obs_comp":0.8974110359},"('mean', 2, 0.333333, 0.01, 0.65)":{"counter_culture":0.0075166883,"herd_immunity":0.9379481252,"obs_comp":0.8916448158},"('mean', 2, 0.333333, 0.01, 0.675)":{"counter_culture":0.0106132642,"herd_immunity":0.9374752682,"obs_comp":0.8874047928},"('mean', 2, 0.333333, 0.01, 0.7)":{"counter_culture":0.016919272,"herd_immunity":0.9376468924,"obs_comp":0.8815091485},"('mean', 2, 0.333333, 0.01, 0.725)":{"counter_culture":0.0278780675,"herd_immunity":0.9363010156,"obs_comp":0.8733638285},"('mean', 2, 0.333333, 0.01, 0.75)":{"counter_culture":0.0385088604,"herd_immunity":0.9368029827,"obs_comp":0.8673375594},"('mean', 2, 0.333333, 0.01, 0.775)":{"counter_culture":0.0535304711,"herd_immunity":0.9351039231,"obs_comp":0.8581465207},"('mean', 2, 0.333333, 0.01, 0.8)":{"counter_culture":0.0701399894,"herd_immunity":0.935442039,"obs_comp":0.8482956346},"('mean', 2, 0.333333, 0.01, 0.825)":{"counter_culture":0.0877010997,"herd_immunity":0.9337968794,"obs_comp":0.8369291168},"('mean', 2, 0.333333, 0.01, 0.85)":{"counter_culture":0.1088426259,"herd_immunity":0.9342321076,"obs_comp":0.8222643231},"('mean', 2, 0.333333, 0.01, 0.875)":{"counter_culture":0.1323032224,"herd_immunity":0.9316661648,"obs_comp":0.8056605676},"('mean', 2, 0.333333, 0.01, 0.9)":{"counter_culture":0.1576045719,"herd_immunity":0.9319141812,"obs_comp":0.7867166114},"('mean', 2, 0.333333, 0.01, 0.925)":{"counter_culture":0.1927654517,"herd_immunity":0.9300138386,"obs_comp":0.7588877683},"('mean', 2, 0.333333, 0.01, 0.95)":{"counter_culture":0.2347889353,"herd_immunity":0.9288737997,"obs_comp":0.7243235845},"('mean', 2, 0.333333, 0.01, 0.975)":{"counter_culture":0.2838171733,"herd_immunity":0.9307678163,"obs_comp":0.6826115353},"('mean', 2, 0.333333, 0.01, 1.0)":{"counter_culture":0.3552245114,"herd_immunity":null,"obs_comp":0.6193874562}}