{"('mean', 2, 0.333333, 0.01, 0.0)":{"counter_culture":0.0007143837,"herd_immunity":0.9783813004,"obs_comp":0.9786126423},"('mean', 2, 0.333333, 0.01, 0.025)":{"counter_culture":0.0007023173,"herd_immunity":0.9778327468,"obs_comp":0.9776703688},"('mean', 2, 0.333333, 0.01, 0.05)":{"counter_culture":0.0007640203,"herd_immunity":0.9778629123,"obs_comp":0.9774038119},"('mean', 2, 0.333333, 0.01, 0.075)":{"counter_culture":0.0007941862,"herd_immunity":0.9775726546,"obs_comp":0.9765874126},"('mean', 2, 0.333333, 0.01, 0.1)":{"counter_culture":0.0007782805,"herd_immunity":0.9771085433,"obs_comp":0.9759317153},"('mean', 2, 0.333333, 0.01, 0.125)":{"counter_culture":0.0007774578,"herd_immunity":0.977540851,"obs_comp":0.9756242973},"('mean', 2, 0.333333, 0.01, 0.15)":{"counter_culture":0.0008424517,"herd_immunity":0.976754938,"obs_comp":0.9746260798},"('mean', 2, 0.333333, 0.01, 0.175)":{"counter_culture":0.0008586316,"herd_immunity":0.9765633589,"obs_comp":0.9738979844},"('mean', 2, 0.333333, 0.01, 0.2)":{"counter_culture":0.0008663102,"herd_immunity":0.9768110024,"obs_comp":0.9735809681},"('mean', 2, 0.333333, 0.01, 0.225)":{"counter_culture":0.0010004114,"herd_immunity":0.9759440571,"obs_comp":0.9723076923},"('mean', 2, 0.333333, 0.01, 0.25)":{"counter_culture":0.0009913616,"herd_immunity":0.9759351952,"obs_comp":0.9717614151},"('mean', 2, 0.333333, 0.01, 0.275)":{"counter_culture":0.0009485808,"herd_immunity":0.9758793407,"obs_comp":0.9707434526},"('mean', 2, 0.333333, 0.01, 0.3)":{"counter_culture":0.0010412725,"herd_immunity":0.975499879,"obs_comp":0.9696832579},"('mean', 2, 0.333333, 0.01, 0.325)":{"counter_culture":0.0010388043,"herd_immunity":0.9758505927,"obs_comp":0.9689153983},"('mean', 2, 0.333333, 0.01, 0.35)":{"counter_culture":0.0011888112,"herd_immunity":0.9749390333,"obs_comp":0.9676352667},"('mean', 2, 0.333333, 0.01, 0.375)":{"counter_culture":0.001158371,"herd_immunity":0.9746705895,"obs_comp":0.9669271905},"('mean', 2, 0.333333, 0.01, 0.4)":{"counter_culture":0.0011720828,"herd_immunity":0.974683976,"obs_comp":0.9656528178},"('mean', 2, 0.333333, 0.01, 0.425)":{"counter_culture":0.0012617578,"herd_immunity":0.9747171174,"obs_comp":0.9647302893},"('mean', 2, 0.333333, 0.01, 0.45)":{"counter_culture":0.0014049088,"herd_immunity":0.9742105266,"obs_comp":0.9634759358},"('mean', 2, 0.333333, 0.01, 0.475)":{"counter_culture":0.0014095708,"herd_immunity":0.9744946894,"obs_comp":0.9621297134},"('mean', 2, 0.333333, 0.01, 0.5)":{"counter_culture":0.0014715481,"herd_immunity":0.9737111194,"obs_comp":0.9602144522},"('mean', 2, 0.333333, 0.01, 0.525)":{"counter_culture":0.0017789661,"herd_immunity":0.9733114316,"obs_comp":0.95830495},"('mean', 2, 0.333333, 0.01, 0.55)":{"counter_culture":0.0018403949,"herd_immunity":0.9730432065,"obs_comp":0.9565207733},"('mean', 2, 0.333333, 0.01, 0.575)":{"counter_culture":0.0018730289,"herd_immunity":0.9729363744,"obs_comp":0.9547157548},"('mean', 2, 0.333333, 0.01, 0.6)":{"counter_culture":0.0021993693,"herd_immunity":0.9726741568,"obs_comp":0.9525643768},"('mean', 2, 0.333333, 0.01, 0.625)":{"counter_culture":0.0025528589,"herd_immunity":0.9720962142,"obs_comp":0.949681064},"('mean', 2, 0.333333, 0.01, 0.65)":{"counter_culture":0.0033237351,"herd_immunity":0.9719377053,"obs_comp":0.9467344029},"('mean', 2, 0.333333, 0.01, 0.675)":{"counter_culture":0.0040658165,"herd_immunity":0.9713431595,"obs_comp":0.9432716303},"('mean', 2, 0.333333, 0.01, 0.7)":{"counter_culture":0.0048216098,"herd_immunity":0.9714990802,"obs_comp":0.9402594268},"('mean', 2, 0.333333, 0.01, 0.725)":{"counter_culture":0.0067300151,"herd_immunity":0.9703586888,"obs_comp":0.936146716},"('mean', 2, 0.333333, 0.01, 0.75)":{"counter_culture":0.0095280406,"herd_immunity":0.9702779072,"obs_comp":0.9316522693},"('mean', 2, 0.333333, 0.01, 0.775)":{"counter_culture":0.0137707391,"herd_immunity":0.9703127918,"obs_comp":0.926123406},"('mean', 2, 0.333333, 0.01, 0.8)":{"counter_culture":0.0217688194,"herd_immunity":0.9703493543,"obs_comp":0.9192883587},"('mean', 2, 0.333333, 0.01, 0.825)":{"counter_culture":0.0334177979,"herd_immunity":0.9694075327,"obs_comp":0.9108298368},"('mean', 2, 0.333333, 0.01, 0.85)":{"counter_culture":0.0475044563,"herd_immunity":0.9696468118,"obs_comp":0.9017257644},"('mean', 2, 0.333333, 0.01, 0.875)":{"counter_culture":0.066670506,"herd_immunity":0.9683999066,"obs_comp":0.8880164541},"('mean', 2, 0.333333, 0.01, 0.9)":{"counter_culture":0.0881579597,"herd_immunity":0.9691781017,"obs_comp":0.8716939531},"('mean', 2, 0.333333, 0.01, 0.925)":{"counter_culture":0.1198990813,"herd_immunity":0.9674358502,"obs_comp":0.8467105444},"('mean', 2, 0.333333, 0.01, 0.95)":{"counter_culture":0.1630763746,"herd_immunity":0.9676912843,"obs_comp":0.8096777732},"('mean', 2, 0.333333, 0.01, 0.975)":{"counter_culture":0.2296155217,"herd_immunity":0.9676559306,"obs_comp":0.7498110517},"('mean', 2, 0.333333, 0.01, 1.0)":{"counter_culture":0.3415631427,"herd_immunity":null,"obs_comp":0.6451635815}}