{"('mean', 2, 0.333333, 0.01, 0.0)":{"counter_culture":0.0006610083,"herd_immunity":0.9534007641,"obs_comp":0.9535244553},"('mean', 2, 0.333333, 0.01, 0.025)":{"counter_culture":0.0006731553,"herd_immunity":0.9528474309,"obs_comp":0.952744284},"('mean', 2, 0.333333, 0.01, 0.05)":{"counter_culture":0.0007025232,"herd_immunity":0.9523514564,"obs_comp":0.9515580362},"('mean', 2, 0.333333, 0.01, 0.075)":{"counter_culture":0.0006942202,"herd_immunity":0.9521227564,"obs_comp":0.9504299091},"('mean', 2, 0.333333, 0.01, 0.1)":{"counter_culture":0.0007272783,"herd_immunity":0.9517576968,"obs_comp":0.9496455864},"('mean', 2, 0.333333, 0.01, 0.125)":{"counter_culture":0.0007795563,"herd_immunity":0.9507330697,"obs_comp":0.9479216446},"('mean', 2, 0.333333, 0.01, 0.15)":{"counter_culture":0.0007815551,"herd_immunity":0.9509210531,"obs_comp":0.9472806249},"('mean', 2, 0.333333, 0.01, 0.175)":{"counter_culture":0.000771407,"herd_immunity":0.9508022372,"obs_comp":0.9463940526},"('mean', 2, 0.333333, 0.01, 0.2)":{"counter_culture":0.0008095392,"herd_immunity":0.9501280385,"obs_comp":0.94507711},"('mean', 2, 0.333333, 0.01, 0.225)":{"counter_culture":0.0008195335,"herd_immunity":0.9494508129,"obs_comp":0.9432547627},"('mean', 2, 0.333333, 0.01, 0.25)":{"counter_culture":0.0008309116,"herd_immunity":0.9494090292,"obs_comp":0.9423169888},"('mean', 2, 0.333333, 0.01, 0.275)":{"counter_culture":0.0008556668,"herd_immunity":0.9490397799,"obs_comp":0.9410798469},"('mean', 2, 0.333333, 0.01, 0.3)":{"counter_culture":0.0008961053,"herd_immunity":0.9483542581,"obs_comp":0.9392681089},"('mean', 2, 0.333333, 0.01, 0.325)":{"counter_culture":0.0009197841,"herd_immunity":0.9476449892,"obs_comp":0.9374888141},"('mean', 2, 0.333333, 0.01, 0.35)":{"counter_culture":0.0009233206,"herd_immunity":0.9477963033,"obs_comp":0.9360742347},"('mean', 2, 0.333333, 0.01, 0.375)":{"counter_culture":0.0009768286,"herd_immunity":0.947044602,"obs_comp":0.9344340914},"('mean', 2, 0.333333, 0.01, 0.4)":{"counter_culture":0.0009634516,"herd_immunity":0.9471474579,"obs_comp":0.9328565278},"('mean', 2, 0.333333, 0.01, 0.425)":{"counter_culture":0.0010598582,"herd_immunity":0.9459194749,"obs_comp":0.9302766118},"('mean', 2, 0.333333, 0.01, 0.45)":{"counter_culture":0.0010866122,"herd_immunity":0.9453309766,"obs_comp":0.9283432508},"('mean', 2, 0.333333, 0.01, 0.475)":{"counter_culture":0.0011430417,"herd_immunity":0.9450219456,"obs_comp":0.9260296447},"('mean', 2, 0.333333, 0.01, 0.5)":{"counter_culture":0.0011288959,"herd_immunity":0.9449015212,"obs_comp":0.9242973999},"('mean', 2, 0.333333, 0.01, 0.525)":{"counter_culture":0.0011930132,"herd_immunity":0.9438699404,"obs_comp":0.920828144},"('mean', 2, 0.333333, 0.01, 0.55)":{"counter_culture":0.0013084859,"herd_immunity":0.9441837138,"obs_comp":0.9185614343},"('mean', 2, 0.333333, 0.01, 0.575)":{"counter_culture":0.001435183,"herd_immunity":0.943342382,"obs_comp":0.9155045589},"('mean', 2, 0.333333, 0.01, 0.6)":{"counter_culture":0.0016965727,"herd_immunity":0.9421692472,"obs_comp":0.9117088734},"('mean', 2, 0.333333, 0.01, 0.625)":{"counter_culture":0.0018880022,"herd_immunity":0.9424114602,"obs_comp":0.9086496917},"('mean', 2, 0.333333, 0.01, 0.65)":{"counter_culture":0.0024953488,"herd_immunity":0.9414856295,"obs_comp":0.904192229},"('mean', 2, 0.333333, 0.01, 0.675)":{"counter_culture":0.0036222458,"herd_immunity":0.9416954648,"obs_comp":0.9001592939},"('mean', 2, 0.333333, 0.01, 0.7)":{"counter_culture":0.0051341544,"herd_immunity":0.940851657,"obs_comp":0.8947931178},"('mean', 2, 0.333333, 0.01, 0.725)":{"counter_culture":0.0084797884,"herd_immunity":0.9397543463,"obs_comp":0.8891324938},"('mean', 2, 0.333333, 0.01, 0.75)":{"counter_culture":0.0139217676,"herd_immunity":0.9394338627,"obs_comp":0.8829420176},"('mean', 2, 0.333333, 0.01, 0.775)":{"counter_culture":0.0267936713,"herd_immunity":0.9383503796,"obs_comp":0.8742977075},"('mean', 2, 0.333333, 0.01, 0.8)":{"counter_culture":0.0399775512,"herd_immunity":0.9380166736,"obs_comp":0.8665265926},"('mean', 2, 0.333333, 0.01, 0.825)":{"counter_culture":0.0572590987,"herd_immunity":0.9370891275,"obs_comp":0.8556200317},"('mean', 2, 0.333333, 0.01, 0.85)":{"counter_culture":0.0743587496,"herd_immunity":0.936669625,"obs_comp":0.8444653044},"('mean', 2, 0.333333, 0.01, 0.875)":{"counter_culture":0.0986192475,"herd_immunity":0.9362170437,"obs_comp":0.8278318496},"('mean', 2, 0.333333, 0.01, 0.9)":{"counter_culture":0.1249640974,"herd_immunity":0.9346562554,"obs_comp":0.8085128465},"('mean', 2, 0.333333, 0.01, 0.925)":{"counter_culture":0.1586476929,"herd_immunity":0.9344995296,"obs_comp":0.7828488399},"('mean', 2, 0.333333, 0.01, 0.95)":{"counter_culture":0.2003239694,"herd_immunity":0.9355149852,"obs_comp":0.7492717991},"('mean', 2, 0.333333, 0.01, 0.975)":{"counter_culture":0.2600381321,"herd_immunity":0.9321827705,"obs_comp":0.6988363547},"('mean', 2, 0.333333, 0.01, 1.0)":{"counter_culture":0.3470057044,"herd_immunity":null,"obs_comp":0.6230304288}}