{"('mean', 2, 0.333333, 0.01, 0.0)":{"counter_culture":0.0156726027,"herd_immunity":0.9465007274,"obs_comp":0.9467732877},"('mean', 2, 0.333333, 0.01, 0.025)":{"counter_culture":0.0153202055,"herd_immunity":0.9465821619,"obs_comp":0.9464691781},"('mean', 2, 0.333333, 0.01, 0.05)":{"counter_culture":0.0151157534,"herd_immunity":0.9475208236,"obs_comp":0.9464438356},"('mean', 2, 0.333333, 0.01, 0.075)":{"counter_culture":0.0159787671,"herd_immunity":0.9468806222,"obs_comp":0.9450856164},"('mean', 2, 0.333333, 0.01, 0.1)":{"counter_culture":0.0180708904,"herd_immunity":0.9451336653,"obs_comp":0.9427195205},"('mean', 2, 0.333333, 0.01, 0.125)":{"counter_culture":0.0186318493,"herd_immunity":0.9446723465,"obs_comp":0.9415585616},"('mean', 2, 0.333333, 0.01, 0.15)":{"counter_culture":0.0182818493,"herd_immunity":0.9444145704,"obs_comp":0.9409832192},"('mean', 2, 0.333333, 0.01, 0.175)":{"counter_culture":0.0190291096,"herd_immunity":0.9446616942,"obs_comp":0.9397571918},"('mean', 2, 0.333333, 0.01, 0.2)":{"counter_culture":0.0204078767,"herd_immunity":0.9425969372,"obs_comp":0.937730137},"('mean', 2, 0.333333, 0.01, 0.225)":{"counter_culture":0.0210431507,"herd_immunity":0.9429478712,"obs_comp":0.9366089041},"('mean', 2, 0.333333, 0.01, 0.25)":{"counter_culture":0.0224017123,"herd_immunity":0.9423747932,"obs_comp":0.9348921233},"('mean', 2, 0.333333, 0.01, 0.275)":{"counter_culture":0.0209691781,"herd_immunity":0.9432632945,"obs_comp":0.9351417808},"('mean', 2, 0.333333, 0.01, 0.3)":{"counter_culture":0.0231958904,"herd_immunity":0.9424401661,"obs_comp":0.9325006849},"('mean', 2, 0.333333, 0.01, 0.325)":{"counter_culture":0.0242273973,"herd_immunity":0.9413962063,"obs_comp":0.9306455479},"('mean', 2, 0.333333, 0.01, 0.35)":{"counter_culture":0.0251955479,"herd_immunity":0.9410749165,"obs_comp":0.9288030822},"('mean', 2, 0.333333, 0.01, 0.375)":{"counter_culture":0.0275760274,"herd_immunity":0.9394675591,"obs_comp":0.9259650685},"('mean', 2, 0.333333, 0.01, 0.4)":{"counter_culture":0.0277719178,"herd_immunity":0.940238084,"obs_comp":0.9253517123},"('mean', 2, 0.333333, 0.01, 0.425)":{"counter_culture":0.0272571918,"herd_immunity":0.9403564712,"obs_comp":0.9242089041},"('mean', 2, 0.333333, 0.01, 0.45)":{"counter_culture":0.0296174658,"herd_immunity":0.939493518,"obs_comp":0.9214126712},"('mean', 2, 0.333333, 0.01, 0.475)":{"counter_culture":0.0315058219,"herd_immunity":0.9385643292,"obs_comp":0.9191369863},"('mean', 2, 0.333333, 0.01, 0.5)":{"counter_culture":0.0332089041,"herd_immunity":0.9375112817,"obs_comp":0.9159753425},"('mean', 2, 0.333333, 0.01, 0.525)":{"counter_culture":0.0338534247,"herd_immunity":0.9377569725,"obs_comp":0.9142037671},"('mean', 2, 0.333333, 0.01, 0.55)":{"counter_culture":0.0350965753,"herd_immunity":0.9382119493,"obs_comp":0.9116582192},"('mean', 2, 0.333333, 0.01, 0.575)":{"counter_culture":0.0381777397,"herd_immunity":0.9357678641,"obs_comp":0.9074308219},"('mean', 2, 0.333333, 0.01, 0.6)":{"counter_culture":0.0398691781,"herd_immunity":0.9359257211,"obs_comp":0.9038390411},"('mean', 2, 0.333333, 0.01, 0.625)":{"counter_culture":0.0434054795,"herd_immunity":0.9339999815,"obs_comp":0.8993164384},"('mean', 2, 0.333333, 0.01, 0.65)":{"counter_culture":0.0445976027,"herd_immunity":0.9348491571,"obs_comp":0.8963705479},"('mean', 2, 0.333333, 0.01, 0.675)":{"counter_culture":0.0483691781,"herd_immunity":0.9348174782,"obs_comp":0.8914869863},"('mean', 2, 0.333333, 0.01, 0.7)":{"counter_culture":0.0537527397,"herd_immunity":0.9327342087,"obs_comp":0.8848140411},"('mean', 2, 0.333333, 0.01, 0.725)":{"counter_culture":0.0582462329,"herd_immunity":0.9328137198,"obs_comp":0.8796506849},"('mean', 2, 0.333333, 0.01, 0.75)":{"counter_culture":0.0625674658,"herd_immunity":0.9324192219,"obs_comp":0.874409589},"('mean', 2, 0.333333, 0.01, 0.775)":{"counter_culture":0.0704462329,"herd_immunity":0.9316216388,"obs_comp":0.8671907534},"('mean', 2, 0.333333, 0.01, 0.8)":{"counter_culture":0.0859917808,"herd_immunity":0.9299762908,"obs_comp":0.8548777397},"('mean', 2, 0.333333, 0.01, 0.825)":{"counter_culture":0.098010274,"herd_immunity":0.9302722552,"obs_comp":0.8463664384},"('mean', 2, 0.333333, 0.01, 0.85)":{"counter_culture":0.1186417808,"herd_immunity":0.9291702695,"obs_comp":0.8308931507},"('mean', 2, 0.333333, 0.01, 0.875)":{"counter_culture":0.1380328767,"herd_immunity":0.9274994212,"obs_comp":0.816780137},"('mean', 2, 0.333333, 0.01, 0.9)":{"counter_culture":0.1649,"herd_immunity":0.9280630202,"obs_comp":0.7952636986},"('mean', 2, 0.333333, 0.01, 0.925)":{"counter_culture":0.1928363014,"herd_immunity":0.9276547999,"obs_comp":0.7721818493},"('mean', 2, 0.333333, 0.01, 0.95)":{"counter_culture":0.2342034247,"herd_immunity":0.9251730946,"obs_comp":0.7362832192},"('mean', 2, 0.333333, 0.01, 0.975)":{"counter_culture":0.2885657534,"herd_immunity":0.9269004665,"obs_comp":0.6878191781},"('mean', 2, 0.333333, 0.01, 1.0)":{"counter_culture":0.3659438356,"herd_immunity":null,"obs_comp":0.617209589}}