{"('mean', 2, 0.333333, 0.01, 0.0)":{"counter_culture":0.0002674319,"herd_immunity":0.9758906631,"obs_comp":0.9760813008},"('mean', 2, 0.333333, 0.01, 0.025)":{"counter_culture":0.0002993783,"herd_immunity":0.9754279493,"obs_comp":0.9753346724},"('mean', 2, 0.333333, 0.01, 0.05)":{"counter_culture":0.0002769967,"herd_immunity":0.9754932491,"obs_comp":0.9747389766},"('mean', 2, 0.333333, 0.01, 0.075)":{"counter_culture":0.00029077,"herd_immunity":0.9755775118,"obs_comp":0.9742961263},"('mean', 2, 0.333333, 0.01, 0.1)":{"counter_culture":0.0003054998,"herd_immunity":0.9747854299,"obs_comp":0.9731510282},"('mean', 2, 0.333333, 0.01, 0.125)":{"counter_culture":0.0003123864,"herd_immunity":0.9748297352,"obs_comp":0.972707604},"('mean', 2, 0.333333, 0.01, 0.15)":{"counter_culture":0.0003089431,"herd_immunity":0.9743856104,"obs_comp":0.9717088474},"('mean', 2, 0.333333, 0.01, 0.175)":{"counter_culture":0.0003196557,"herd_immunity":0.9742513354,"obs_comp":0.9709419417},"('mean', 2, 0.333333, 0.01, 0.2)":{"counter_culture":0.000319847,"herd_immunity":0.9736956741,"obs_comp":0.970068484},"('mean', 2, 0.333333, 0.01, 0.225)":{"counter_culture":0.0003190818,"herd_immunity":0.9732042761,"obs_comp":0.9689251076},"('mean', 2, 0.333333, 0.01, 0.25)":{"counter_culture":0.000333429,"herd_immunity":0.9731075893,"obs_comp":0.9680906743},"('mean', 2, 0.333333, 0.01, 0.275)":{"counter_culture":0.0003435677,"herd_immunity":0.9729008726,"obs_comp":0.9671546628},"('mean', 2, 0.333333, 0.01, 0.3)":{"counter_culture":0.0003259684,"herd_immunity":0.9727976879,"obs_comp":0.9659644189},"('mean', 2, 0.333333, 0.01, 0.325)":{"counter_culture":0.0003563845,"herd_immunity":0.9718311753,"obs_comp":0.9645893831},"('mean', 2, 0.333333, 0.01, 0.35)":{"counter_culture":0.0003617408,"herd_immunity":0.9716819438,"obs_comp":0.963547011},"('mean', 2, 0.333333, 0.01, 0.375)":{"counter_culture":0.0003871832,"herd_immunity":0.9715913114,"obs_comp":0.9625069345},"('mean', 2, 0.333333, 0.01, 0.4)":{"counter_culture":0.0003757054,"herd_immunity":0.9711511586,"obs_comp":0.9611971306},"('mean', 2, 0.333333, 0.01, 0.425)":{"counter_culture":0.0004183644,"herd_immunity":0.9708298504,"obs_comp":0.9595791487},"('mean', 2, 0.333333, 0.01, 0.45)":{"counter_culture":0.000425825,"herd_immunity":0.9709752233,"obs_comp":0.9583468197},"('mean', 2, 0.333333, 0.01, 0.475)":{"counter_culture":0.0004610234,"herd_immunity":0.9703002667,"obs_comp":0.956211956},"('mean', 2, 0.333333, 0.01, 0.5)":{"counter_culture":0.0004713534,"herd_immunity":0.9700959215,"obs_comp":0.9544858919},"('mean', 2, 0.333333, 0.01, 0.525)":{"counter_culture":0.0004985175,"herd_immunity":0.969804493,"obs_comp":0.9529019608},"('mean', 2, 0.333333, 0.01, 0.55)":{"counter_culture":0.0005413678,"herd_immunity":0.9691488499,"obs_comp":0.950526638},"('mean', 2, 0.333333, 0.01, 0.575)":{"counter_culture":0.0005807747,"herd_immunity":0.9688498992,"obs_comp":0.9481348637},"('mean', 2, 0.333333, 0.01, 0.6)":{"counter_culture":0.0006796748,"herd_immunity":0.9685965734,"obs_comp":0.9458375897},"('mean', 2, 0.333333, 0.01, 0.625)":{"counter_culture":0.0007062649,"herd_immunity":0.9685072693,"obs_comp":0.9432434242},"('mean', 2, 0.333333, 0.01, 0.65)":{"counter_culture":0.0008329029,"herd_immunity":0.9674996229,"obs_comp":0.9397773314},"('mean', 2, 0.333333, 0.01, 0.675)":{"counter_culture":0.0010754663,"herd_immunity":0.9672431412,"obs_comp":0.9364248685},"('mean', 2, 0.333333, 0.01, 0.7)":{"counter_culture":0.0014331899,"herd_immunity":0.9671645754,"obs_comp":0.9324671449},"('mean', 2, 0.333333, 0.01, 0.725)":{"counter_culture":0.0017926351,"herd_immunity":0.9666805607,"obs_comp":0.9290525108},"('mean', 2, 0.333333, 0.01, 0.75)":{"counter_culture":0.0029916786,"herd_immunity":0.9664428817,"obs_comp":0.9237197513},"('mean', 2, 0.333333, 0.01, 0.775)":{"counter_culture":0.0058134864,"herd_immunity":0.9656686195,"obs_comp":0.9180066954},"('mean', 2, 0.333333, 0.01, 0.8)":{"counter_culture":0.0106310856,"herd_immunity":0.9651915928,"obs_comp":0.9121119082},"('mean', 2, 0.333333, 0.01, 0.825)":{"counter_culture":0.0212948828,"herd_immunity":0.9654627157,"obs_comp":0.904341846},"('mean', 2, 0.333333, 0.01, 0.85)":{"counter_culture":0.0371292205,"herd_immunity":0.9644091442,"obs_comp":0.8939098996},"('mean', 2, 0.333333, 0.01, 0.875)":{"counter_culture":0.056143472,"herd_immunity":0.9633904886,"obs_comp":0.8811009087},"('mean', 2, 0.333333, 0.01, 0.9)":{"counter_culture":0.0787491153,"herd_immunity":0.9641080021,"obs_comp":0.8658915352},"('mean', 2, 0.333333, 0.01, 0.925)":{"counter_culture":0.1075280727,"herd_immunity":0.9632001361,"obs_comp":0.8447278814},"('mean', 2, 0.333333, 0.01, 0.95)":{"counter_culture":0.1466563367,"herd_immunity":0.963187895,"obs_comp":0.8139829747},"('mean', 2, 0.333333, 0.01, 0.975)":{"counter_culture":0.210580966,"herd_immunity":0.9621525257,"obs_comp":0.7599169775},"('mean', 2, 0.333333, 0.01, 1.0)":{"counter_culture":0.3408612147,"herd_immunity":null,"obs_comp":0.6415921569}}