{"('mean', 2, 0.333333, 0.01, 0.0)":{"counter_culture":0.0003481414,"herd_immunity":0.9589368491,"obs_comp":0.9593287449},"('mean', 2, 0.333333, 0.01, 0.025)":{"counter_culture":0.0003482216,"herd_immunity":0.9585735997,"obs_comp":0.958265149},"('mean', 2, 0.333333, 0.01, 0.05)":{"counter_culture":0.0003555213,"herd_immunity":0.9579475017,"obs_comp":0.9570637404},"('mean', 2, 0.333333, 0.01, 0.075)":{"counter_culture":0.0003783029,"herd_immunity":0.9575565269,"obs_comp":0.9559424684},"('mean', 2, 0.333333, 0.01, 0.1)":{"counter_culture":0.0003670726,"herd_immunity":0.9572880141,"obs_comp":0.9550669811},"('mean', 2, 0.333333, 0.01, 0.125)":{"counter_culture":0.0003780623,"herd_immunity":0.9570100376,"obs_comp":0.9539196387},"('mean', 2, 0.333333, 0.01, 0.15)":{"counter_culture":0.000360575,"herd_immunity":0.9567310448,"obs_comp":0.9528721663},"('mean', 2, 0.333333, 0.01, 0.175)":{"counter_culture":0.0004117534,"herd_immunity":0.9568948278,"obs_comp":0.9519878552},"('mean', 2, 0.333333, 0.01, 0.2)":{"counter_culture":0.000396833,"herd_immunity":0.9558351972,"obs_comp":0.9503933837},"('mean', 2, 0.333333, 0.01, 0.225)":{"counter_culture":0.00042531,"herd_immunity":0.9552220438,"obs_comp":0.9486428102},"('mean', 2, 0.333333, 0.01, 0.25)":{"counter_culture":0.0004252298,"herd_immunity":0.9546117094,"obs_comp":0.9471044103},"('mean', 2, 0.333333, 0.01, 0.275)":{"counter_culture":0.0004597231,"herd_immunity":0.9545396775,"obs_comp":0.9458093886},"('mean', 2, 0.333333, 0.01, 0.3)":{"counter_culture":0.0004647768,"herd_immunity":0.9540119606,"obs_comp":0.9441647816},"('mean', 2, 0.333333, 0.01, 0.325)":{"counter_culture":0.0004594824,"herd_immunity":0.9536077438,"obs_comp":0.9425162439},"('mean', 2, 0.333333, 0.01, 0.35)":{"counter_culture":0.0004929329,"herd_immunity":0.9531717368,"obs_comp":0.9411661934},"('mean', 2, 0.333333, 0.01, 0.375)":{"counter_culture":0.0005155541,"herd_immunity":0.9524132494,"obs_comp":0.9388001155},"('mean', 2, 0.333333, 0.01, 0.4)":{"counter_culture":0.0005442717,"herd_immunity":0.9518170549,"obs_comp":0.9367493703},"('mean', 2, 0.333333, 0.01, 0.425)":{"counter_culture":0.0005526143,"herd_immunity":0.9515868536,"obs_comp":0.9348142979},"('mean', 2, 0.333333, 0.01, 0.45)":{"counter_culture":0.0005973753,"herd_immunity":0.9514088425,"obs_comp":0.9326467568},"('mean', 2, 0.333333, 0.01, 0.475)":{"counter_culture":0.0006491954,"herd_immunity":0.950289925,"obs_comp":0.9297360062},"('mean', 2, 0.333333, 0.01, 0.5)":{"counter_culture":0.0007265245,"herd_immunity":0.9504429348,"obs_comp":0.9278440904},"('mean', 2, 0.333333, 0.01, 0.525)":{"counter_culture":0.0007815533,"herd_immunity":0.9498441314,"obs_comp":0.9252818822},"('mean', 2, 0.333333, 0.01, 0.55)":{"counter_culture":0.000921612,"herd_immunity":0.9494284005,"obs_comp":0.9223573342},"('mean', 2, 0.333333, 0.01, 0.575)":{"counter_culture":0.001132021,"herd_immunity":0.9487572395,"obs_comp":0.9186954324},"('mean', 2, 0.333333, 0.01, 0.6)":{"counter_culture":0.0015180247,"herd_immunity":0.9490215008,"obs_comp":0.9156221623},"('mean', 2, 0.333333, 0.01, 0.625)":{"counter_culture":0.0022841764,"herd_immunity":0.9476229641,"obs_comp":0.9110101715},"('mean', 2, 0.333333, 0.01, 0.65)":{"counter_culture":0.0033342959,"herd_immunity":0.9474714877,"obs_comp":0.9072369287},"('mean', 2, 0.333333, 0.01, 0.675)":{"counter_culture":0.0063467616,"herd_immunity":0.9458006019,"obs_comp":0.9014201601},"('mean', 2, 0.333333, 0.01, 0.7)":{"counter_culture":0.0096050922,"herd_immunity":0.9462219589,"obs_comp":0.8974763761},"('mean', 2, 0.333333, 0.01, 0.725)":{"counter_culture":0.0162294043,"herd_immunity":0.9460598807,"obs_comp":0.8918242127},"('mean', 2, 0.333333, 0.01, 0.75)":{"counter_culture":0.0275519404,"herd_immunity":0.9450609055,"obs_comp":0.8840620237},"('mean', 2, 0.333333, 0.01, 0.775)":{"counter_culture":0.0394311017,"herd_immunity":0.9443324266,"obs_comp":0.8764795206},"('mean', 2, 0.333333, 0.01, 0.8)":{"counter_culture":0.0532565658,"herd_immunity":0.9435948425,"obs_comp":0.8676197237},"('mean', 2, 0.333333, 0.01, 0.825)":{"counter_culture":0.0698828833,"herd_immunity":0.9426916253,"obs_comp":0.8566697149},"('mean', 2, 0.333333, 0.01, 0.85)":{"counter_culture":0.0886528373,"herd_immunity":0.9423130171,"obs_comp":0.8438457589},"('mean', 2, 0.333333, 0.01, 0.875)":{"counter_culture":0.1102073607,"herd_immunity":0.9417375727,"obs_comp":0.8286964753},"('mean', 2, 0.333333, 0.01, 0.9)":{"counter_culture":0.136914216,"herd_immunity":0.9408190989,"obs_comp":0.8088338066},"('mean', 2, 0.333333, 0.01, 0.925)":{"counter_culture":0.1680809709,"herd_immunity":0.9407452083,"obs_comp":0.7843966084},"('mean', 2, 0.333333, 0.01, 0.95)":{"counter_culture":0.2084270267,"herd_immunity":0.9399418258,"obs_comp":0.7513155573},"('mean', 2, 0.333333, 0.01, 0.975)":{"counter_culture":0.2652922302,"herd_immunity":0.9381120048,"obs_comp":0.7023959988},"('mean', 2, 0.333333, 0.01, 1.0)":{"counter_culture":0.3510398518,"herd_immunity":null,"obs_comp":0.6258830277}}