{"('mean', 2, 0.333333, 0.01, 0.0)":{"counter_culture":0.0068313498,"herd_immunity":0.9619793853,"obs_comp":0.9620374456},"('mean', 2, 0.333333, 0.01, 0.025)":{"counter_culture":0.0068812772,"herd_immunity":0.9617578955,"obs_comp":0.9613625544},"('mean', 2, 0.333333, 0.01, 0.05)":{"counter_culture":0.0069616836,"herd_immunity":0.9611357121,"obs_comp":0.960312627},"('mean', 2, 0.333333, 0.01, 0.075)":{"counter_culture":0.0069518142,"herd_immunity":0.9608077148,"obs_comp":0.9598249637},"('mean', 2, 0.333333, 0.01, 0.1)":{"counter_culture":0.0072037736,"herd_immunity":0.9606777912,"obs_comp":0.9591082729},"('mean', 2, 0.333333, 0.01, 0.125)":{"counter_culture":0.0073111756,"herd_immunity":0.9603070813,"obs_comp":0.9581535559},"('mean', 2, 0.333333, 0.01, 0.15)":{"counter_culture":0.0075654572,"herd_immunity":0.9598068686,"obs_comp":0.9570699565},"('mean', 2, 0.333333, 0.01, 0.175)":{"counter_culture":0.0078641509,"herd_immunity":0.9595116362,"obs_comp":0.9563239478},"('mean', 2, 0.333333, 0.01, 0.2)":{"counter_culture":0.0078978229,"herd_immunity":0.9588933159,"obs_comp":0.9551953556},"('mean', 2, 0.333333, 0.01, 0.225)":{"counter_culture":0.0078182874,"herd_immunity":0.9591198801,"obs_comp":0.9546876633},"('mean', 2, 0.333333, 0.01, 0.25)":{"counter_culture":0.0080815675,"herd_immunity":0.9584651302,"obs_comp":0.9537561684},"('mean', 2, 0.333333, 0.01, 0.275)":{"counter_culture":0.0082519594,"herd_immunity":0.9580122746,"obs_comp":0.9522238026},"('mean', 2, 0.333333, 0.01, 0.3)":{"counter_culture":0.0078037736,"herd_immunity":0.9587883786,"obs_comp":0.9520040639},"('mean', 2, 0.333333, 0.01, 0.325)":{"counter_culture":0.0082397678,"herd_immunity":0.9575199576,"obs_comp":0.9506037736},"('mean', 2, 0.333333, 0.01, 0.35)":{"counter_culture":0.0087071118,"herd_immunity":0.9568756865,"obs_comp":0.9492812772},"('mean', 2, 0.333333, 0.01, 0.375)":{"counter_culture":0.0089137881,"herd_immunity":0.9564089564,"obs_comp":0.9476798258},"('mean', 2, 0.333333, 0.01, 0.4)":{"counter_culture":0.0087280116,"herd_immunity":0.9570855501,"obs_comp":0.9469425254},"('mean', 2, 0.333333, 0.01, 0.425)":{"counter_culture":0.0096330914,"herd_immunity":0.9559196743,"obs_comp":0.9452542816},"('mean', 2, 0.333333, 0.01, 0.45)":{"counter_culture":0.0094191582,"herd_immunity":0.9558899315,"obs_comp":0.9438322206},"('mean', 2, 0.333333, 0.01, 0.475)":{"counter_culture":0.009769521,"herd_immunity":0.9558866094,"obs_comp":0.9422917271},"('mean', 2, 0.333333, 0.01, 0.5)":{"counter_culture":0.0101204644,"herd_immunity":0.9552476485,"obs_comp":0.9410287373},"('mean', 2, 0.333333, 0.01, 0.525)":{"counter_culture":0.0109753266,"herd_immunity":0.953692642,"obs_comp":0.9380261248},"('mean', 2, 0.333333, 0.01, 0.55)":{"counter_culture":0.0103605225,"herd_immunity":0.9545482857,"obs_comp":0.9369201742},"('mean', 2, 0.333333, 0.01, 0.575)":{"counter_culture":0.0113280116,"herd_immunity":0.9541603379,"obs_comp":0.9347825835},"('mean', 2, 0.333333, 0.01, 0.6)":{"counter_culture":0.0114708273,"herd_immunity":0.9534734013,"obs_comp":0.93231582},"('mean', 2, 0.333333, 0.01, 0.625)":{"counter_culture":0.0116786647,"herd_immunity":0.9538022269,"obs_comp":0.9302345428},"('mean', 2, 0.333333, 0.01, 0.65)":{"counter_culture":0.0123970972,"herd_immunity":0.9532228154,"obs_comp":0.9273576197},"('mean', 2, 0.333333, 0.01, 0.675)":{"counter_culture":0.0133291727,"herd_immunity":0.9520999668,"obs_comp":0.9235239478},"('mean', 2, 0.333333, 0.01, 0.7)":{"counter_culture":0.0136667634,"herd_immunity":0.9524629078,"obs_comp":0.9211782293},"('mean', 2, 0.333333, 0.01, 0.725)":{"counter_culture":0.0145445573,"herd_immunity":0.9520765596,"obs_comp":0.9166313498},"('mean', 2, 0.333333, 0.01, 0.75)":{"counter_culture":0.0160255443,"herd_immunity":0.9506338068,"obs_comp":0.9117886792},"('mean', 2, 0.333333, 0.01, 0.775)":{"counter_culture":0.0184894049,"herd_immunity":0.950835876,"obs_comp":0.9067492017},"('mean', 2, 0.333333, 0.01, 0.8)":{"counter_culture":0.0230182874,"herd_immunity":0.9492724164,"obs_comp":0.8990232221},"('mean', 2, 0.333333, 0.01, 0.825)":{"counter_culture":0.0291358491,"herd_immunity":0.9488275483,"obs_comp":0.8916978229},"('mean', 2, 0.333333, 0.01, 0.85)":{"counter_culture":0.0400342525,"herd_immunity":0.9491336727,"obs_comp":0.8823489115},"('mean', 2, 0.333333, 0.01, 0.875)":{"counter_culture":0.0575422351,"herd_immunity":0.9495014228,"obs_comp":0.8702449927},"('mean', 2, 0.333333, 0.01, 0.9)":{"counter_culture":0.0839402032,"herd_immunity":0.947363389,"obs_comp":0.8532923077},"('mean', 2, 0.333333, 0.01, 0.925)":{"counter_culture":0.1173079826,"herd_immunity":0.9486671172,"obs_comp":0.8293851959},"('mean', 2, 0.333333, 0.01, 0.95)":{"counter_culture":0.160566328,"herd_immunity":0.9467104475,"obs_comp":0.7951523948},"('mean', 2, 0.333333, 0.01, 0.975)":{"counter_culture":0.2271921626,"herd_immunity":0.9460930029,"obs_comp":0.7380092888},"('mean', 2, 0.333333, 0.01, 1.0)":{"counter_culture":0.346636865,"herd_immunity":null,"obs_comp":0.6308833091}}