{"('mean', 2, 0.333333, 0.01, 0.0)":{"counter_culture":0.0013641826,"herd_immunity":0.9653224149,"obs_comp":0.9655968544},"('mean', 2, 0.333333, 0.01, 0.025)":{"counter_culture":0.0014230005,"herd_immunity":0.9648487378,"obs_comp":0.9646043899},"('mean', 2, 0.333333, 0.01, 0.05)":{"counter_culture":0.0014374593,"herd_immunity":0.9647082376,"obs_comp":0.9640183164},"('mean', 2, 0.333333, 0.01, 0.075)":{"counter_culture":0.0014408283,"herd_immunity":0.9642366449,"obs_comp":0.9630982863},"('mean', 2, 0.333333, 0.01, 0.1)":{"counter_culture":0.0015173337,"herd_immunity":0.9638328072,"obs_comp":0.9623081048},"('mean', 2, 0.333333, 0.01, 0.125)":{"counter_culture":0.0015892067,"herd_immunity":0.9638206341,"obs_comp":0.9617698998},"('mean', 2, 0.333333, 0.01, 0.15)":{"counter_culture":0.0016252836,"herd_immunity":0.9632518717,"obs_comp":0.9606091234},"('mean', 2, 0.333333, 0.01, 0.175)":{"counter_culture":0.0016734328,"herd_immunity":0.9629635262,"obs_comp":0.9596969544},"('mean', 2, 0.333333, 0.01, 0.2)":{"counter_culture":0.0016901377,"herd_immunity":0.9628176464,"obs_comp":0.9590927723},"('mean', 2, 0.333333, 0.01, 0.225)":{"counter_culture":0.0017483941,"herd_immunity":0.9625948357,"obs_comp":0.9580598792},"('mean', 2, 0.333333, 0.01, 0.25)":{"counter_culture":0.0017993509,"herd_immunity":0.9621194459,"obs_comp":0.957228848},"('mean', 2, 0.333333, 0.01, 0.275)":{"counter_culture":0.0018417447,"herd_immunity":0.9618791496,"obs_comp":0.9560913741},"('mean', 2, 0.333333, 0.01, 0.3)":{"counter_culture":0.0018796465,"herd_immunity":0.9614023103,"obs_comp":0.9550433203},"('mean', 2, 0.333333, 0.01, 0.325)":{"counter_culture":0.0019808582,"herd_immunity":0.9611718867,"obs_comp":0.9538387463},"('mean', 2, 0.333333, 0.01, 0.35)":{"counter_culture":0.0020524504,"herd_immunity":0.9606869275,"obs_comp":0.9525322586},"('mean', 2, 0.333333, 0.01, 0.375)":{"counter_culture":0.0022202008,"herd_immunity":0.9601319841,"obs_comp":0.9510999933},"('mean', 2, 0.333333, 0.01, 0.4)":{"counter_culture":0.002177807,"herd_immunity":0.9600283979,"obs_comp":0.9502602587},"('mean', 2, 0.333333, 0.01, 0.425)":{"counter_culture":0.0023124284,"herd_immunity":0.9599359079,"obs_comp":0.9486130764},"('mean', 2, 0.333333, 0.01, 0.45)":{"counter_culture":0.002400164,"herd_immunity":0.9590591708,"obs_comp":0.9468040395},"('mean', 2, 0.333333, 0.01, 0.475)":{"counter_culture":0.002532399,"herd_immunity":0.9590404448,"obs_comp":0.9456810244},"('mean', 2, 0.333333, 0.01, 0.5)":{"counter_culture":0.0026602823,"herd_immunity":0.9586005318,"obs_comp":0.9441917661},"('mean', 2, 0.333333, 0.01, 0.525)":{"counter_culture":0.0028540024,"herd_immunity":0.9583825817,"obs_comp":0.9420879377},"('mean', 2, 0.333333, 0.01, 0.55)":{"counter_culture":0.0030411248,"herd_immunity":0.9583212616,"obs_comp":0.9402164331},"('mean', 2, 0.333333, 0.01, 0.575)":{"counter_culture":0.0033015239,"herd_immunity":0.9575263869,"obs_comp":0.9379671743},"('mean', 2, 0.333333, 0.01, 0.6)":{"counter_culture":0.0037891932,"herd_immunity":0.956944989,"obs_comp":0.9352569178},"('mean', 2, 0.333333, 0.01, 0.625)":{"counter_culture":0.0041091121,"herd_immunity":0.9560007432,"obs_comp":0.9327559632},"('mean', 2, 0.333333, 0.01, 0.65)":{"counter_culture":0.004433102,"herd_immunity":0.9567005983,"obs_comp":0.9307296229},"('mean', 2, 0.333333, 0.01, 0.675)":{"counter_culture":0.0050977865,"herd_immunity":0.9560839511,"obs_comp":0.9273748961},"('mean', 2, 0.333333, 0.01, 0.7)":{"counter_culture":0.0065120836,"herd_immunity":0.9553957253,"obs_comp":0.9239840925},"('mean', 2, 0.333333, 0.01, 0.725)":{"counter_culture":0.0076516632,"herd_immunity":0.9552050546,"obs_comp":0.9200421692},"('mean', 2, 0.333333, 0.01, 0.75)":{"counter_culture":0.0091504672,"herd_immunity":0.9548201077,"obs_comp":0.9157379332},"('mean', 2, 0.333333, 0.01, 0.775)":{"counter_culture":0.0115674764,"herd_immunity":0.9542315067,"obs_comp":0.9107742066},"('mean', 2, 0.333333, 0.01, 0.8)":{"counter_culture":0.0183634021,"herd_immunity":0.9533260248,"obs_comp":0.9030290524},"('mean', 2, 0.333333, 0.01, 0.825)":{"counter_culture":0.0252098634,"herd_immunity":0.9534602665,"obs_comp":0.8972761269},"('mean', 2, 0.333333, 0.01, 0.85)":{"counter_culture":0.0373716955,"herd_immunity":0.9531229709,"obs_comp":0.8882454013},"('mean', 2, 0.333333, 0.01, 0.875)":{"counter_culture":0.0568499708,"herd_immunity":0.9515586251,"obs_comp":0.8761713047},"('mean', 2, 0.333333, 0.01, 0.9)":{"counter_culture":0.0803852784,"herd_immunity":0.9509759564,"obs_comp":0.8604360387},"('mean', 2, 0.333333, 0.01, 0.925)":{"counter_culture":0.1070580093,"herd_immunity":0.951325009,"obs_comp":0.840730774},"('mean', 2, 0.333333, 0.01, 0.95)":{"counter_culture":0.1460069795,"herd_immunity":0.9520033663,"obs_comp":0.8095506817},"('mean', 2, 0.333333, 0.01, 0.975)":{"counter_culture":0.2066837646,"herd_immunity":0.9492039833,"obs_comp":0.757684371},"('mean', 2, 0.333333, 0.01, 1.0)":{"counter_culture":0.3182089875,"herd_immunity":null,"obs_comp":0.6571913674}}