{"('mean', 2, 0.333333, 0.01, 0.0)":{"counter_culture":0.0343943174,"herd_immunity":0.902383979,"obs_comp":0.9030952876},"('mean', 2, 0.333333, 0.01, 0.025)":{"counter_culture":0.0367385655,"herd_immunity":0.9000470572,"obs_comp":0.8994388427},"('mean', 2, 0.333333, 0.01, 0.05)":{"counter_culture":0.0365512821,"herd_immunity":0.9005587841,"obs_comp":0.8989069647},"('mean', 2, 0.333333, 0.01, 0.075)":{"counter_culture":0.0358783784,"herd_immunity":0.9015797836,"obs_comp":0.8986330561},"('mean', 2, 0.333333, 0.01, 0.1)":{"counter_culture":0.0394672557,"herd_immunity":0.8975367375,"obs_comp":0.8933693694},"('mean', 2, 0.333333, 0.01, 0.125)":{"counter_culture":0.0381978517,"herd_immunity":0.8999504987,"obs_comp":0.8942196812},"('mean', 2, 0.333333, 0.01, 0.15)":{"counter_culture":0.0402120582,"herd_immunity":0.8978911092,"obs_comp":0.8909516632},"('mean', 2, 0.333333, 0.01, 0.175)":{"counter_culture":0.0407040887,"herd_immunity":0.8982788554,"obs_comp":0.8896304574},"('mean', 2, 0.333333, 0.01, 0.2)":{"counter_culture":0.0431373874,"herd_immunity":0.8959099845,"obs_comp":0.8858473666},"('mean', 2, 0.333333, 0.01, 0.225)":{"counter_culture":0.0422198545,"herd_immunity":0.8967727485,"obs_comp":0.8850672211},"('mean', 2, 0.333333, 0.01, 0.25)":{"counter_culture":0.0460528413,"herd_immunity":0.8942693911,"obs_comp":0.8808726611},"('mean', 2, 0.333333, 0.01, 0.275)":{"counter_culture":0.0464338184,"herd_immunity":0.8940056059,"obs_comp":0.8788416493},"('mean', 2, 0.333333, 0.01, 0.3)":{"counter_culture":0.0498322938,"herd_immunity":0.891826848,"obs_comp":0.8745996188},"('mean', 2, 0.333333, 0.01, 0.325)":{"counter_culture":0.0488485793,"herd_immunity":0.8930985104,"obs_comp":0.8741107069},"('mean', 2, 0.333333, 0.01, 0.35)":{"counter_culture":0.0541347886,"herd_immunity":0.8895960141,"obs_comp":0.8680330908},"('mean', 2, 0.333333, 0.01, 0.375)":{"counter_culture":0.0532267845,"herd_immunity":0.8912104194,"obs_comp":0.8675509356},"('mean', 2, 0.333333, 0.01, 0.4)":{"counter_culture":0.05601386,"herd_immunity":0.889686541,"obs_comp":0.8637241857},"('mean', 2, 0.333333, 0.01, 0.425)":{"counter_culture":0.0591645877,"herd_immunity":0.8885766481,"obs_comp":0.8596720374},"('mean', 2, 0.333333, 0.01, 0.45)":{"counter_culture":0.0627962578,"herd_immunity":0.8870486327,"obs_comp":0.8549106029},"('mean', 2, 0.333333, 0.01, 0.475)":{"counter_culture":0.0656444906,"herd_immunity":0.8862272299,"obs_comp":0.8509048857},"('mean', 2, 0.333333, 0.01, 0.5)":{"counter_culture":0.067989605,"herd_immunity":0.8854874153,"obs_comp":0.847521483},"('mean', 2, 0.333333, 0.01, 0.525)":{"counter_culture":0.0734102564,"herd_immunity":0.8830172795,"obs_comp":0.8411806999},"('mean', 2, 0.333333, 0.01, 0.55)":{"counter_culture":0.0742626473,"herd_immunity":0.8842109634,"obs_comp":0.8386399861},"('mean', 2, 0.333333, 0.01, 0.575)":{"counter_culture":0.0811966389,"herd_immunity":0.881411292,"obs_comp":0.8317337145},"('mean', 2, 0.333333, 0.01, 0.6)":{"counter_culture":0.0841936937,"herd_immunity":0.8827209302,"obs_comp":0.8281162509},"('mean', 2, 0.333333, 0.01, 0.625)":{"counter_culture":0.0900793486,"herd_immunity":0.8814331426,"obs_comp":0.8218347193},"('mean', 2, 0.333333, 0.01, 0.65)":{"counter_culture":0.0977538115,"herd_immunity":0.8792066099,"obs_comp":0.8144816355},"('mean', 2, 0.333333, 0.01, 0.675)":{"counter_culture":0.1032269577,"herd_immunity":0.8802101751,"obs_comp":0.8090452183},"('mean', 2, 0.333333, 0.01, 0.7)":{"counter_culture":0.1149119889,"herd_immunity":0.8759932517,"obs_comp":0.7989268884},"('mean', 2, 0.333333, 0.01, 0.725)":{"counter_culture":0.1235660083,"herd_immunity":0.8770581329,"obs_comp":0.7915564796},"('mean', 2, 0.333333, 0.01, 0.75)":{"counter_culture":0.136964657,"herd_immunity":0.8733737462,"obs_comp":0.7808906791},"('mean', 2, 0.333333, 0.01, 0.775)":{"counter_culture":0.1486761954,"herd_immunity":0.8734120581,"obs_comp":0.7721661469},"('mean', 2, 0.333333, 0.01, 0.8)":{"counter_culture":0.1638161816,"herd_immunity":0.8734892123,"obs_comp":0.7608567221},"('mean', 2, 0.333333, 0.01, 0.825)":{"counter_culture":0.1816318434,"herd_immunity":0.8723223907,"obs_comp":0.7481020444},"('mean', 2, 0.333333, 0.01, 0.85)":{"counter_culture":0.2021463964,"herd_immunity":0.8705072683,"obs_comp":0.7331010049},"('mean', 2, 0.333333, 0.01, 0.875)":{"counter_culture":0.225456341,"herd_immunity":0.8683224666,"obs_comp":0.7159622315},"('mean', 2, 0.333333, 0.01, 0.9)":{"counter_culture":0.2513849619,"herd_immunity":0.8644602664,"obs_comp":0.6961526334},"('mean', 2, 0.333333, 0.01, 0.925)":{"counter_culture":0.276724359,"herd_immunity":0.8673795161,"obs_comp":0.6766625087},"('mean', 2, 0.333333, 0.01, 0.95)":{"counter_culture":0.3104384962,"herd_immunity":0.8687499788,"obs_comp":0.6492856895},"('mean', 2, 0.333333, 0.01, 0.975)":{"counter_culture":0.3467732155,"herd_immunity":0.8684196165,"obs_comp":0.6192219335},"('mean', 2, 0.333333, 0.01, 1.0)":{"counter_culture":0.3955072765,"herd_immunity":null,"obs_comp":0.5777654193}}