{"('mean', 2, 0.333333, 0.01, 0.0)":{"counter_culture":0.0006558736,"herd_immunity":0.9794140438,"obs_comp":0.9794719481},"('mean', 2, 0.333333, 0.01, 0.025)":{"counter_culture":0.0006547409,"herd_immunity":0.9792714944,"obs_comp":0.979137781},"('mean', 2, 0.333333, 0.01, 0.05)":{"counter_culture":0.0006640296,"herd_immunity":0.9788858216,"obs_comp":0.9785029769},"('mean', 2, 0.333333, 0.01, 0.075)":{"counter_culture":0.0006907629,"herd_immunity":0.9787314183,"obs_comp":0.9776751488},"('mean', 2, 0.333333, 0.01, 0.1)":{"counter_culture":0.0006891771,"herd_immunity":0.9781183824,"obs_comp":0.9769651288},"('mean', 2, 0.333333, 0.01, 0.125)":{"counter_culture":0.0007084341,"herd_immunity":0.9784180628,"obs_comp":0.9765711515},"('mean', 2, 0.333333, 0.01, 0.15)":{"counter_culture":0.0007215743,"herd_immunity":0.9777207543,"obs_comp":0.9757460421},"('mean', 2, 0.333333, 0.01, 0.175)":{"counter_culture":0.0007381127,"herd_immunity":0.9772292305,"obs_comp":0.9750065701},"('mean', 2, 0.333333, 0.01, 0.2)":{"counter_culture":0.0007510263,"herd_immunity":0.9772694384,"obs_comp":0.974556634},"('mean', 2, 0.333333, 0.01, 0.225)":{"counter_culture":0.0007662054,"herd_immunity":0.9772425311,"obs_comp":0.9738119512},"('mean', 2, 0.333333, 0.01, 0.25)":{"counter_culture":0.0007825173,"herd_immunity":0.9772562562,"obs_comp":0.973046652},"('mean', 2, 0.333333, 0.01, 0.275)":{"counter_culture":0.0008158207,"herd_immunity":0.9770225829,"obs_comp":0.9723466003},"('mean', 2, 0.333333, 0.01, 0.3)":{"counter_culture":0.0008545614,"herd_immunity":0.9764472315,"obs_comp":0.9713144206},"('mean', 2, 0.333333, 0.01, 0.325)":{"counter_culture":0.0008622643,"herd_immunity":0.9765373501,"obs_comp":0.9707122403},"('mean', 2, 0.333333, 0.01, 0.35)":{"counter_culture":0.0008962474,"herd_immunity":0.9761977075,"obs_comp":0.9695724474},"('mean', 2, 0.333333, 0.01, 0.375)":{"counter_culture":0.0009526593,"herd_immunity":0.9754332136,"obs_comp":0.9683291194},"('mean', 2, 0.333333, 0.01, 0.4)":{"counter_culture":0.0009950249,"herd_immunity":0.9755790699,"obs_comp":0.9672407543},"('mean', 2, 0.333333, 0.01, 0.425)":{"counter_culture":0.0010305938,"herd_immunity":0.9755808586,"obs_comp":0.9665429682},"('mean', 2, 0.333333, 0.01, 0.45)":{"counter_culture":0.0010972007,"herd_immunity":0.9750537722,"obs_comp":0.9649113268},"('mean', 2, 0.333333, 0.01, 0.475)":{"counter_culture":0.0011753618,"herd_immunity":0.9750126077,"obs_comp":0.9638596634},"('mean', 2, 0.333333, 0.01, 0.5)":{"counter_culture":0.001285467,"herd_immunity":0.9739877295,"obs_comp":0.9621192761},"('mean', 2, 0.333333, 0.01, 0.525)":{"counter_culture":0.0014291022,"herd_immunity":0.9746348489,"obs_comp":0.9609078922},"('mean', 2, 0.333333, 0.01, 0.55)":{"counter_culture":0.0015371684,"herd_immunity":0.974025342,"obs_comp":0.959253822},"('mean', 2, 0.333333, 0.01, 0.575)":{"counter_culture":0.0017995179,"herd_immunity":0.973645342,"obs_comp":0.9569465967},"('mean', 2, 0.333333, 0.01, 0.6)":{"counter_culture":0.0020609611,"herd_immunity":0.9733668551,"obs_comp":0.9551130957},"('mean', 2, 0.333333, 0.01, 0.625)":{"counter_culture":0.0023609185,"herd_immunity":0.9730087512,"obs_comp":0.9528749694},"('mean', 2, 0.333333, 0.01, 0.65)":{"counter_culture":0.0030004803,"herd_immunity":0.9721529202,"obs_comp":0.949997961},"('mean', 2, 0.333333, 0.01, 0.675)":{"counter_culture":0.0034449791,"herd_immunity":0.9729811727,"obs_comp":0.9479478745},"('mean', 2, 0.333333, 0.01, 0.7)":{"counter_culture":0.0041395935,"herd_immunity":0.9720634262,"obs_comp":0.9445858141},"('mean', 2, 0.333333, 0.01, 0.725)":{"counter_culture":0.0058043118,"herd_immunity":0.9718618395,"obs_comp":0.9405035388},"('mean', 2, 0.333333, 0.01, 0.75)":{"counter_culture":0.0075746042,"herd_immunity":0.9711463418,"obs_comp":0.9362649412},"('mean', 2, 0.333333, 0.01, 0.775)":{"counter_culture":0.0104498002,"herd_immunity":0.9715220951,"obs_comp":0.9313919927},"('mean', 2, 0.333333, 0.01, 0.8)":{"counter_culture":0.0149344353,"herd_immunity":0.9715778243,"obs_comp":0.9254000942},"('mean', 2, 0.333333, 0.01, 0.825)":{"counter_culture":0.0231610617,"herd_immunity":0.9702017118,"obs_comp":0.9168313714},"('mean', 2, 0.333333, 0.01, 0.85)":{"counter_culture":0.0342492909,"herd_immunity":0.9700697781,"obs_comp":0.9080508206},"('mean', 2, 0.333333, 0.01, 0.875)":{"counter_culture":0.0511495347,"herd_immunity":0.9697897562,"obs_comp":0.8958146426},"('mean', 2, 0.333333, 0.01, 0.9)":{"counter_culture":0.0734916039,"herd_immunity":0.969014968,"obs_comp":0.8794613001},"('mean', 2, 0.333333, 0.01, 0.925)":{"counter_culture":0.10211692,"herd_immunity":0.9687289742,"obs_comp":0.8572130241},"('mean', 2, 0.333333, 0.01, 0.95)":{"counter_culture":0.1416299649,"herd_immunity":0.968703888,"obs_comp":0.8247580404},"('mean', 2, 0.333333, 0.01, 0.975)":{"counter_culture":0.2028305648,"herd_immunity":0.9686786535,"obs_comp":0.7717797624},"('mean', 2, 0.333333, 0.01, 1.0)":{"counter_culture":0.3145078342,"herd_immunity":null,"obs_comp":0.6692677324}}