{"('mean', 2, 0.333333, 0.01, 0.0)":{"counter_culture":0.0014884214,"herd_immunity":0.9732674333,"obs_comp":0.9732591456},"('mean', 2, 0.333333, 0.01, 0.025)":{"counter_culture":0.0015113514,"herd_immunity":0.9723848892,"obs_comp":0.9723216532},"('mean', 2, 0.333333, 0.01, 0.05)":{"counter_culture":0.0016511635,"herd_immunity":0.972897321,"obs_comp":0.9720105762},"('mean', 2, 0.333333, 0.01, 0.075)":{"counter_culture":0.001624581,"herd_immunity":0.9720984283,"obs_comp":0.9711708915},"('mean', 2, 0.333333, 0.01, 0.1)":{"counter_culture":0.0018715351,"herd_immunity":0.9719495252,"obs_comp":0.970261605},"('mean', 2, 0.333333, 0.01, 0.125)":{"counter_culture":0.0017201565,"herd_immunity":0.9716145157,"obs_comp":0.9695136403},"('mean', 2, 0.333333, 0.01, 0.15)":{"counter_culture":0.0018114707,"herd_immunity":0.9713227744,"obs_comp":0.9686445321},"('mean', 2, 0.333333, 0.01, 0.175)":{"counter_culture":0.0018548957,"herd_immunity":0.9715400172,"obs_comp":0.9682173846},"('mean', 2, 0.333333, 0.01, 0.2)":{"counter_culture":0.001813297,"herd_immunity":0.9712017233,"obs_comp":0.9672374818},"('mean', 2, 0.333333, 0.01, 0.225)":{"counter_culture":0.0020588307,"herd_immunity":0.9709664528,"obs_comp":0.9662283585},"('mean', 2, 0.333333, 0.01, 0.25)":{"counter_culture":0.001989229,"herd_immunity":0.9705472933,"obs_comp":0.9651145283},"('mean', 2, 0.333333, 0.01, 0.275)":{"counter_culture":0.0021288382,"herd_immunity":0.970042391,"obs_comp":0.9637965601},"('mean', 2, 0.333333, 0.01, 0.3)":{"counter_culture":0.0022359802,"herd_immunity":0.9696703722,"obs_comp":0.9625189731},"('mean', 2, 0.333333, 0.01, 0.325)":{"counter_culture":0.0025080965,"herd_immunity":0.9690434571,"obs_comp":0.9611409404},"('mean', 2, 0.333333, 0.01, 0.35)":{"counter_culture":0.0024671066,"herd_immunity":0.9691708588,"obs_comp":0.9602752819},"('mean', 2, 0.333333, 0.01, 0.375)":{"counter_culture":0.0024265225,"herd_immunity":0.9693884228,"obs_comp":0.9592933499},"('mean', 2, 0.333333, 0.01, 0.4)":{"counter_culture":0.0027731106,"herd_immunity":0.9684765414,"obs_comp":0.9573033092},"('mean', 2, 0.333333, 0.01, 0.425)":{"counter_culture":0.0028806584,"herd_immunity":0.9684210917,"obs_comp":0.9559019407},"('mean', 2, 0.333333, 0.01, 0.45)":{"counter_culture":0.0028873548,"herd_immunity":0.9681144128,"obs_comp":0.9545086891},"('mean', 2, 0.333333, 0.01, 0.475)":{"counter_culture":0.0035030154,"herd_immunity":0.9672441886,"obs_comp":0.9517650019},"('mean', 2, 0.333333, 0.01, 0.5)":{"counter_culture":0.0037909595,"herd_immunity":0.9668485221,"obs_comp":0.9497905861},"('mean', 2, 0.333333, 0.01, 0.525)":{"counter_culture":0.004014172,"herd_immunity":0.9666385769,"obs_comp":0.9479024115},"('mean', 2, 0.333333, 0.01, 0.55)":{"counter_culture":0.0042976518,"herd_immunity":0.9666455639,"obs_comp":0.9461859076},"('mean', 2, 0.333333, 0.01, 0.575)":{"counter_culture":0.0047110007,"herd_immunity":0.9665546743,"obs_comp":0.9438853987},"('mean', 2, 0.333333, 0.01, 0.6)":{"counter_culture":0.0054145259,"herd_immunity":0.9658787253,"obs_comp":0.9407429729},"('mean', 2, 0.333333, 0.01, 0.625)":{"counter_culture":0.0066235258,"herd_immunity":0.9648750468,"obs_comp":0.9372052581},"('mean', 2, 0.333333, 0.01, 0.65)":{"counter_culture":0.0071052589,"herd_immunity":0.9658143995,"obs_comp":0.9345664808},"('mean', 2, 0.333333, 0.01, 0.675)":{"counter_culture":0.009221719,"herd_immunity":0.9647965173,"obs_comp":0.9301777177},"('mean', 2, 0.333333, 0.01, 0.7)":{"counter_culture":0.0114621635,"herd_immunity":0.9643314744,"obs_comp":0.925923288},"('mean', 2, 0.333333, 0.01, 0.725)":{"counter_culture":0.0134201427,"herd_immunity":0.9644628377,"obs_comp":0.9217258788},"('mean', 2, 0.333333, 0.01, 0.75)":{"counter_culture":0.0189416076,"herd_immunity":0.9640797354,"obs_comp":0.9152874165},"('mean', 2, 0.333333, 0.01, 0.775)":{"counter_culture":0.0256718695,"herd_immunity":0.9633755451,"obs_comp":0.9087079244},"('mean', 2, 0.333333, 0.01, 0.8)":{"counter_culture":0.0367119585,"herd_immunity":0.962533832,"obs_comp":0.8996899376},"('mean', 2, 0.333333, 0.01, 0.825)":{"counter_culture":0.0484147856,"herd_immunity":0.9621487412,"obs_comp":0.8913507196},"('mean', 2, 0.333333, 0.01, 0.85)":{"counter_culture":0.0656459769,"herd_immunity":0.9619957043,"obs_comp":0.8792870999},"('mean', 2, 0.333333, 0.01, 0.875)":{"counter_culture":0.0858722738,"herd_immunity":0.961234845,"obs_comp":0.86493677},"('mean', 2, 0.333333, 0.01, 0.9)":{"counter_culture":0.1080993661,"herd_immunity":0.960845182,"obs_comp":0.8482155177},"('mean', 2, 0.333333, 0.01, 0.925)":{"counter_culture":0.1408389542,"herd_immunity":0.9602366784,"obs_comp":0.8221349664},"('mean', 2, 0.333333, 0.01, 0.95)":{"counter_culture":0.1800642852,"herd_immunity":0.9599878872,"obs_comp":0.7888787429},"('mean', 2, 0.333333, 0.01, 0.975)":{"counter_culture":0.2350758111,"herd_immunity":0.9593493806,"obs_comp":0.7404994683},"('mean', 2, 0.333333, 0.01, 1.0)":{"counter_culture":0.3195414404,"herd_immunity":null,"obs_comp":0.6635339811}}