{"('mean', 2, 0.333333, 0.01, 0.0)":{"counter_culture":0.000612422,"herd_immunity":0.9579610171,"obs_comp":0.9582523732},"('mean', 2, 0.333333, 0.01, 0.025)":{"counter_culture":0.0005847573,"herd_immunity":0.9580392656,"obs_comp":0.9577285056},"('mean', 2, 0.333333, 0.01, 0.05)":{"counter_culture":0.0006118796,"herd_immunity":0.957734528,"obs_comp":0.9566286954},"('mean', 2, 0.333333, 0.01, 0.075)":{"counter_culture":0.0006551397,"herd_immunity":0.9573332463,"obs_comp":0.9556091673},"('mean', 2, 0.333333, 0.01, 0.1)":{"counter_culture":0.0006323569,"herd_immunity":0.9569214251,"obs_comp":0.9545257662},"('mean', 2, 0.333333, 0.01, 0.125)":{"counter_culture":0.0006765663,"herd_immunity":0.9564866748,"obs_comp":0.9534391104},"('mean', 2, 0.333333, 0.01, 0.15)":{"counter_culture":0.0006611066,"herd_immunity":0.956392201,"obs_comp":0.9524288039},"('mean', 2, 0.333333, 0.01, 0.175)":{"counter_culture":0.0006516138,"herd_immunity":0.9561653926,"obs_comp":0.9513852726},"('mean', 2, 0.333333, 0.01, 0.2)":{"counter_culture":0.0006695145,"herd_immunity":0.9555959249,"obs_comp":0.949780038},"('mean', 2, 0.333333, 0.01, 0.225)":{"counter_culture":0.0007116897,"herd_immunity":0.9549166025,"obs_comp":0.9484949824},"('mean', 2, 0.333333, 0.01, 0.25)":{"counter_culture":0.0007344725,"herd_immunity":0.9547068872,"obs_comp":0.9471179821},"('mean', 2, 0.333333, 0.01, 0.275)":{"counter_culture":0.0007519664,"herd_immunity":0.9541823861,"obs_comp":0.9454369406},"('mean', 2, 0.333333, 0.01, 0.3)":{"counter_culture":0.0007573908,"herd_immunity":0.9533614291,"obs_comp":0.9436597505},"('mean', 2, 0.333333, 0.01, 0.325)":{"counter_culture":0.0008337402,"herd_immunity":0.9532452945,"obs_comp":0.9420876051},"('mean', 2, 0.333333, 0.01, 0.35)":{"counter_culture":0.0008028207,"herd_immunity":0.9527523555,"obs_comp":0.9401688365},"('mean', 2, 0.333333, 0.01, 0.375)":{"counter_culture":0.0008627611,"herd_immunity":0.9520976752,"obs_comp":0.9379320586},"('mean', 2, 0.333333, 0.01, 0.4)":{"counter_culture":0.0009229726,"herd_immunity":0.9519197183,"obs_comp":0.9362740711},"('mean', 2, 0.333333, 0.01, 0.425)":{"counter_culture":0.0009435856,"herd_immunity":0.9515132495,"obs_comp":0.9340947925},"('mean', 2, 0.333333, 0.01, 0.45)":{"counter_culture":0.0010200705,"herd_immunity":0.951090717,"obs_comp":0.93208869},"('mean', 2, 0.333333, 0.01, 0.475)":{"counter_culture":0.001040141,"herd_immunity":0.9505231089,"obs_comp":0.9296131001},"('mean', 2, 0.333333, 0.01, 0.5)":{"counter_culture":0.0012441009,"herd_immunity":0.949363707,"obs_comp":0.9261672091},"('mean', 2, 0.333333, 0.01, 0.525)":{"counter_culture":0.0013429618,"herd_immunity":0.9495768156,"obs_comp":0.9240462436},"('mean', 2, 0.333333, 0.01, 0.55)":{"counter_culture":0.0014895579,"herd_immunity":0.9487846662,"obs_comp":0.9212766477},"('mean', 2, 0.333333, 0.01, 0.575)":{"counter_culture":0.0019937619,"herd_immunity":0.948359453,"obs_comp":0.9174776241},"('mean', 2, 0.333333, 0.01, 0.6)":{"counter_culture":0.0022846488,"herd_immunity":0.9478441914,"obs_comp":0.9143814755},"('mean', 2, 0.333333, 0.01, 0.625)":{"counter_culture":0.0033985625,"herd_immunity":0.9471781251,"obs_comp":0.9096790073},"('mean', 2, 0.333333, 0.01, 0.65)":{"counter_culture":0.0045809601,"herd_immunity":0.9468627115,"obs_comp":0.9060701112},"('mean', 2, 0.333333, 0.01, 0.675)":{"counter_culture":0.0069199892,"herd_immunity":0.9455978604,"obs_comp":0.9001410361},"('mean', 2, 0.333333, 0.01, 0.7)":{"counter_culture":0.0094943043,"herd_immunity":0.945873606,"obs_comp":0.896144562},"('mean', 2, 0.333333, 0.01, 0.725)":{"counter_culture":0.0163786276,"herd_immunity":0.9448818913,"obs_comp":0.8896947383},"('mean', 2, 0.333333, 0.01, 0.75)":{"counter_culture":0.0245797396,"herd_immunity":0.9447146106,"obs_comp":0.8836460537},"('mean', 2, 0.333333, 0.01, 0.775)":{"counter_culture":0.0375497695,"herd_immunity":0.9434841559,"obs_comp":0.8750362083},"('mean', 2, 0.333333, 0.01, 0.8)":{"counter_culture":0.0522686466,"herd_immunity":0.9434949873,"obs_comp":0.865592894},"('mean', 2, 0.333333, 0.01, 0.825)":{"counter_culture":0.0676040141,"herd_immunity":0.9428574343,"obs_comp":0.8558637103},"('mean', 2, 0.333333, 0.01, 0.85)":{"counter_culture":0.0876432059,"herd_immunity":0.9415311054,"obs_comp":0.8422375915},"('mean', 2, 0.333333, 0.01, 0.875)":{"counter_culture":0.1089448061,"herd_immunity":0.9414481818,"obs_comp":0.827273393},"('mean', 2, 0.333333, 0.01, 0.9)":{"counter_culture":0.136371847,"herd_immunity":0.9401194895,"obs_comp":0.806997559},"('mean', 2, 0.333333, 0.01, 0.925)":{"counter_culture":0.1676612422,"herd_immunity":0.9407355923,"obs_comp":0.7828106862},"('mean', 2, 0.333333, 0.01, 0.95)":{"counter_culture":0.2087500678,"herd_immunity":0.9394815167,"obs_comp":0.7495518036},"('mean', 2, 0.333333, 0.01, 0.975)":{"counter_culture":0.2662396257,"herd_immunity":0.9379875903,"obs_comp":0.7003178736},"('mean', 2, 0.333333, 0.01, 1.0)":{"counter_culture":0.3509408733,"herd_immunity":null,"obs_comp":0.625}}