{"('mean', 2, 0.333333, 0.01, 0.0)":{"counter_culture":0.0024488541,"herd_immunity":0.9751247943,"obs_comp":0.9753789827},"('mean', 2, 0.333333, 0.01, 0.025)":{"counter_culture":0.0025173281,"herd_immunity":0.9752503249,"obs_comp":0.9750408049},"('mean', 2, 0.333333, 0.01, 0.05)":{"counter_culture":0.0026551146,"herd_immunity":0.9749278622,"obs_comp":0.9743088317},"('mean', 2, 0.333333, 0.01, 0.075)":{"counter_culture":0.0026721632,"herd_immunity":0.9747715194,"obs_comp":0.973784796},"('mean', 2, 0.333333, 0.01, 0.1)":{"counter_culture":0.0027216322,"herd_immunity":0.9744845114,"obs_comp":0.9728468418},"('mean', 2, 0.333333, 0.01, 0.125)":{"counter_culture":0.002833706,"herd_immunity":0.9738336473,"obs_comp":0.9719667412},"('mean', 2, 0.333333, 0.01, 0.15)":{"counter_culture":0.0031743991,"herd_immunity":0.9738735042,"obs_comp":0.9716028508},"('mean', 2, 0.333333, 0.01, 0.175)":{"counter_culture":0.0031386249,"herd_immunity":0.973408761,"obs_comp":0.9706053661},"('mean', 2, 0.333333, 0.01, 0.2)":{"counter_culture":0.0032814421,"herd_immunity":0.9729363131,"obs_comp":0.9692479039},"('mean', 2, 0.333333, 0.01, 0.225)":{"counter_culture":0.003117943,"herd_immunity":0.9734057378,"obs_comp":0.9693074343},"('mean', 2, 0.333333, 0.01, 0.25)":{"counter_culture":0.0032599217,"herd_immunity":0.9727178768,"obs_comp":0.9680095025},"('mean', 2, 0.333333, 0.01, 0.275)":{"counter_culture":0.0034650643,"herd_immunity":0.9726467767,"obs_comp":0.9671618222},"('mean', 2, 0.333333, 0.01, 0.3)":{"counter_culture":0.003626607,"herd_immunity":0.9719309707,"obs_comp":0.9660858021},"('mean', 2, 0.333333, 0.01, 0.325)":{"counter_culture":0.0035240358,"herd_immunity":0.9720366584,"obs_comp":0.9654502515},"('mean', 2, 0.333333, 0.01, 0.35)":{"counter_culture":0.003655953,"herd_immunity":0.9722553558,"obs_comp":0.9645100615},"('mean', 2, 0.333333, 0.01, 0.375)":{"counter_culture":0.0038884852,"herd_immunity":0.971528454,"obs_comp":0.9629675797},"('mean', 2, 0.333333, 0.01, 0.4)":{"counter_culture":0.0040743432,"herd_immunity":0.9717097535,"obs_comp":0.961882057},"('mean', 2, 0.333333, 0.01, 0.425)":{"counter_culture":0.0042557295,"herd_immunity":0.9715039045,"obs_comp":0.9604600335},"('mean', 2, 0.333333, 0.01, 0.45)":{"counter_culture":0.0042884293,"herd_immunity":0.9705094529,"obs_comp":0.9590944662},"('mean', 2, 0.333333, 0.01, 0.475)":{"counter_culture":0.0044709335,"herd_immunity":0.9711393439,"obs_comp":0.9581562325},"('mean', 2, 0.333333, 0.01, 0.5)":{"counter_culture":0.0047302963,"herd_immunity":0.9704226538,"obs_comp":0.9560667971},"('mean', 2, 0.333333, 0.01, 0.525)":{"counter_culture":0.005186417,"herd_immunity":0.9700600757,"obs_comp":0.9542529346},"('mean', 2, 0.333333, 0.01, 0.55)":{"counter_culture":0.005225545,"herd_immunity":0.9698629589,"obs_comp":0.9525184461},"('mean', 2, 0.333333, 0.01, 0.575)":{"counter_culture":0.0060578535,"herd_immunity":0.9689667607,"obs_comp":0.94929346},"('mean', 2, 0.333333, 0.01, 0.6)":{"counter_culture":0.0063356624,"herd_immunity":0.9693606331,"obs_comp":0.9475435998},"('mean', 2, 0.333333, 0.01, 0.625)":{"counter_culture":0.0071321968,"herd_immunity":0.9679479855,"obs_comp":0.9444893795},"('mean', 2, 0.333333, 0.01, 0.65)":{"counter_culture":0.007814701,"herd_immunity":0.9681635013,"obs_comp":0.94184237},"('mean', 2, 0.333333, 0.01, 0.675)":{"counter_culture":0.0088666853,"herd_immunity":0.9684032682,"obs_comp":0.9383896031},"('mean', 2, 0.333333, 0.01, 0.7)":{"counter_culture":0.0098007267,"herd_immunity":0.9688050482,"obs_comp":0.9352174399},"('mean', 2, 0.333333, 0.01, 0.725)":{"counter_culture":0.0128672443,"herd_immunity":0.9669161906,"obs_comp":0.9293348239},"('mean', 2, 0.333333, 0.01, 0.75)":{"counter_culture":0.0162403577,"herd_immunity":0.9666751365,"obs_comp":0.9243767468},"('mean', 2, 0.333333, 0.01, 0.775)":{"counter_culture":0.0194189491,"herd_immunity":0.9670751991,"obs_comp":0.9197202348},"('mean', 2, 0.333333, 0.01, 0.8)":{"counter_culture":0.0268202907,"herd_immunity":0.9660598007,"obs_comp":0.9116383454},"('mean', 2, 0.333333, 0.01, 0.825)":{"counter_culture":0.0386190609,"herd_immunity":0.9653804691,"obs_comp":0.9024656233},"('mean', 2, 0.333333, 0.01, 0.85)":{"counter_culture":0.0535321409,"herd_immunity":0.9657263109,"obs_comp":0.8922504192},"('mean', 2, 0.333333, 0.01, 0.875)":{"counter_culture":0.0747325321,"herd_immunity":0.9649448792,"obs_comp":0.8782017887},"('mean', 2, 0.333333, 0.01, 0.9)":{"counter_culture":0.0986534377,"herd_immunity":0.9652005518,"obs_comp":0.861215204},"('mean', 2, 0.333333, 0.01, 0.925)":{"counter_culture":0.1298915595,"herd_immunity":0.9649485145,"obs_comp":0.837157071},"('mean', 2, 0.333333, 0.01, 0.95)":{"counter_culture":0.1720980995,"herd_immunity":0.9649623453,"obs_comp":0.8014441029},"('mean', 2, 0.333333, 0.01, 0.975)":{"counter_culture":0.2378479598,"herd_immunity":0.9650184757,"obs_comp":0.7424438234},"('mean', 2, 0.333333, 0.01, 1.0)":{"counter_culture":0.3445544997,"herd_immunity":null,"obs_comp":0.6424449413}}