{"('mean', 2, 0.333333, 0.01, 0.0)":{"counter_culture":0.0123651735,"herd_immunity":0.9332702667,"obs_comp":0.9335638999},"('mean', 2, 0.333333, 0.01, 0.025)":{"counter_culture":0.0126876372,"herd_immunity":0.9327619409,"obs_comp":0.9322667984},"('mean', 2, 0.333333, 0.01, 0.05)":{"counter_culture":0.012507466,"herd_immunity":0.9331698248,"obs_comp":0.93191491},"('mean', 2, 0.333333, 0.01, 0.075)":{"counter_culture":0.0134928634,"herd_immunity":0.9316322735,"obs_comp":0.9295615942},"('mean', 2, 0.333333, 0.01, 0.1)":{"counter_culture":0.0137839262,"herd_immunity":0.930932493,"obs_comp":0.9276448177},"('mean', 2, 0.333333, 0.01, 0.125)":{"counter_culture":0.014653711,"herd_immunity":0.9300094221,"obs_comp":0.9258081906},"('mean', 2, 0.333333, 0.01, 0.15)":{"counter_culture":0.01414361,"herd_immunity":0.9309139692,"obs_comp":0.9256362538},"('mean', 2, 0.333333, 0.01, 0.175)":{"counter_culture":0.0138883399,"herd_immunity":0.9310850334,"obs_comp":0.9246948836},"('mean', 2, 0.333333, 0.01, 0.2)":{"counter_culture":0.0160731225,"herd_immunity":0.9287621811,"obs_comp":0.9212870004},"('mean', 2, 0.333333, 0.01, 0.225)":{"counter_culture":0.0160544576,"herd_immunity":0.9287115023,"obs_comp":0.9196745718},"('mean', 2, 0.333333, 0.01, 0.25)":{"counter_culture":0.0169611331,"herd_immunity":0.9277906705,"obs_comp":0.9173556214},"('mean', 2, 0.333333, 0.01, 0.275)":{"counter_culture":0.0173750549,"herd_immunity":0.9277893143,"obs_comp":0.9158672596},"('mean', 2, 0.333333, 0.01, 0.3)":{"counter_culture":0.0188129117,"herd_immunity":0.926240065,"obs_comp":0.9126371322},"('mean', 2, 0.333333, 0.01, 0.325)":{"counter_culture":0.0183030303,"herd_immunity":0.927437144,"obs_comp":0.9122265042},"('mean', 2, 0.333333, 0.01, 0.35)":{"counter_culture":0.0202104743,"herd_immunity":0.9261184842,"obs_comp":0.9087071805},"('mean', 2, 0.333333, 0.01, 0.375)":{"counter_culture":0.0215578612,"herd_immunity":0.925028052,"obs_comp":0.9061985068},"('mean', 2, 0.333333, 0.01, 0.4)":{"counter_culture":0.0220676329,"herd_immunity":0.9252012713,"obs_comp":0.9036589811},"('mean', 2, 0.333333, 0.01, 0.425)":{"counter_culture":0.0235323891,"herd_immunity":0.9245328526,"obs_comp":0.9010310716},"('mean', 2, 0.333333, 0.01, 0.45)":{"counter_culture":0.025168094,"herd_immunity":0.9240527304,"obs_comp":0.8976360343},"('mean', 2, 0.333333, 0.01, 0.475)":{"counter_culture":0.0278510101,"herd_immunity":0.9224038032,"obs_comp":0.8933780193},"('mean', 2, 0.333333, 0.01, 0.5)":{"counter_culture":0.0288062143,"herd_immunity":0.9228399325,"obs_comp":0.8908495828},"('mean', 2, 0.333333, 0.01, 0.525)":{"counter_culture":0.0318807642,"herd_immunity":0.9218944122,"obs_comp":0.8864081028},"('mean', 2, 0.333333, 0.01, 0.55)":{"counter_culture":0.0331620553,"herd_immunity":0.923007736,"obs_comp":0.883811155},"('mean', 2, 0.333333, 0.01, 0.575)":{"counter_culture":0.0392445103,"herd_immunity":0.9192880549,"obs_comp":0.876274484},"('mean', 2, 0.333333, 0.01, 0.6)":{"counter_culture":0.0427552701,"herd_immunity":0.919597943,"obs_comp":0.8719179842},"('mean', 2, 0.333333, 0.01, 0.625)":{"counter_culture":0.0471280193,"herd_immunity":0.9187754057,"obs_comp":0.8670038428},"('mean', 2, 0.333333, 0.01, 0.65)":{"counter_culture":0.0524054677,"herd_immunity":0.9188225633,"obs_comp":0.8612106939},"('mean', 2, 0.333333, 0.01, 0.675)":{"counter_culture":0.0578481555,"herd_immunity":0.9189477092,"obs_comp":0.8553790075},"('mean', 2, 0.333333, 0.01, 0.7)":{"counter_culture":0.0658888889,"herd_immunity":0.9178704681,"obs_comp":0.8479465305},"('mean', 2, 0.333333, 0.01, 0.725)":{"counter_culture":0.0761465744,"herd_immunity":0.9164375518,"obs_comp":0.8392841458},"('mean', 2, 0.333333, 0.01, 0.75)":{"counter_culture":0.0876078173,"herd_immunity":0.9160374606,"obs_comp":0.8301348265},"('mean', 2, 0.333333, 0.01, 0.775)":{"counter_culture":0.1017389108,"herd_immunity":0.9151269249,"obs_comp":0.8193241107},"('mean', 2, 0.333333, 0.01, 0.8)":{"counter_culture":0.116057971,"herd_immunity":0.9148977368,"obs_comp":0.8086610672},"('mean', 2, 0.333333, 0.01, 0.825)":{"counter_culture":0.1347340799,"herd_immunity":0.912924463,"obs_comp":0.7944110672},"('mean', 2, 0.333333, 0.01, 0.85)":{"counter_culture":0.1534198507,"herd_immunity":0.9128487601,"obs_comp":0.7802465964},"('mean', 2, 0.333333, 0.01, 0.875)":{"counter_culture":0.1794227053,"herd_immunity":0.9101350103,"obs_comp":0.7597784365},"('mean', 2, 0.333333, 0.01, 0.9)":{"counter_culture":0.2023681379,"herd_immunity":0.9111353244,"obs_comp":0.7417245279},"('mean', 2, 0.333333, 0.01, 0.925)":{"counter_culture":0.2341652394,"herd_immunity":0.9102121266,"obs_comp":0.7158977822},"('mean', 2, 0.333333, 0.01, 0.95)":{"counter_culture":0.2680724638,"herd_immunity":0.9096820812,"obs_comp":0.6876157224},"('mean', 2, 0.333333, 0.01, 0.975)":{"counter_culture":0.3119268775,"herd_immunity":0.908659546,"obs_comp":0.6502215635},"('mean', 2, 0.333333, 0.01, 1.0)":{"counter_culture":0.363746267,"herd_immunity":null,"obs_comp":0.6054438955}}