{"('mean', 2, 0.333333, 0.01, 0.0)":{"counter_culture":0.0017821549,"herd_immunity":0.9717345211,"obs_comp":0.9722296296},"('mean', 2, 0.333333, 0.01, 0.025)":{"counter_culture":0.0017632997,"herd_immunity":0.9716282168,"obs_comp":0.9716010101},"('mean', 2, 0.333333, 0.01, 0.05)":{"counter_culture":0.0017289562,"herd_immunity":0.9715580499,"obs_comp":0.9709670034},"('mean', 2, 0.333333, 0.01, 0.075)":{"counter_culture":0.001979798,"herd_immunity":0.9709045001,"obs_comp":0.9699760943},"('mean', 2, 0.333333, 0.01, 0.1)":{"counter_culture":0.0017639731,"herd_immunity":0.9712633246,"obs_comp":0.9698350168},"('mean', 2, 0.333333, 0.01, 0.125)":{"counter_culture":0.0020181818,"herd_immunity":0.9707247177,"obs_comp":0.9685410774},"('mean', 2, 0.333333, 0.01, 0.15)":{"counter_culture":0.0019976431,"herd_immunity":0.9707223445,"obs_comp":0.9678639731},"('mean', 2, 0.333333, 0.01, 0.175)":{"counter_culture":0.0019622896,"herd_immunity":0.9710243621,"obs_comp":0.9676343434},"('mean', 2, 0.333333, 0.01, 0.2)":{"counter_culture":0.0019272727,"herd_immunity":0.9702832427,"obs_comp":0.9663747475},"('mean', 2, 0.333333, 0.01, 0.225)":{"counter_culture":0.0021811448,"herd_immunity":0.9697207693,"obs_comp":0.9648855219},"('mean', 2, 0.333333, 0.01, 0.25)":{"counter_culture":0.0025811448,"herd_immunity":0.9694136518,"obs_comp":0.964062963},"('mean', 2, 0.333333, 0.01, 0.275)":{"counter_culture":0.0021589226,"herd_immunity":0.9702802836,"obs_comp":0.9637666667},"('mean', 2, 0.333333, 0.01, 0.3)":{"counter_culture":0.0025006734,"herd_immunity":0.9692538074,"obs_comp":0.9621107744},"('mean', 2, 0.333333, 0.01, 0.325)":{"counter_culture":0.0023545455,"herd_immunity":0.968983343,"obs_comp":0.9608892256},"('mean', 2, 0.333333, 0.01, 0.35)":{"counter_culture":0.002547138,"herd_immunity":0.9686045264,"obs_comp":0.9597808081},"('mean', 2, 0.333333, 0.01, 0.375)":{"counter_culture":0.0028791246,"herd_immunity":0.9675278211,"obs_comp":0.9578255892},"('mean', 2, 0.333333, 0.01, 0.4)":{"counter_culture":0.0030501684,"herd_immunity":0.9684904175,"obs_comp":0.9572767677},"('mean', 2, 0.333333, 0.01, 0.425)":{"counter_culture":0.0032983165,"herd_immunity":0.9674026464,"obs_comp":0.9544814815},"('mean', 2, 0.333333, 0.01, 0.45)":{"counter_culture":0.002973064,"herd_immunity":0.9678773376,"obs_comp":0.953910101},"('mean', 2, 0.333333, 0.01, 0.475)":{"counter_culture":0.0037717172,"herd_immunity":0.9669728308,"obs_comp":0.9512026936},"('mean', 2, 0.333333, 0.01, 0.5)":{"counter_culture":0.0042282828,"herd_immunity":0.9659564954,"obs_comp":0.9486225589},"('mean', 2, 0.333333, 0.01, 0.525)":{"counter_culture":0.0046548822,"herd_immunity":0.966804629,"obs_comp":0.9473606061},"('mean', 2, 0.333333, 0.01, 0.55)":{"counter_culture":0.0056989899,"herd_immunity":0.9654537718,"obs_comp":0.9437585859},"('mean', 2, 0.333333, 0.01, 0.575)":{"counter_culture":0.0060343434,"herd_immunity":0.9651452641,"obs_comp":0.9416367003},"('mean', 2, 0.333333, 0.01, 0.6)":{"counter_culture":0.0072006734,"herd_immunity":0.9650029014,"obs_comp":0.9382488215},"('mean', 2, 0.333333, 0.01, 0.625)":{"counter_culture":0.0079198653,"herd_immunity":0.9654338222,"obs_comp":0.9353659933},"('mean', 2, 0.333333, 0.01, 0.65)":{"counter_culture":0.0089619529,"herd_immunity":0.9652614697,"obs_comp":0.9323414141},"('mean', 2, 0.333333, 0.01, 0.675)":{"counter_culture":0.0122053872,"herd_immunity":0.964271316,"obs_comp":0.9271922559},"('mean', 2, 0.333333, 0.01, 0.7)":{"counter_culture":0.0152744108,"herd_immunity":0.9639577243,"obs_comp":0.9225855219},"('mean', 2, 0.333333, 0.01, 0.725)":{"counter_culture":0.0204457912,"herd_immunity":0.9631712832,"obs_comp":0.9160636364},"('mean', 2, 0.333333, 0.01, 0.75)":{"counter_culture":0.0259249158,"herd_immunity":0.9634080661,"obs_comp":0.910783165},"('mean', 2, 0.333333, 0.01, 0.775)":{"counter_culture":0.0339925926,"herd_immunity":0.9638693626,"obs_comp":0.9036851852},"('mean', 2, 0.333333, 0.01, 0.8)":{"counter_culture":0.0476144781,"herd_immunity":0.9629159761,"obs_comp":0.8930414141},"('mean', 2, 0.333333, 0.01, 0.825)":{"counter_culture":0.0625976431,"herd_immunity":0.9619961466,"obs_comp":0.8820447811},"('mean', 2, 0.333333, 0.01, 0.85)":{"counter_culture":0.0815191919,"herd_immunity":0.9620402822,"obs_comp":0.8683430976},"('mean', 2, 0.333333, 0.01, 0.875)":{"counter_culture":0.103752862,"herd_immunity":0.9609368509,"obs_comp":0.8514548822},"('mean', 2, 0.333333, 0.01, 0.9)":{"counter_culture":0.1299501684,"herd_immunity":0.9612384923,"obs_comp":0.8308447811},"('mean', 2, 0.333333, 0.01, 0.925)":{"counter_culture":0.1637616162,"herd_immunity":0.9601285236,"obs_comp":0.8025124579},"('mean', 2, 0.333333, 0.01, 0.95)":{"counter_culture":0.2073195286,"herd_immunity":0.9589053148,"obs_comp":0.7647835017},"('mean', 2, 0.333333, 0.01, 0.975)":{"counter_culture":0.2652912458,"herd_immunity":0.9589265257,"obs_comp":0.7126464646},"('mean', 2, 0.333333, 0.01, 1.0)":{"counter_culture":0.3440232323,"herd_immunity":null,"obs_comp":0.6400265993}}