{"('mean', 2, 0.333333, 0.01, 0.0)":{"counter_culture":0.0012772854,"herd_immunity":0.9427759051,"obs_comp":0.9431239423},"('mean', 2, 0.333333, 0.01, 0.025)":{"counter_culture":0.0012434386,"herd_immunity":0.9423598764,"obs_comp":0.9420342483},"('mean', 2, 0.333333, 0.01, 0.05)":{"counter_culture":0.0012976508,"herd_immunity":0.942096176,"obs_comp":0.9410360554},"('mean', 2, 0.333333, 0.01, 0.075)":{"counter_culture":0.0013613286,"herd_immunity":0.9415371646,"obs_comp":0.9398152769},"('mean', 2, 0.333333, 0.01, 0.1)":{"counter_culture":0.0013162952,"herd_immunity":0.9410655085,"obs_comp":0.9390356538},"('mean', 2, 0.333333, 0.01, 0.125)":{"counter_culture":0.0013762442,"herd_immunity":0.9403202317,"obs_comp":0.9374236296},"('mean', 2, 0.333333, 0.01, 0.15)":{"counter_culture":0.0014175487,"herd_immunity":0.939810269,"obs_comp":0.9361945329},"('mean', 2, 0.333333, 0.01, 0.175)":{"counter_culture":0.0015122049,"herd_immunity":0.9394399939,"obs_comp":0.9347190431},"('mean', 2, 0.333333, 0.01, 0.2)":{"counter_culture":0.0015755959,"herd_immunity":0.9394009051,"obs_comp":0.9338906577},"('mean', 2, 0.333333, 0.01, 0.225)":{"counter_culture":0.0015520753,"herd_immunity":0.9388843513,"obs_comp":0.9325422368},"('mean', 2, 0.333333, 0.01, 0.25)":{"counter_culture":0.0016544761,"herd_immunity":0.9385764417,"obs_comp":0.9310813757},"('mean', 2, 0.333333, 0.01, 0.275)":{"counter_culture":0.0016490262,"herd_immunity":0.9376803789,"obs_comp":0.9296282592},"('mean', 2, 0.333333, 0.01, 0.3)":{"counter_culture":0.0018544015,"herd_immunity":0.9370545635,"obs_comp":0.927875398},"('mean', 2, 0.333333, 0.01, 0.325)":{"counter_culture":0.0018985744,"herd_immunity":0.936438746,"obs_comp":0.9259576055},"('mean', 2, 0.333333, 0.01, 0.35)":{"counter_culture":0.0020201933,"herd_immunity":0.9352897393,"obs_comp":0.9240865674},"('mean', 2, 0.333333, 0.01, 0.375)":{"counter_culture":0.0021971718,"herd_immunity":0.9345822481,"obs_comp":0.9223672662},"('mean', 2, 0.333333, 0.01, 0.4)":{"counter_culture":0.0023285432,"herd_immunity":0.9345523419,"obs_comp":0.9205145857},"('mean', 2, 0.333333, 0.01, 0.425)":{"counter_culture":0.0024085707,"herd_immunity":0.9337439787,"obs_comp":0.9186088403},"('mean', 2, 0.333333, 0.01, 0.45)":{"counter_culture":0.0027315492,"herd_immunity":0.9327932111,"obs_comp":0.9162372716},"('mean', 2, 0.333333, 0.01, 0.475)":{"counter_culture":0.0029799501,"herd_immunity":0.9325888627,"obs_comp":0.9148214439},"('mean', 2, 0.333333, 0.01, 0.5)":{"counter_culture":0.0031004217,"herd_immunity":0.9327116523,"obs_comp":0.9132533058},"('mean', 2, 0.333333, 0.01, 0.525)":{"counter_culture":0.0035794395,"herd_immunity":0.9316202843,"obs_comp":0.9101198979},"('mean', 2, 0.333333, 0.01, 0.55)":{"counter_culture":0.0038315693,"herd_immunity":0.9318066039,"obs_comp":0.9077173508},"('mean', 2, 0.333333, 0.01, 0.575)":{"counter_culture":0.0043074319,"herd_immunity":0.9310584065,"obs_comp":0.9055752517},"('mean', 2, 0.333333, 0.01, 0.6)":{"counter_culture":0.0048357858,"herd_immunity":0.9297422858,"obs_comp":0.9021607435},"('mean', 2, 0.333333, 0.01, 0.625)":{"counter_culture":0.0056383559,"herd_immunity":0.9288335592,"obs_comp":0.8991265812},"('mean', 2, 0.333333, 0.01, 0.65)":{"counter_culture":0.0071967415,"herd_immunity":0.9285534111,"obs_comp":0.8961566704},"('mean', 2, 0.333333, 0.01, 0.675)":{"counter_culture":0.0076318733,"herd_immunity":0.9289884008,"obs_comp":0.8931483234},"('mean', 2, 0.333333, 0.01, 0.7)":{"counter_culture":0.0094145656,"herd_immunity":0.9273634216,"obs_comp":0.889514098},"('mean', 2, 0.333333, 0.01, 0.725)":{"counter_culture":0.0126997103,"herd_immunity":0.9265974504,"obs_comp":0.8838946734},"('mean', 2, 0.333333, 0.01, 0.75)":{"counter_culture":0.0150761552,"herd_immunity":0.9254332268,"obs_comp":0.8797642199},"('mean', 2, 0.333333, 0.01, 0.775)":{"counter_culture":0.0188053237,"herd_immunity":0.9244959481,"obs_comp":0.8745667326},"('mean', 2, 0.333333, 0.01, 0.8)":{"counter_culture":0.0242236755,"herd_immunity":0.9247647038,"obs_comp":0.8695347503},"('mean', 2, 0.333333, 0.01, 0.825)":{"counter_culture":0.0343625047,"herd_immunity":0.9247892509,"obs_comp":0.8618366176},"('mean', 2, 0.333333, 0.01, 0.85)":{"counter_culture":0.0470125921,"herd_immunity":0.9243221636,"obs_comp":0.8540323552},"('mean', 2, 0.333333, 0.01, 0.875)":{"counter_culture":0.0664291656,"herd_immunity":0.9213204723,"obs_comp":0.8420491639},"('mean', 2, 0.333333, 0.01, 0.9)":{"counter_culture":0.0871264665,"herd_immunity":0.9211035186,"obs_comp":0.8292057482},"('mean', 2, 0.333333, 0.01, 0.925)":{"counter_culture":0.1138252589,"herd_immunity":0.9199129507,"obs_comp":0.8102750767},"('mean', 2, 0.333333, 0.01, 0.95)":{"counter_culture":0.1548386542,"herd_immunity":0.9201181078,"obs_comp":0.7798594498},"('mean', 2, 0.333333, 0.01, 0.975)":{"counter_culture":0.2186228953,"herd_immunity":0.9199143332,"obs_comp":0.728637524},"('mean', 2, 0.333333, 0.01, 1.0)":{"counter_culture":0.3522516708,"herd_immunity":null,"obs_comp":0.6127923587}}