{"('mean', 2, 0.333333, 0.01, 0.0)":{"counter_culture":0.0047989753,"herd_immunity":0.9751492288,"obs_comp":0.9752055455},"('mean', 2, 0.333333, 0.01, 0.025)":{"counter_culture":0.0046654611,"herd_immunity":0.9751292249,"obs_comp":0.9748794454},"('mean', 2, 0.333333, 0.01, 0.05)":{"counter_culture":0.0049042596,"herd_immunity":0.9748056452,"obs_comp":0.9740691179},"('mean', 2, 0.333333, 0.01, 0.075)":{"counter_culture":0.0049971871,"herd_immunity":0.9747905764,"obs_comp":0.9733444846},"('mean', 2, 0.333333, 0.01, 0.1)":{"counter_culture":0.0056370303,"herd_immunity":0.9739043628,"obs_comp":0.9721806309},"('mean', 2, 0.333333, 0.01, 0.125)":{"counter_culture":0.0054450472,"herd_immunity":0.9740673933,"obs_comp":0.9717906369},"('mean', 2, 0.333333, 0.01, 0.15)":{"counter_culture":0.0055766526,"herd_immunity":0.9738554923,"obs_comp":0.9709560981},"('mean', 2, 0.333333, 0.01, 0.175)":{"counter_culture":0.0060455093,"herd_immunity":0.973372055,"obs_comp":0.9698444846},"('mean', 2, 0.333333, 0.01, 0.2)":{"counter_culture":0.0060559574,"herd_immunity":0.9733121526,"obs_comp":0.9691686759},"('mean', 2, 0.333333, 0.01, 0.225)":{"counter_culture":0.0067744625,"herd_immunity":0.9726438886,"obs_comp":0.9675752461},"('mean', 2, 0.333333, 0.01, 0.25)":{"counter_culture":0.0066270846,"herd_immunity":0.972773877,"obs_comp":0.9671155314},"('mean', 2, 0.333333, 0.01, 0.275)":{"counter_culture":0.0073679928,"herd_immunity":0.9722352269,"obs_comp":0.9654419329},"('mean', 2, 0.333333, 0.01, 0.3)":{"counter_culture":0.0074051638,"herd_immunity":0.9722391314,"obs_comp":0.9648058067},"('mean', 2, 0.333333, 0.01, 0.325)":{"counter_culture":0.0077010247,"herd_immunity":0.9719572841,"obs_comp":0.9637148885},"('mean', 2, 0.333333, 0.01, 0.35)":{"counter_culture":0.0081579265,"herd_immunity":0.9714916424,"obs_comp":0.9621080972},"('mean', 2, 0.333333, 0.01, 0.375)":{"counter_culture":0.0088729154,"herd_immunity":0.9711263888,"obs_comp":0.9605269238},"('mean', 2, 0.333333, 0.01, 0.4)":{"counter_culture":0.0093430782,"herd_immunity":0.9708390583,"obs_comp":0.9591638537},"('mean', 2, 0.333333, 0.01, 0.425)":{"counter_culture":0.0098787422,"herd_immunity":0.9707246175,"obs_comp":0.9575957404},"('mean', 2, 0.333333, 0.01, 0.45)":{"counter_culture":0.0110361664,"herd_immunity":0.9700552732,"obs_comp":0.9553979305},"('mean', 2, 0.333333, 0.01, 0.475)":{"counter_culture":0.0116170384,"herd_immunity":0.9700419701,"obs_comp":0.9536589311},"('mean', 2, 0.333333, 0.01, 0.5)":{"counter_culture":0.0123715089,"herd_immunity":0.9698786616,"obs_comp":0.9518439823},"('mean', 2, 0.333333, 0.01, 0.525)":{"counter_culture":0.0132512558,"herd_immunity":0.9696329579,"obs_comp":0.949790436},"('mean', 2, 0.333333, 0.01, 0.55)":{"counter_culture":0.01476522,"herd_immunity":0.9688670296,"obs_comp":0.9468450874},"('mean', 2, 0.333333, 0.01, 0.575)":{"counter_culture":0.0160297368,"herd_immunity":0.9686687199,"obs_comp":0.9442980711},"('mean', 2, 0.333333, 0.01, 0.6)":{"counter_culture":0.017526522,"herd_immunity":0.9689350882,"obs_comp":0.9414791039},"('mean', 2, 0.333333, 0.01, 0.625)":{"counter_culture":0.0200097448,"herd_immunity":0.9678775225,"obs_comp":0.937885875},"('mean', 2, 0.333333, 0.01, 0.65)":{"counter_culture":0.0221925859,"herd_immunity":0.9675822316,"obs_comp":0.9343947157},"('mean', 2, 0.333333, 0.01, 0.675)":{"counter_culture":0.024037171,"herd_immunity":0.9679252127,"obs_comp":0.9311351216},"('mean', 2, 0.333333, 0.01, 0.7)":{"counter_culture":0.0280143661,"herd_immunity":0.9666061173,"obs_comp":0.9257950573},"('mean', 2, 0.333333, 0.01, 0.725)":{"counter_culture":0.0314568013,"herd_immunity":0.9668843038,"obs_comp":0.9212526622},"('mean', 2, 0.333333, 0.01, 0.75)":{"counter_culture":0.0363791441,"herd_immunity":0.9668410192,"obs_comp":0.9156222624},"('mean', 2, 0.333333, 0.01, 0.775)":{"counter_culture":0.0443640747,"herd_immunity":0.9658007164,"obs_comp":0.9070632911},"('mean', 2, 0.333333, 0.01, 0.8)":{"counter_culture":0.0536930882,"herd_immunity":0.9648988032,"obs_comp":0.8987751658},"('mean', 2, 0.333333, 0.01, 0.825)":{"counter_culture":0.0653913,"herd_immunity":0.9644863793,"obs_comp":0.8888896926},"('mean', 2, 0.333333, 0.01, 0.85)":{"counter_culture":0.0804805103,"herd_immunity":0.964745278,"obs_comp":0.8771720916},"('mean', 2, 0.333333, 0.01, 0.875)":{"counter_culture":0.1010482218,"herd_immunity":0.9642605664,"obs_comp":0.862075648},"('mean', 2, 0.333333, 0.01, 0.9)":{"counter_culture":0.1255958409,"herd_immunity":0.9643078718,"obs_comp":0.8432303597},"('mean', 2, 0.333333, 0.01, 0.925)":{"counter_culture":0.1571872614,"herd_immunity":0.9638147697,"obs_comp":0.8178136428},"('mean', 2, 0.333333, 0.01, 0.95)":{"counter_culture":0.2001820374,"herd_immunity":0.9615007525,"obs_comp":0.7801551135},"('mean', 2, 0.333333, 0.01, 0.975)":{"counter_culture":0.2588639743,"herd_immunity":0.9620721909,"obs_comp":0.7264583082},"('mean', 2, 0.333333, 0.01, 1.0)":{"counter_culture":0.348505224,"herd_immunity":null,"obs_comp":0.64146956}}