{"('mean', 2, 0.333333, 0.01, 0.0)":{"counter_culture":0.0012942211,"herd_immunity":0.9675412168,"obs_comp":0.9678227007},"('mean', 2, 0.333333, 0.01, 0.025)":{"counter_culture":0.0012400205,"herd_immunity":0.9673282612,"obs_comp":0.9671898728},"('mean', 2, 0.333333, 0.01, 0.05)":{"counter_culture":0.0014077492,"herd_immunity":0.9671572415,"obs_comp":0.9663509851},"('mean', 2, 0.333333, 0.01, 0.075)":{"counter_culture":0.0014614615,"herd_immunity":0.9666249402,"obs_comp":0.9653651212},"('mean', 2, 0.333333, 0.01, 0.1)":{"counter_culture":0.0015242071,"herd_immunity":0.9663220154,"obs_comp":0.9645516248},"('mean', 2, 0.333333, 0.01, 0.125)":{"counter_culture":0.001467321,"herd_immunity":0.9661275527,"obs_comp":0.963899021},"('mean', 2, 0.333333, 0.01, 0.15)":{"counter_culture":0.0016013575,"herd_immunity":0.9655736768,"obs_comp":0.9627522645},"('mean', 2, 0.333333, 0.01, 0.175)":{"counter_culture":0.0016499426,"herd_immunity":0.9656164267,"obs_comp":0.9620457042},"('mean', 2, 0.333333, 0.01, 0.2)":{"counter_culture":0.0016699626,"herd_immunity":0.9647621714,"obs_comp":0.9607859079},"('mean', 2, 0.333333, 0.01, 0.225)":{"counter_culture":0.0016225982,"herd_immunity":0.964907129,"obs_comp":0.959993408},"('mean', 2, 0.333333, 0.01, 0.25)":{"counter_culture":0.0017932567,"herd_immunity":0.9644953646,"obs_comp":0.9589133035},"('mean', 2, 0.333333, 0.01, 0.275)":{"counter_culture":0.0018144974,"herd_immunity":0.9644042941,"obs_comp":0.9576901292},"('mean', 2, 0.333333, 0.01, 0.3)":{"counter_culture":0.0019072731,"herd_immunity":0.9644587921,"obs_comp":0.9571857223},"('mean', 2, 0.333333, 0.01, 0.325)":{"counter_culture":0.0020383798,"herd_immunity":0.962934492,"obs_comp":0.9548953832},"('mean', 2, 0.333333, 0.01, 0.35)":{"counter_culture":0.0020474133,"herd_immunity":0.963422116,"obs_comp":0.9541192412},"('mean', 2, 0.333333, 0.01, 0.375)":{"counter_culture":0.0023027906,"herd_immunity":0.961964896,"obs_comp":0.9516958422},"('mean', 2, 0.333333, 0.01, 0.4)":{"counter_culture":0.0023486902,"herd_immunity":0.9618321471,"obs_comp":0.9504289656},"('mean', 2, 0.333333, 0.01, 0.425)":{"counter_culture":0.0024172953,"herd_immunity":0.9618945031,"obs_comp":0.9493178544},"('mean', 2, 0.333333, 0.01, 0.45)":{"counter_culture":0.002581606,"herd_immunity":0.9619853722,"obs_comp":0.9474701531},"('mean', 2, 0.333333, 0.01, 0.475)":{"counter_culture":0.0025234991,"herd_immunity":0.9616341309,"obs_comp":0.9462796943},"('mean', 2, 0.333333, 0.01, 0.5)":{"counter_culture":0.0026697429,"herd_immunity":0.96089261,"obs_comp":0.9436214263},"('mean', 2, 0.333333, 0.01, 0.525)":{"counter_culture":0.0029551503,"herd_immunity":0.96064066,"obs_comp":0.9421003931},"('mean', 2, 0.333333, 0.01, 0.55)":{"counter_culture":0.0031599893,"herd_immunity":0.959734653,"obs_comp":0.9391635538},"('mean', 2, 0.333333, 0.01, 0.575)":{"counter_culture":0.0033711761,"herd_immunity":0.9600018433,"obs_comp":0.9369938231},"('mean', 2, 0.333333, 0.01, 0.6)":{"counter_culture":0.0035125369,"herd_immunity":0.9597152415,"obs_comp":0.93412388},"('mean', 2, 0.333333, 0.01, 0.625)":{"counter_culture":0.0039991211,"herd_immunity":0.9589434538,"obs_comp":0.9309052955},"('mean', 2, 0.333333, 0.01, 0.65)":{"counter_culture":0.0045218389,"herd_immunity":0.9582622742,"obs_comp":0.9276461828},"('mean', 2, 0.333333, 0.01, 0.675)":{"counter_culture":0.0055570204,"herd_immunity":0.9579262166,"obs_comp":0.924235455},"('mean', 2, 0.333333, 0.01, 0.7)":{"counter_culture":0.0076322664,"herd_immunity":0.9569501407,"obs_comp":0.9190976342},"('mean', 2, 0.333333, 0.01, 0.725)":{"counter_culture":0.0096179106,"herd_immunity":0.9575509416,"obs_comp":0.9155006226},"('mean', 2, 0.333333, 0.01, 0.75)":{"counter_culture":0.014801875,"herd_immunity":0.9563072217,"obs_comp":0.9090282966},"('mean', 2, 0.333333, 0.01, 0.775)":{"counter_culture":0.0222537171,"herd_immunity":0.956843455,"obs_comp":0.9034290388},"('mean', 2, 0.333333, 0.01, 0.8)":{"counter_culture":0.033985693,"herd_immunity":0.9559977933,"obs_comp":0.8955792378},"('mean', 2, 0.333333, 0.01, 0.825)":{"counter_culture":0.0501750531,"herd_immunity":0.9548993995,"obs_comp":0.885679582},"('mean', 2, 0.333333, 0.01, 0.85)":{"counter_culture":0.0672787422,"herd_immunity":0.9546844501,"obs_comp":0.8748865939},"('mean', 2, 0.333333, 0.01, 0.875)":{"counter_culture":0.0850325936,"herd_immunity":0.9556844776,"obs_comp":0.8625618301},"('mean', 2, 0.333333, 0.01, 0.9)":{"counter_culture":0.1111365024,"herd_immunity":0.9533823002,"obs_comp":0.8429365951},"('mean', 2, 0.333333, 0.01, 0.925)":{"counter_culture":0.1416684978,"herd_immunity":0.9528082667,"obs_comp":0.8186620767},"('mean', 2, 0.333333, 0.01, 0.95)":{"counter_culture":0.1826643717,"herd_immunity":0.9524917339,"obs_comp":0.7839976562},"('mean', 2, 0.333333, 0.01, 0.975)":{"counter_culture":0.2462013233,"herd_immunity":0.9515886635,"obs_comp":0.7278815401},"('mean', 2, 0.333333, 0.01, 1.0)":{"counter_culture":0.3469711175,"herd_immunity":null,"obs_comp":0.6349879147}}