{"('mean', 2, 0.333333, 0.01, 0.0)":{"counter_culture":0.0008690146,"herd_immunity":0.933532827,"obs_comp":0.9337551756},"('mean', 2, 0.333333, 0.01, 0.025)":{"counter_culture":0.0008607336,"herd_immunity":0.9327644511,"obs_comp":0.9325629597},"('mean', 2, 0.333333, 0.01, 0.05)":{"counter_culture":0.0009014078,"herd_immunity":0.9322425851,"obs_comp":0.9309135857},"('mean', 2, 0.333333, 0.01, 0.075)":{"counter_culture":0.0009396464,"herd_immunity":0.9320227911,"obs_comp":0.9301285986},"('mean', 2, 0.333333, 0.01, 0.1)":{"counter_culture":0.0008943446,"herd_immunity":0.9315665908,"obs_comp":0.9288467534},"('mean', 2, 0.333333, 0.01, 0.125)":{"counter_culture":0.0009545034,"herd_immunity":0.9314779784,"obs_comp":0.9271542696},"('mean', 2, 0.333333, 0.01, 0.15)":{"counter_culture":0.0009454917,"herd_immunity":0.9302550707,"obs_comp":0.9251105753},"('mean', 2, 0.333333, 0.01, 0.175)":{"counter_culture":0.0010117395,"herd_immunity":0.9297330546,"obs_comp":0.9235030932},"('mean', 2, 0.333333, 0.01, 0.2)":{"counter_culture":0.0009973696,"herd_immunity":0.9291351798,"obs_comp":0.9214966633},"('mean', 2, 0.333333, 0.01, 0.225)":{"counter_culture":0.001035121,"herd_immunity":0.9294589818,"obs_comp":0.9200367772},"('mean', 2, 0.333333, 0.01, 0.25)":{"counter_culture":0.0011242632,"herd_immunity":0.9278849345,"obs_comp":0.9173327975},"('mean', 2, 0.333333, 0.01, 0.275)":{"counter_culture":0.001146427,"herd_immunity":0.9269885859,"obs_comp":0.9148265868},"('mean', 2, 0.333333, 0.01, 0.3)":{"counter_culture":0.0012107263,"herd_immunity":0.9267269595,"obs_comp":0.9135101564},"('mean', 2, 0.333333, 0.01, 0.325)":{"counter_culture":0.0012777047,"herd_immunity":0.9262031069,"obs_comp":0.9111145209},"('mean', 2, 0.333333, 0.01, 0.35)":{"counter_culture":0.0013571046,"herd_immunity":0.9246748502,"obs_comp":0.9079711627},"('mean', 2, 0.333333, 0.01, 0.375)":{"counter_culture":0.0013614886,"herd_immunity":0.9244682419,"obs_comp":0.9056047543},"('mean', 2, 0.333333, 0.01, 0.4)":{"counter_culture":0.001476448,"herd_immunity":0.9250889418,"obs_comp":0.9042627503},"('mean', 2, 0.333333, 0.01, 0.425)":{"counter_culture":0.0016951629,"herd_immunity":0.9228989305,"obs_comp":0.9001086268},"('mean', 2, 0.333333, 0.01, 0.45)":{"counter_culture":0.001983779,"herd_immunity":0.9223006878,"obs_comp":0.8972088265},"('mean', 2, 0.333333, 0.01, 0.475)":{"counter_culture":0.0020412587,"herd_immunity":0.9223231725,"obs_comp":0.8949754007},"('mean', 2, 0.333333, 0.01, 0.5)":{"counter_culture":0.0026128891,"herd_immunity":0.9213411313,"obs_comp":0.8904868722},"('mean', 2, 0.333333, 0.01, 0.525)":{"counter_culture":0.003195236,"herd_immunity":0.9203969994,"obs_comp":0.887092893},"('mean', 2, 0.333333, 0.01, 0.55)":{"counter_culture":0.0038591748,"herd_immunity":0.9187910785,"obs_comp":0.8829772517},"('mean', 2, 0.333333, 0.01, 0.575)":{"counter_culture":0.0051093575,"herd_immunity":0.9189219574,"obs_comp":0.879408885},"('mean', 2, 0.333333, 0.01, 0.6)":{"counter_culture":0.006289639,"herd_immunity":0.9188992268,"obs_comp":0.8759832432},"('mean', 2, 0.333333, 0.01, 0.625)":{"counter_culture":0.0087464075,"herd_immunity":0.9191513947,"obs_comp":0.8715699742},"('mean', 2, 0.333333, 0.01, 0.65)":{"counter_culture":0.0136976959,"herd_immunity":0.9170525023,"obs_comp":0.8645033855},"('mean', 2, 0.333333, 0.01, 0.675)":{"counter_culture":0.0194958352,"herd_immunity":0.9162820927,"obs_comp":0.8590812996},"('mean', 2, 0.333333, 0.01, 0.7)":{"counter_culture":0.0272032247,"herd_immunity":0.9152397149,"obs_comp":0.8533557407},"('mean', 2, 0.333333, 0.01, 0.725)":{"counter_culture":0.03643894,"herd_immunity":0.9145845064,"obs_comp":0.8464082517},"('mean', 2, 0.333333, 0.01, 0.75)":{"counter_culture":0.051306201,"herd_immunity":0.9134571757,"obs_comp":0.8369423742},"('mean', 2, 0.333333, 0.01, 0.775)":{"counter_culture":0.0638014516,"herd_immunity":0.9131015434,"obs_comp":0.8293864777},"('mean', 2, 0.333333, 0.01, 0.8)":{"counter_culture":0.0773330411,"herd_immunity":0.9124973701,"obs_comp":0.8208385698},"('mean', 2, 0.333333, 0.01, 0.825)":{"counter_culture":0.0981947489,"herd_immunity":0.9105124575,"obs_comp":0.8071384383},"('mean', 2, 0.333333, 0.01, 0.85)":{"counter_culture":0.1183725462,"herd_immunity":0.9095329464,"obs_comp":0.793613912},"('mean', 2, 0.333333, 0.01, 0.875)":{"counter_culture":0.1409547469,"herd_immunity":0.9080746671,"obs_comp":0.7782466267},"('mean', 2, 0.333333, 0.01, 0.9)":{"counter_culture":0.1665407472,"herd_immunity":0.9085220823,"obs_comp":0.7599464173},"('mean', 2, 0.333333, 0.01, 0.925)":{"counter_culture":0.1974177992,"herd_immunity":0.9057858168,"obs_comp":0.7371469628},"('mean', 2, 0.333333, 0.01, 0.95)":{"counter_culture":0.2384495104,"herd_immunity":0.9058962498,"obs_comp":0.705010473},"('mean', 2, 0.333333, 0.01, 0.975)":{"counter_culture":0.2883586634,"herd_immunity":0.9075442939,"obs_comp":0.6649997564},"('mean', 2, 0.333333, 0.01, 1.0)":{"counter_culture":0.3615950606,"herd_immunity":null,"obs_comp":0.6033089775}}