{"('mean', 2, 0.333333, 0.01, 0.0)":{"counter_culture":0.0002838801,"herd_immunity":0.9767297939,"obs_comp":0.9768563127},"('mean', 2, 0.333333, 0.01, 0.025)":{"counter_culture":0.0002783831,"herd_immunity":0.9766595332,"obs_comp":0.9763486267},"('mean', 2, 0.333333, 0.01, 0.05)":{"counter_culture":0.0002844691,"herd_immunity":0.9769467572,"obs_comp":0.976096747},"('mean', 2, 0.333333, 0.01, 0.075)":{"counter_culture":0.0002995858,"herd_immunity":0.9755354218,"obs_comp":0.9745456152},"('mean', 2, 0.333333, 0.01, 0.1)":{"counter_culture":0.0003099908,"herd_immunity":0.9758129993,"obs_comp":0.9741837957},"('mean', 2, 0.333333, 0.01, 0.125)":{"counter_culture":0.0003152914,"herd_immunity":0.9753156527,"obs_comp":0.9731301412},"('mean', 2, 0.333333, 0.01, 0.15)":{"counter_culture":0.0003172546,"herd_immunity":0.9749099417,"obs_comp":0.9722743782},"('mean', 2, 0.333333, 0.01, 0.175)":{"counter_culture":0.0003308008,"herd_immunity":0.9748472211,"obs_comp":0.9714618058},"('mean', 2, 0.333333, 0.01, 0.2)":{"counter_culture":0.0003335493,"herd_immunity":0.9747667396,"obs_comp":0.9706741661},"('mean', 2, 0.333333, 0.01, 0.225)":{"counter_culture":0.0003423837,"herd_immunity":0.9742758582,"obs_comp":0.9697885623},"('mean', 2, 0.333333, 0.01, 0.25)":{"counter_culture":0.0003467028,"herd_immunity":0.9741333474,"obs_comp":0.9688254118},"('mean', 2, 0.333333, 0.01, 0.275)":{"counter_culture":0.0003726172,"herd_immunity":0.9737568233,"obs_comp":0.9675709209},"('mean', 2, 0.333333, 0.01, 0.3)":{"counter_culture":0.0003891081,"herd_immunity":0.9731317397,"obs_comp":0.966470542},"('mean', 2, 0.333333, 0.01, 0.325)":{"counter_culture":0.0003867523,"herd_immunity":0.9735665838,"obs_comp":0.9655741406},"('mean', 2, 0.333333, 0.01, 0.35)":{"counter_culture":0.0003961757,"herd_immunity":0.9729236928,"obs_comp":0.9642992324},"('mean', 2, 0.333333, 0.01, 0.375)":{"counter_culture":0.0004287649,"herd_immunity":0.9721891985,"obs_comp":0.9625745529},"('mean', 2, 0.333333, 0.01, 0.4)":{"counter_culture":0.0004536977,"herd_immunity":0.9721198948,"obs_comp":0.961447278},"('mean', 2, 0.333333, 0.01, 0.425)":{"counter_culture":0.0004641027,"herd_immunity":0.9715209236,"obs_comp":0.9596992363},"('mean', 2, 0.333333, 0.01, 0.45)":{"counter_culture":0.0004864833,"herd_immunity":0.9713641033,"obs_comp":0.9584902919},"('mean', 2, 0.333333, 0.01, 0.475)":{"counter_culture":0.0005171094,"herd_immunity":0.9713299421,"obs_comp":0.9570748179},"('mean', 2, 0.333333, 0.01, 0.5)":{"counter_culture":0.0005489134,"herd_immunity":0.9708236185,"obs_comp":0.9549781102},"('mean', 2, 0.333333, 0.01, 0.525)":{"counter_culture":0.0005924966,"herd_immunity":0.9705093593,"obs_comp":0.9528823841},"('mean', 2, 0.333333, 0.01, 0.55)":{"counter_culture":0.0006405952,"herd_immunity":0.970963982,"obs_comp":0.9508465359},"('mean', 2, 0.333333, 0.01, 0.575)":{"counter_culture":0.0007095039,"herd_immunity":0.9699034404,"obs_comp":0.948304965},"('mean', 2, 0.333333, 0.01, 0.6)":{"counter_culture":0.0007894065,"herd_immunity":0.9696204987,"obs_comp":0.9458766712},"('mean', 2, 0.333333, 0.01, 0.625)":{"counter_culture":0.0009203526,"herd_immunity":0.9692484241,"obs_comp":0.9433205725},"('mean', 2, 0.333333, 0.01, 0.65)":{"counter_culture":0.0011533856,"herd_immunity":0.9691717178,"obs_comp":0.9397966115},"('mean', 2, 0.333333, 0.01, 0.675)":{"counter_culture":0.0014755482,"herd_immunity":0.9686861547,"obs_comp":0.9365019534},"('mean', 2, 0.333333, 0.01, 0.7)":{"counter_culture":0.0019826452,"herd_immunity":0.9680048845,"obs_comp":0.9317058327},"('mean', 2, 0.333333, 0.01, 0.725)":{"counter_culture":0.0029546302,"herd_immunity":0.9678555574,"obs_comp":0.9275685651},"('mean', 2, 0.333333, 0.01, 0.75)":{"counter_culture":0.0046094195,"herd_immunity":0.9676897523,"obs_comp":0.9230470974},"('mean', 2, 0.333333, 0.01, 0.775)":{"counter_culture":0.0097127825,"herd_immunity":0.966716495,"obs_comp":0.9158578244},"('mean', 2, 0.333333, 0.01, 0.8)":{"counter_culture":0.0167964348,"herd_immunity":0.9664399877,"obs_comp":0.9094614916},"('mean', 2, 0.333333, 0.01, 0.825)":{"counter_culture":0.0301762962,"herd_immunity":0.9656253055,"obs_comp":0.9008571372},"('mean', 2, 0.333333, 0.01, 0.85)":{"counter_culture":0.0461422934,"herd_immunity":0.9653863223,"obs_comp":0.88997919},"('mean', 2, 0.333333, 0.01, 0.875)":{"counter_culture":0.0652774997,"herd_immunity":0.9655989286,"obs_comp":0.8772678014},"('mean', 2, 0.333333, 0.01, 0.9)":{"counter_culture":0.0893383984,"herd_immunity":0.9654548999,"obs_comp":0.8600088344},"('mean', 2, 0.333333, 0.01, 0.925)":{"counter_culture":0.1198723914,"herd_immunity":0.964053735,"obs_comp":0.83651334},"('mean', 2, 0.333333, 0.01, 0.95)":{"counter_culture":0.1597913108,"herd_immunity":0.9648537873,"obs_comp":0.8046753833},"('mean', 2, 0.333333, 0.01, 0.975)":{"counter_culture":0.2247360465,"herd_immunity":0.9626902706,"obs_comp":0.7486298761},"('mean', 2, 0.333333, 0.01, 1.0)":{"counter_culture":0.3415758682,"herd_immunity":null,"obs_comp":0.6422875317}}