{"('mean', 2, 0.333333, 0.01, 0.0)":{"counter_culture":0.0001961343,"herd_immunity":0.9683931726,"obs_comp":0.9685712928},"('mean', 2, 0.333333, 0.01, 0.025)":{"counter_culture":0.0001951838,"herd_immunity":0.9685655539,"obs_comp":0.9681664554},"('mean', 2, 0.333333, 0.01, 0.05)":{"counter_culture":0.0002066962,"herd_immunity":0.9678636102,"obs_comp":0.9670245036},"('mean', 2, 0.333333, 0.01, 0.075)":{"counter_culture":0.0002111322,"herd_immunity":0.9680876842,"obs_comp":0.9666960287},"('mean', 2, 0.333333, 0.01, 0.1)":{"counter_culture":0.0002132446,"herd_immunity":0.9671471743,"obs_comp":0.9650778411},"('mean', 2, 0.333333, 0.01, 0.125)":{"counter_culture":0.0002227503,"herd_immunity":0.9669073531,"obs_comp":0.9642301436},"('mean', 2, 0.333333, 0.01, 0.15)":{"counter_culture":0.0002263414,"herd_immunity":0.9669290611,"obs_comp":0.9636891635},"('mean', 2, 0.333333, 0.01, 0.175)":{"counter_culture":0.0002328897,"herd_immunity":0.9666587891,"obs_comp":0.9626524081},"('mean', 2, 0.333333, 0.01, 0.2)":{"counter_culture":0.0002358471,"herd_immunity":0.9661042563,"obs_comp":0.9613017533},"('mean', 2, 0.333333, 0.01, 0.225)":{"counter_culture":0.0002528517,"herd_immunity":0.9657458749,"obs_comp":0.9602158851},"('mean', 2, 0.333333, 0.01, 0.25)":{"counter_culture":0.0002643642,"herd_immunity":0.9653408969,"obs_comp":0.9588971272},"('mean', 2, 0.333333, 0.01, 0.275)":{"counter_culture":0.0002901352,"herd_immunity":0.9647281535,"obs_comp":0.9573200253},"('mean', 2, 0.333333, 0.01, 0.3)":{"counter_culture":0.0002905577,"herd_immunity":0.964658227,"obs_comp":0.9561741656},"('mean', 2, 0.333333, 0.01, 0.325)":{"counter_culture":0.0003074567,"herd_immunity":0.964551774,"obs_comp":0.9551440642},"('mean', 2, 0.333333, 0.01, 0.35)":{"counter_culture":0.0003175961,"herd_immunity":0.9637919669,"obs_comp":0.9530098226},"('mean', 2, 0.333333, 0.01, 0.375)":{"counter_culture":0.0003742079,"herd_immunity":0.9631410652,"obs_comp":0.9511336079},"('mean', 2, 0.333333, 0.01, 0.4)":{"counter_culture":0.0003668145,"herd_immunity":0.9631564048,"obs_comp":0.9498911069},"('mean', 2, 0.333333, 0.01, 0.425)":{"counter_culture":0.0003956485,"herd_immunity":0.9625051783,"obs_comp":0.9477707013},"('mean', 2, 0.333333, 0.01, 0.45)":{"counter_culture":0.0004380017,"herd_immunity":0.9621501075,"obs_comp":0.946056823},"('mean', 2, 0.333333, 0.01, 0.475)":{"counter_culture":0.0005003169,"herd_immunity":0.9618832461,"obs_comp":0.9438404098},"('mean', 2, 0.333333, 0.01, 0.5)":{"counter_culture":0.0005217575,"herd_immunity":0.9619315588,"obs_comp":0.942171842},"('mean', 2, 0.333333, 0.01, 0.525)":{"counter_culture":0.0006040346,"herd_immunity":0.9615756646,"obs_comp":0.9397869666},"('mean', 2, 0.333333, 0.01, 0.55)":{"counter_culture":0.0007128221,"herd_immunity":0.9608518903,"obs_comp":0.9368085129},"('mean', 2, 0.333333, 0.01, 0.575)":{"counter_culture":0.0008939586,"herd_immunity":0.9603029949,"obs_comp":0.9335422476},"('mean', 2, 0.333333, 0.01, 0.6)":{"counter_culture":0.0011957119,"herd_immunity":0.9600846165,"obs_comp":0.930565695},"('mean', 2, 0.333333, 0.01, 0.625)":{"counter_culture":0.0015340093,"herd_immunity":0.9598223356,"obs_comp":0.9274094846},"('mean', 2, 0.333333, 0.01, 0.65)":{"counter_culture":0.0023320659,"herd_immunity":0.9590348278,"obs_comp":0.9233840304},"('mean', 2, 0.333333, 0.01, 0.675)":{"counter_culture":0.0037190537,"herd_immunity":0.9585765655,"obs_comp":0.9189434939},"('mean', 2, 0.333333, 0.01, 0.7)":{"counter_culture":0.0060097169,"herd_immunity":0.9581488953,"obs_comp":0.9138174905},"('mean', 2, 0.333333, 0.01, 0.725)":{"counter_culture":0.0105508027,"herd_immunity":0.9569574835,"obs_comp":0.9084310308},"('mean', 2, 0.333333, 0.01, 0.75)":{"counter_culture":0.016956485,"herd_immunity":0.9567856549,"obs_comp":0.9025905154},"('mean', 2, 0.333333, 0.01, 0.775)":{"counter_culture":0.028210076,"herd_immunity":0.9564393915,"obs_comp":0.8951287495},"('mean', 2, 0.333333, 0.01, 0.8)":{"counter_culture":0.0395533376,"herd_immunity":0.9561142831,"obs_comp":0.8877770384},"('mean', 2, 0.333333, 0.01, 0.825)":{"counter_culture":0.0549825729,"herd_immunity":0.9553323777,"obs_comp":0.8778282636},"('mean', 2, 0.333333, 0.01, 0.85)":{"counter_culture":0.0728343895,"herd_immunity":0.954748802,"obs_comp":0.8660396071},"('mean', 2, 0.333333, 0.01, 0.875)":{"counter_culture":0.0925554499,"herd_immunity":0.954370293,"obs_comp":0.8521137516},"('mean', 2, 0.333333, 0.01, 0.9)":{"counter_culture":0.1176726869,"herd_immunity":0.954410509,"obs_comp":0.8337224335},"('mean', 2, 0.333333, 0.01, 0.925)":{"counter_culture":0.1483540346,"herd_immunity":0.953068287,"obs_comp":0.8097831643},"('mean', 2, 0.333333, 0.01, 0.95)":{"counter_culture":0.1884180397,"herd_immunity":0.9535330605,"obs_comp":0.7768238276},"('mean', 2, 0.333333, 0.01, 0.975)":{"counter_culture":0.2477847486,"herd_immunity":0.9515232369,"obs_comp":0.7251031897},"('mean', 2, 0.333333, 0.01, 1.0)":{"counter_culture":0.3465455218,"herd_immunity":null,"obs_comp":0.6349644064}}