{"('mean', 2, 0.333333, 0.01, 0.0)":{"counter_culture":0.0001243665,"herd_immunity":0.9793679536,"obs_comp":0.9794444292},"('mean', 2, 0.333333, 0.01, 0.025)":{"counter_culture":0.0001285823,"herd_immunity":0.9790487285,"obs_comp":0.9787854793},"('mean', 2, 0.333333, 0.01, 0.05)":{"counter_culture":0.0001282157,"herd_immunity":0.9787595783,"obs_comp":0.9780970187},"('mean', 2, 0.333333, 0.01, 0.075)":{"counter_culture":0.0001305069,"herd_immunity":0.9782685869,"obs_comp":0.9772039995},"('mean', 2, 0.333333, 0.01, 0.1)":{"counter_culture":0.0001309651,"herd_immunity":0.9785497369,"obs_comp":0.9769536169},"('mean', 2, 0.333333, 0.01, 0.125)":{"counter_culture":0.0001325232,"herd_immunity":0.9782272662,"obs_comp":0.9761191609},"('mean', 2, 0.333333, 0.01, 0.15)":{"counter_culture":0.0001320649,"herd_immunity":0.977648176,"obs_comp":0.9750905025},"('mean', 2, 0.333333, 0.01, 0.175)":{"counter_culture":0.0001378388,"herd_immunity":0.977602997,"obs_comp":0.9746583817},"('mean', 2, 0.333333, 0.01, 0.2)":{"counter_culture":0.0001404965,"herd_immunity":0.9773444647,"obs_comp":0.9737320026},"('mean', 2, 0.333333, 0.01, 0.225)":{"counter_culture":0.0001411381,"herd_immunity":0.9769579486,"obs_comp":0.9727578749},"('mean', 2, 0.333333, 0.01, 0.25)":{"counter_culture":0.0001426045,"herd_immunity":0.9768501992,"obs_comp":0.9719026147},"('mean', 2, 0.333333, 0.01, 0.275)":{"counter_culture":0.0001471869,"herd_immunity":0.976388127,"obs_comp":0.9708438041},"('mean', 2, 0.333333, 0.01, 0.3)":{"counter_culture":0.0001550686,"herd_immunity":0.9762167479,"obs_comp":0.9698813157},"('mean', 2, 0.333333, 0.01, 0.325)":{"counter_culture":0.0001552519,"herd_immunity":0.9762175981,"obs_comp":0.9689557615},"('mean', 2, 0.333333, 0.01, 0.35)":{"counter_culture":0.0001674411,"herd_immunity":0.9756008073,"obs_comp":0.967507813},"('mean', 2, 0.333333, 0.01, 0.375)":{"counter_culture":0.0001753228,"herd_immunity":0.975411261,"obs_comp":0.9663435154},"('mean', 2, 0.333333, 0.01, 0.4)":{"counter_culture":0.0001798136,"herd_immunity":0.9752080362,"obs_comp":0.9650810628},"('mean', 2, 0.333333, 0.01, 0.425)":{"counter_culture":0.0001837545,"herd_immunity":0.9747521491,"obs_comp":0.963364402},"('mean', 2, 0.333333, 0.01, 0.45)":{"counter_culture":0.0001873287,"herd_immunity":0.974703602,"obs_comp":0.9622118354},"('mean', 2, 0.333333, 0.01, 0.475)":{"counter_culture":0.0002021757,"herd_immunity":0.9743918399,"obs_comp":0.9607627872},"('mean', 2, 0.333333, 0.01, 0.5)":{"counter_culture":0.000225546,"herd_immunity":0.9735438145,"obs_comp":0.9586775178},"('mean', 2, 0.333333, 0.01, 0.525)":{"counter_culture":0.0002315031,"herd_immunity":0.9739150678,"obs_comp":0.9571715561},"('mean', 2, 0.333333, 0.01, 0.55)":{"counter_culture":0.0002574395,"herd_immunity":0.9735065027,"obs_comp":0.9549041819},"('mean', 2, 0.333333, 0.01, 0.575)":{"counter_culture":0.0003105038,"herd_immunity":0.9730495652,"obs_comp":0.9522420793},"('mean', 2, 0.333333, 0.01, 0.6)":{"counter_culture":0.0003576109,"herd_immunity":0.972361976,"obs_comp":0.949499693},"('mean', 2, 0.333333, 0.01, 0.625)":{"counter_culture":0.0004212147,"herd_immunity":0.9721857159,"obs_comp":0.9466333984},"('mean', 2, 0.333333, 0.01, 0.65)":{"counter_culture":0.0004912339,"herd_immunity":0.9722240294,"obs_comp":0.9439943911},"('mean', 2, 0.333333, 0.01, 0.675)":{"counter_culture":0.0006892854,"herd_immunity":0.9718532918,"obs_comp":0.9404311127},"('mean', 2, 0.333333, 0.01, 0.7)":{"counter_culture":0.00102041,"herd_immunity":0.9711087352,"obs_comp":0.9358415588},"('mean', 2, 0.333333, 0.01, 0.725)":{"counter_culture":0.0015351058,"herd_immunity":0.9709243891,"obs_comp":0.9316141065},"('mean', 2, 0.333333, 0.01, 0.75)":{"counter_culture":0.0031207097,"herd_immunity":0.9701811783,"obs_comp":0.9261949539},"('mean', 2, 0.333333, 0.01, 0.775)":{"counter_culture":0.0068394234,"herd_immunity":0.9705439917,"obs_comp":0.9203779568},"('mean', 2, 0.333333, 0.01, 0.8)":{"counter_culture":0.0158984722,"herd_immunity":0.9701718443,"obs_comp":0.9127246066},"('mean', 2, 0.333333, 0.01, 0.825)":{"counter_culture":0.0304166323,"herd_immunity":0.9694406792,"obs_comp":0.9035410079},"('mean', 2, 0.333333, 0.01, 0.85)":{"counter_culture":0.0474664797,"herd_immunity":0.9690630481,"obs_comp":0.8925613813},"('mean', 2, 0.333333, 0.01, 0.875)":{"counter_culture":0.0674491582,"herd_immunity":0.9685745334,"obs_comp":0.8787989515},"('mean', 2, 0.333333, 0.01, 0.9)":{"counter_culture":0.0920224904,"herd_immunity":0.9679825061,"obs_comp":0.8610212349},"('mean', 2, 0.333333, 0.01, 0.925)":{"counter_culture":0.1236302732,"herd_immunity":0.9674891634,"obs_comp":0.8367459423},"('mean', 2, 0.333333, 0.01, 0.95)":{"counter_culture":0.1660369525,"herd_immunity":0.9671081529,"obs_comp":0.8016555314},"('mean', 2, 0.333333, 0.01, 0.975)":{"counter_culture":0.2265558641,"herd_immunity":0.966820097,"obs_comp":0.74902074},"('mean', 2, 0.333333, 0.01, 1.0)":{"counter_culture":0.3404450432,"herd_immunity":null,"obs_comp":0.6444526317}}