{"('mean', 2, 0.333333, 0.01, 0.0)":{"counter_culture":0.0017072331,"herd_immunity":0.9814801763,"obs_comp":0.9815105243},"('mean', 2, 0.333333, 0.01, 0.025)":{"counter_culture":0.0019146575,"herd_immunity":0.9805200616,"obs_comp":0.9804114045},"('mean', 2, 0.333333, 0.01, 0.05)":{"counter_culture":0.0015396096,"herd_immunity":0.9811350809,"obs_comp":0.9805480291},"('mean', 2, 0.333333, 0.01, 0.075)":{"counter_culture":0.0016808266,"herd_immunity":0.9809195135,"obs_comp":0.9798128588},"('mean', 2, 0.333333, 0.01, 0.1)":{"counter_culture":0.0019177191,"herd_immunity":0.9802203722,"obs_comp":0.9790776885},"('mean', 2, 0.333333, 0.01, 0.125)":{"counter_culture":0.0018955224,"herd_immunity":0.980045615,"obs_comp":0.9785503253},"('mean', 2, 0.333333, 0.01, 0.15)":{"counter_culture":0.001978186,"herd_immunity":0.9799933246,"obs_comp":0.9778044393},"('mean', 2, 0.333333, 0.01, 0.175)":{"counter_culture":0.0020933793,"herd_immunity":0.9802015911,"obs_comp":0.9773758132},"('mean', 2, 0.333333, 0.01, 0.2)":{"counter_culture":0.0021358592,"herd_immunity":0.9794366861,"obs_comp":0.97652124},"('mean', 2, 0.333333, 0.01, 0.225)":{"counter_culture":0.0022116341,"herd_immunity":0.9792911369,"obs_comp":0.975811328},"('mean', 2, 0.333333, 0.01, 0.25)":{"counter_culture":0.0023164945,"herd_immunity":0.9790298878,"obs_comp":0.9750635285},"('mean', 2, 0.333333, 0.01, 0.275)":{"counter_culture":0.0025231535,"herd_immunity":0.9787276742,"obs_comp":0.9739789514},"('mean', 2, 0.333333, 0.01, 0.3)":{"counter_culture":0.0026781477,"herd_immunity":0.9785168174,"obs_comp":0.9730045924},"('mean', 2, 0.333333, 0.01, 0.325)":{"counter_culture":0.0027072331,"herd_immunity":0.978330548,"obs_comp":0.9723153463},"('mean', 2, 0.333333, 0.01, 0.35)":{"counter_culture":0.0028025258,"herd_immunity":0.9782029389,"obs_comp":0.9714213548},"('mean', 2, 0.333333, 0.01, 0.375)":{"counter_culture":0.0033834673,"herd_immunity":0.9780296457,"obs_comp":0.9700929966},"('mean', 2, 0.333333, 0.01, 0.4)":{"counter_culture":0.0031301186,"herd_immunity":0.9777126703,"obs_comp":0.969155377},"('mean', 2, 0.333333, 0.01, 0.425)":{"counter_culture":0.0033474933,"herd_immunity":0.9778659986,"obs_comp":0.9681993877},"('mean', 2, 0.333333, 0.01, 0.45)":{"counter_culture":0.0032085725,"herd_immunity":0.9777137719,"obs_comp":0.9674194413},"('mean', 2, 0.333333, 0.01, 0.475)":{"counter_culture":0.0041033295,"herd_immunity":0.9767421999,"obs_comp":0.9650325297},"('mean', 2, 0.333333, 0.01, 0.5)":{"counter_culture":0.0045553004,"herd_immunity":0.9771657324,"obs_comp":0.9635656334},"('mean', 2, 0.333333, 0.01, 0.525)":{"counter_culture":0.0044393418,"herd_immunity":0.9768446777,"obs_comp":0.9625774971},"('mean', 2, 0.333333, 0.01, 0.55)":{"counter_culture":0.0055683123,"herd_immunity":0.9758784132,"obs_comp":0.9598997321},"('mean', 2, 0.333333, 0.01, 0.575)":{"counter_culture":0.0056555683,"herd_immunity":0.9762977559,"obs_comp":0.9585882128},"('mean', 2, 0.333333, 0.01, 0.6)":{"counter_culture":0.0066203597,"herd_immunity":0.9760233466,"obs_comp":0.9562047455},"('mean', 2, 0.333333, 0.01, 0.625)":{"counter_culture":0.0073084577,"herd_immunity":0.9758870988,"obs_comp":0.9538438576},"('mean', 2, 0.333333, 0.01, 0.65)":{"counter_culture":0.0088201301,"herd_immunity":0.9754371627,"obs_comp":0.9505231535},"('mean', 2, 0.333333, 0.01, 0.675)":{"counter_culture":0.0091626483,"herd_immunity":0.9756403249,"obs_comp":0.9484722541},"('mean', 2, 0.333333, 0.01, 0.7)":{"counter_culture":0.0111752775,"herd_immunity":0.9751776112,"obs_comp":0.9444730195},"('mean', 2, 0.333333, 0.01, 0.725)":{"counter_culture":0.0149215461,"herd_immunity":0.9741085852,"obs_comp":0.9390283199},"('mean', 2, 0.333333, 0.01, 0.75)":{"counter_culture":0.0175017222,"herd_immunity":0.9743481385,"obs_comp":0.9344898584},"('mean', 2, 0.333333, 0.01, 0.775)":{"counter_culture":0.0216130884,"herd_immunity":0.9735011621,"obs_comp":0.9288798316},"('mean', 2, 0.333333, 0.01, 0.8)":{"counter_culture":0.027091083,"herd_immunity":0.9738320793,"obs_comp":0.9227344049},"('mean', 2, 0.333333, 0.01, 0.825)":{"counter_culture":0.036510907,"herd_immunity":0.973479827,"obs_comp":0.9137301952},"('mean', 2, 0.333333, 0.01, 0.85)":{"counter_culture":0.0497826253,"herd_immunity":0.973165555,"obs_comp":0.9033494068},"('mean', 2, 0.333333, 0.01, 0.875)":{"counter_culture":0.0681959434,"herd_immunity":0.9721244263,"obs_comp":0.8893138155},"('mean', 2, 0.333333, 0.01, 0.9)":{"counter_culture":0.0913379258,"herd_immunity":0.9726041244,"obs_comp":0.8722384233},"('mean', 2, 0.333333, 0.01, 0.925)":{"counter_culture":0.1228848067,"herd_immunity":0.9710536582,"obs_comp":0.8467079985},"('mean', 2, 0.333333, 0.01, 0.95)":{"counter_culture":0.1660206659,"herd_immunity":0.9718497482,"obs_comp":0.8095461156},"('mean', 2, 0.333333, 0.01, 0.975)":{"counter_culture":0.2341756602,"herd_immunity":0.9715828952,"obs_comp":0.7474898584},"('mean', 2, 0.333333, 0.01, 1.0)":{"counter_culture":0.3403329506,"herd_immunity":null,"obs_comp":0.6476915423}}