{"('mean', 2, 0.333333, 0.01, 0.0)":{"counter_culture":0.00274349,"herd_immunity":0.9554664976,"obs_comp":0.9557829991},"('mean', 2, 0.333333, 0.01, 0.025)":{"counter_culture":0.0030118228,"herd_immunity":0.9551056474,"obs_comp":0.9546297516},"('mean', 2, 0.333333, 0.01, 0.05)":{"counter_culture":0.0032360072,"herd_immunity":0.9543829878,"obs_comp":0.953651302},"('mean', 2, 0.333333, 0.01, 0.075)":{"counter_culture":0.0033222089,"herd_immunity":0.9545422005,"obs_comp":0.9528907513},"('mean', 2, 0.333333, 0.01, 0.1)":{"counter_culture":0.0036689614,"herd_immunity":0.9539673841,"obs_comp":0.9517789584},"('mean', 2, 0.333333, 0.01, 0.125)":{"counter_culture":0.0037797067,"herd_immunity":0.953169709,"obs_comp":0.9502651901},"('mean', 2, 0.333333, 0.01, 0.15)":{"counter_culture":0.0041914098,"herd_immunity":0.9528665219,"obs_comp":0.9492357079},"('mean', 2, 0.333333, 0.01, 0.175)":{"counter_culture":0.0046529482,"herd_immunity":0.9523777693,"obs_comp":0.9478379228},"('mean', 2, 0.333333, 0.01, 0.2)":{"counter_culture":0.0048826699,"herd_immunity":0.9518235741,"obs_comp":0.9465622568},"('mean', 2, 0.333333, 0.01, 0.225)":{"counter_culture":0.0053801257,"herd_immunity":0.9511527883,"obs_comp":0.9449958096},"('mean', 2, 0.333333, 0.01, 0.25)":{"counter_culture":0.0060124214,"herd_immunity":0.9511987348,"obs_comp":0.9438826699},"('mean', 2, 0.333333, 0.01, 0.275)":{"counter_culture":0.0063079916,"herd_immunity":0.9507348673,"obs_comp":0.9427618976},"('mean', 2, 0.333333, 0.01, 0.3)":{"counter_culture":0.0069720144,"herd_immunity":0.9502546202,"obs_comp":0.9410776714},"('mean', 2, 0.333333, 0.01, 0.325)":{"counter_culture":0.0073545346,"herd_immunity":0.9499340316,"obs_comp":0.9398048488},"('mean', 2, 0.333333, 0.01, 0.35)":{"counter_culture":0.0082101167,"herd_immunity":0.9498117108,"obs_comp":0.9382472314},"('mean', 2, 0.333333, 0.01, 0.375)":{"counter_culture":0.0085906914,"herd_immunity":0.9490646369,"obs_comp":0.9366269081},"('mean', 2, 0.333333, 0.01, 0.4)":{"counter_culture":0.0094732116,"herd_immunity":0.9486593782,"obs_comp":0.934890003},"('mean', 2, 0.333333, 0.01, 0.425)":{"counter_culture":0.0108229572,"herd_immunity":0.9481567489,"obs_comp":0.9324239749},"('mean', 2, 0.333333, 0.01, 0.45)":{"counter_culture":0.0117900329,"herd_immunity":0.947182602,"obs_comp":0.9302337623},"('mean', 2, 0.333333, 0.01, 0.475)":{"counter_culture":0.0129540557,"herd_immunity":0.9474387184,"obs_comp":0.9289368453},"('mean', 2, 0.333333, 0.01, 0.5)":{"counter_culture":0.0149477701,"herd_immunity":0.9457388496,"obs_comp":0.9254809937},"('mean', 2, 0.333333, 0.01, 0.525)":{"counter_culture":0.0163683029,"herd_immunity":0.9456779793,"obs_comp":0.9233338821},"('mean', 2, 0.333333, 0.01, 0.55)":{"counter_culture":0.0172249327,"herd_immunity":0.9452833934,"obs_comp":0.9211043101},"('mean', 2, 0.333333, 0.01, 0.575)":{"counter_culture":0.0190062855,"herd_immunity":0.9445901817,"obs_comp":0.9182388506},"('mean', 2, 0.333333, 0.01, 0.6)":{"counter_culture":0.0200580664,"herd_immunity":0.9446182019,"obs_comp":0.9157592038},"('mean', 2, 0.333333, 0.01, 0.625)":{"counter_culture":0.0222602514,"herd_immunity":0.9447046483,"obs_comp":0.9126079018},"('mean', 2, 0.333333, 0.01, 0.65)":{"counter_culture":0.0250176594,"herd_immunity":0.9428305168,"obs_comp":0.9083645615},"('mean', 2, 0.333333, 0.01, 0.675)":{"counter_culture":0.0275211015,"herd_immunity":0.9422016949,"obs_comp":0.9038479497},"('mean', 2, 0.333333, 0.01, 0.7)":{"counter_culture":0.0294480694,"herd_immunity":0.9419336117,"obs_comp":0.8999417839},"('mean', 2, 0.333333, 0.01, 0.725)":{"counter_culture":0.0319663274,"herd_immunity":0.9420818985,"obs_comp":0.89525217},"('mean', 2, 0.333333, 0.01, 0.75)":{"counter_culture":0.0376302005,"herd_immunity":0.9396801506,"obs_comp":0.8882096678},"('mean', 2, 0.333333, 0.01, 0.775)":{"counter_culture":0.0418612691,"herd_immunity":0.9405347105,"obs_comp":0.8824146962},"('mean', 2, 0.333333, 0.01, 0.8)":{"counter_culture":0.0508932954,"herd_immunity":0.9393554432,"obs_comp":0.8742045795},"('mean', 2, 0.333333, 0.01, 0.825)":{"counter_culture":0.0636264591,"herd_immunity":0.9394579595,"obs_comp":0.8654235259},"('mean', 2, 0.333333, 0.01, 0.85)":{"counter_culture":0.0785299312,"herd_immunity":0.9384721356,"obs_comp":0.8556065549},"('mean', 2, 0.333333, 0.01, 0.875)":{"counter_culture":0.0998748878,"herd_immunity":0.9378016544,"obs_comp":0.8408531877},"('mean', 2, 0.333333, 0.01, 0.9)":{"counter_culture":0.1246888656,"herd_immunity":0.9370244431,"obs_comp":0.8224503143},"('mean', 2, 0.333333, 0.01, 0.925)":{"counter_culture":0.1562211913,"herd_immunity":0.9363146184,"obs_comp":0.7976712062},"('mean', 2, 0.333333, 0.01, 0.95)":{"counter_culture":0.194766537,"herd_immunity":0.9365257339,"obs_comp":0.7655368153},"('mean', 2, 0.333333, 0.01, 0.975)":{"counter_culture":0.255560012,"herd_immunity":0.9343265909,"obs_comp":0.7125712362},"('mean', 2, 0.333333, 0.01, 1.0)":{"counter_culture":0.35358261,"herd_immunity":null,"obs_comp":0.6236764442}}