{"('mean', 2, 0.333333, 0.01, 0.0)":{"counter_culture":0.0021526058,"herd_immunity":0.957747236,"obs_comp":0.9580163829},"('mean', 2, 0.333333, 0.01, 0.025)":{"counter_culture":0.0023156605,"herd_immunity":0.9570121426,"obs_comp":0.9566130031},"('mean', 2, 0.333333, 0.01, 0.05)":{"counter_culture":0.0022232972,"herd_immunity":0.9570249032,"obs_comp":0.9562105263},"('mean', 2, 0.333333, 0.01, 0.075)":{"counter_culture":0.0022957946,"herd_immunity":0.9568415947,"obs_comp":0.9554828431},"('mean', 2, 0.333333, 0.01, 0.1)":{"counter_culture":0.0024220846,"herd_immunity":0.9561117859,"obs_comp":0.9542008514},"('mean', 2, 0.333333, 0.01, 0.125)":{"counter_culture":0.0024118937,"herd_immunity":0.9561625566,"obs_comp":0.9532599329},"('mean', 2, 0.333333, 0.01, 0.15)":{"counter_culture":0.0025784314,"herd_immunity":0.9556138063,"obs_comp":0.9520086429},"('mean', 2, 0.333333, 0.01, 0.175)":{"counter_culture":0.0025954592,"herd_immunity":0.9555466278,"obs_comp":0.9511799536},"('mean', 2, 0.333333, 0.01, 0.2)":{"counter_culture":0.0027732198,"herd_immunity":0.9548961957,"obs_comp":0.9497591589},"('mean', 2, 0.333333, 0.01, 0.225)":{"counter_culture":0.0028850619,"herd_immunity":0.954119355,"obs_comp":0.948253354},"('mean', 2, 0.333333, 0.01, 0.25)":{"counter_culture":0.002746259,"herd_immunity":0.9545518016,"obs_comp":0.947873839},"('mean', 2, 0.333333, 0.01, 0.275)":{"counter_culture":0.0029481424,"herd_immunity":0.954017676,"obs_comp":0.9460955882},"('mean', 2, 0.333333, 0.01, 0.3)":{"counter_culture":0.0030482456,"herd_immunity":0.9534326947,"obs_comp":0.9446506708},"('mean', 2, 0.333333, 0.01, 0.325)":{"counter_culture":0.0032334881,"herd_immunity":0.9529379714,"obs_comp":0.9430494066},"('mean', 2, 0.333333, 0.01, 0.35)":{"counter_culture":0.0033089525,"herd_immunity":0.9524055654,"obs_comp":0.9412981166},"('mean', 2, 0.333333, 0.01, 0.375)":{"counter_culture":0.0033164345,"herd_immunity":0.9521220351,"obs_comp":0.9396062951},"('mean', 2, 0.333333, 0.01, 0.4)":{"counter_culture":0.0035236068,"herd_immunity":0.9518423422,"obs_comp":0.9381713106},"('mean', 2, 0.333333, 0.01, 0.425)":{"counter_culture":0.0036598297,"herd_immunity":0.9512230526,"obs_comp":0.9362634159},"('mean', 2, 0.333333, 0.01, 0.45)":{"counter_culture":0.0037020124,"herd_immunity":0.9506867765,"obs_comp":0.9342883127},"('mean', 2, 0.333333, 0.01, 0.475)":{"counter_culture":0.0041019092,"herd_immunity":0.9497021249,"obs_comp":0.931125387},"('mean', 2, 0.333333, 0.01, 0.5)":{"counter_culture":0.0042821207,"herd_immunity":0.949357146,"obs_comp":0.9290371517},"('mean', 2, 0.333333, 0.01, 0.525)":{"counter_culture":0.004630676,"herd_immunity":0.9488707362,"obs_comp":0.9269140867},"('mean', 2, 0.333333, 0.01, 0.55)":{"counter_culture":0.0048823529,"herd_immunity":0.9486244481,"obs_comp":0.9237757998},"('mean', 2, 0.333333, 0.01, 0.575)":{"counter_culture":0.0052795408,"herd_immunity":0.9481500683,"obs_comp":0.9213998968},"('mean', 2, 0.333333, 0.01, 0.6)":{"counter_culture":0.0057892157,"herd_immunity":0.9474334482,"obs_comp":0.9178393963},"('mean', 2, 0.333333, 0.01, 0.625)":{"counter_culture":0.0062809598,"herd_immunity":0.9475596659,"obs_comp":0.9149841331},"('mean', 2, 0.333333, 0.01, 0.65)":{"counter_culture":0.0076795666,"herd_immunity":0.9462197854,"obs_comp":0.9101715686},"('mean', 2, 0.333333, 0.01, 0.675)":{"counter_culture":0.008253483,"herd_immunity":0.9463900028,"obs_comp":0.9075125129},"('mean', 2, 0.333333, 0.01, 0.7)":{"counter_culture":0.0102191692,"herd_immunity":0.9460829349,"obs_comp":0.9024219556},"('mean', 2, 0.333333, 0.01, 0.725)":{"counter_culture":0.0140781734,"herd_immunity":0.9456017985,"obs_comp":0.8966587977},"('mean', 2, 0.333333, 0.01, 0.75)":{"counter_culture":0.0177220072,"herd_immunity":0.9449879928,"obs_comp":0.8916449948},"('mean', 2, 0.333333, 0.01, 0.775)":{"counter_culture":0.0264910991,"herd_immunity":0.9442514184,"obs_comp":0.8844428535},"('mean', 2, 0.333333, 0.01, 0.8)":{"counter_culture":0.0390094169,"herd_immunity":0.9434950749,"obs_comp":0.8759249226},"('mean', 2, 0.333333, 0.01, 0.825)":{"counter_culture":0.0532080753,"herd_immunity":0.9434878724,"obs_comp":0.867497807},"('mean', 2, 0.333333, 0.01, 0.85)":{"counter_culture":0.073624097,"herd_immunity":0.9419351988,"obs_comp":0.854379386},"('mean', 2, 0.333333, 0.01, 0.875)":{"counter_culture":0.0947638029,"herd_immunity":0.9412582992,"obs_comp":0.8404085397},"('mean', 2, 0.333333, 0.01, 0.9)":{"counter_culture":0.1204751032,"herd_immunity":0.9412902122,"obs_comp":0.8221341589},"('mean', 2, 0.333333, 0.01, 0.925)":{"counter_culture":0.151622807,"herd_immunity":0.940197251,"obs_comp":0.7985655315},"('mean', 2, 0.333333, 0.01, 0.95)":{"counter_culture":0.1941495098,"herd_immunity":0.9407474516,"obs_comp":0.7643027606},"('mean', 2, 0.333333, 0.01, 0.975)":{"counter_culture":0.2534912281,"herd_immunity":0.9394571584,"obs_comp":0.7137423891},"('mean', 2, 0.333333, 0.01, 1.0)":{"counter_culture":0.3513351393,"herd_immunity":null,"obs_comp":0.6258148865}}