{"('mean', 2, 0.333333, 0.01, 0.0)":{"counter_culture":0.000623116,"herd_immunity":0.9516632855,"obs_comp":0.9521951848},"('mean', 2, 0.333333, 0.01, 0.025)":{"counter_culture":0.0007089878,"herd_immunity":0.9519188915,"obs_comp":0.9513122719},"('mean', 2, 0.333333, 0.01, 0.05)":{"counter_culture":0.0006556402,"herd_immunity":0.9515276317,"obs_comp":0.9504444312},"('mean', 2, 0.333333, 0.01, 0.075)":{"counter_culture":0.000776416,"herd_immunity":0.950419125,"obs_comp":0.9485193559},"('mean', 2, 0.333333, 0.01, 0.1)":{"counter_culture":0.0007520228,"herd_immunity":0.9507527684,"obs_comp":0.9477705061},"('mean', 2, 0.333333, 0.01, 0.125)":{"counter_culture":0.0007686816,"herd_immunity":0.9504317899,"obs_comp":0.9466218467},"('mean', 2, 0.333333, 0.01, 0.15)":{"counter_culture":0.0008601063,"herd_immunity":0.9499331152,"obs_comp":0.9453591544},"('mean', 2, 0.333333, 0.01, 0.175)":{"counter_culture":0.0009443916,"herd_immunity":0.9490582458,"obs_comp":0.9439479216},"('mean', 2, 0.333333, 0.01, 0.2)":{"counter_culture":0.0008967952,"herd_immunity":0.9485988285,"obs_comp":0.942417103},"('mean', 2, 0.333333, 0.01, 0.225)":{"counter_culture":0.001153419,"herd_immunity":0.9473942078,"obs_comp":0.94006604},"('mean', 2, 0.333333, 0.01, 0.25)":{"counter_culture":0.001228185,"herd_immunity":0.9471573766,"obs_comp":0.9388309139},"('mean', 2, 0.333333, 0.01, 0.275)":{"counter_culture":0.0012926384,"herd_immunity":0.9468634953,"obs_comp":0.9373290497},"('mean', 2, 0.333333, 0.01, 0.3)":{"counter_culture":0.0015948755,"herd_immunity":0.9462006174,"obs_comp":0.9351279153},"('mean', 2, 0.333333, 0.01, 0.325)":{"counter_culture":0.001623235,"herd_immunity":0.9461599815,"obs_comp":0.9341511978},"('mean', 2, 0.333333, 0.01, 0.35)":{"counter_culture":0.001872521,"herd_immunity":0.9452475198,"obs_comp":0.9314249167},"('mean', 2, 0.333333, 0.01, 0.375)":{"counter_culture":0.0021507615,"herd_immunity":0.944451959,"obs_comp":0.9291266064},"('mean', 2, 0.333333, 0.01, 0.4)":{"counter_culture":0.0024379264,"herd_immunity":0.9449594391,"obs_comp":0.9279745756},"('mean', 2, 0.333333, 0.01, 0.425)":{"counter_culture":0.0026195859,"herd_immunity":0.9441788492,"obs_comp":0.9252677297},"('mean', 2, 0.333333, 0.01, 0.45)":{"counter_culture":0.0031441377,"herd_immunity":0.9436810016,"obs_comp":0.9229216246},"('mean', 2, 0.333333, 0.01, 0.475)":{"counter_culture":0.003439037,"herd_immunity":0.9429455806,"obs_comp":0.9203887038},"('mean', 2, 0.333333, 0.01, 0.5)":{"counter_culture":0.0046475884,"herd_immunity":0.941827336,"obs_comp":0.9167134698},"('mean', 2, 0.333333, 0.01, 0.525)":{"counter_culture":0.0053212756,"herd_immunity":0.9412650866,"obs_comp":0.914280303},"('mean', 2, 0.333333, 0.01, 0.55)":{"counter_culture":0.0059800888,"herd_immunity":0.9410103168,"obs_comp":0.9111897112},"('mean', 2, 0.333333, 0.01, 0.575)":{"counter_culture":0.0081379898,"herd_immunity":0.9396288103,"obs_comp":0.9065103919},"('mean', 2, 0.333333, 0.01, 0.6)":{"counter_culture":0.0091914564,"herd_immunity":0.9395124941,"obs_comp":0.9038703792},"('mean', 2, 0.333333, 0.01, 0.625)":{"counter_culture":0.0106308504,"herd_immunity":0.9396931232,"obs_comp":0.9000477947},"('mean', 2, 0.333333, 0.01, 0.65)":{"counter_culture":0.0129632715,"herd_immunity":0.9394914968,"obs_comp":0.8958343249},"('mean', 2, 0.333333, 0.01, 0.675)":{"counter_culture":0.0172348485,"herd_immunity":0.9379399589,"obs_comp":0.8895805569},"('mean', 2, 0.333333, 0.01, 0.7)":{"counter_culture":0.021377122,"herd_immunity":0.9373168512,"obs_comp":0.8844921069},"('mean', 2, 0.333333, 0.01, 0.725)":{"counter_culture":0.0268308742,"herd_immunity":0.9377708441,"obs_comp":0.8798318261},"('mean', 2, 0.333333, 0.01, 0.75)":{"counter_culture":0.0378303982,"herd_immunity":0.9360109326,"obs_comp":0.8717448041},"('mean', 2, 0.333333, 0.01, 0.775)":{"counter_culture":0.0486885213,"herd_immunity":0.9350374133,"obs_comp":0.863978661},"('mean', 2, 0.333333, 0.01, 0.8)":{"counter_culture":0.0638477709,"herd_immunity":0.9343124307,"obs_comp":0.8543596303},"('mean', 2, 0.333333, 0.01, 0.825)":{"counter_culture":0.0785419641,"herd_immunity":0.9341350265,"obs_comp":0.8446374742},"('mean', 2, 0.333333, 0.01, 0.85)":{"counter_culture":0.0981518721,"herd_immunity":0.9330213979,"obs_comp":0.8312825242},"('mean', 2, 0.333333, 0.01, 0.875)":{"counter_culture":0.1207782009,"herd_immunity":0.9326969158,"obs_comp":0.8154093289},"('mean', 2, 0.333333, 0.01, 0.9)":{"counter_culture":0.145863676,"herd_immunity":0.9325855401,"obs_comp":0.7967953752},"('mean', 2, 0.333333, 0.01, 0.925)":{"counter_culture":0.1771368793,"herd_immunity":0.9312940827,"obs_comp":0.7725186419},"('mean', 2, 0.333333, 0.01, 0.95)":{"counter_culture":0.2192136681,"herd_immunity":0.930172787,"obs_comp":0.7384439949},"('mean', 2, 0.333333, 0.01, 0.975)":{"counter_culture":0.2731249008,"herd_immunity":0.9297656336,"obs_comp":0.6926108599},"('mean', 2, 0.333333, 0.01, 1.0)":{"counter_culture":0.3558924322,"herd_immunity":null,"obs_comp":0.619236673}}