{"('mean', 2, 0.333333, 0.01, 0.0)":{"counter_culture":0.0006266065,"herd_immunity":0.945235185,"obs_comp":0.9455123915},"('mean', 2, 0.333333, 0.01, 0.025)":{"counter_culture":0.0006595858,"herd_immunity":0.9446867534,"obs_comp":0.9441068917},"('mean', 2, 0.333333, 0.01, 0.05)":{"counter_culture":0.0006719531,"herd_immunity":0.9444057227,"obs_comp":0.9433694651},"('mean', 2, 0.333333, 0.01, 0.075)":{"counter_culture":0.0006857753,"herd_immunity":0.943725708,"obs_comp":0.94186139},"('mean', 2, 0.333333, 0.01, 0.1)":{"counter_culture":0.0007328192,"herd_immunity":0.9432605027,"obs_comp":0.9407706484},"('mean', 2, 0.333333, 0.01, 0.125)":{"counter_culture":0.0007299093,"herd_immunity":0.9432317882,"obs_comp":0.9397281633},"('mean', 2, 0.333333, 0.01, 0.15)":{"counter_culture":0.0007788933,"herd_immunity":0.9419586166,"obs_comp":0.9375086086},"('mean', 2, 0.333333, 0.01, 0.175)":{"counter_culture":0.0008062952,"herd_immunity":0.9421681325,"obs_comp":0.9364598186},"('mean', 2, 0.333333, 0.01, 0.2)":{"counter_culture":0.0008169649,"herd_immunity":0.9422864012,"obs_comp":0.935858189},"('mean', 2, 0.333333, 0.01, 0.225)":{"counter_culture":0.0008911683,"herd_immunity":0.9404466756,"obs_comp":0.9329300645},"('mean', 2, 0.333333, 0.01, 0.25)":{"counter_culture":0.0009668267,"herd_immunity":0.9398790333,"obs_comp":0.9313009845},"('mean', 2, 0.333333, 0.01, 0.275)":{"counter_culture":0.0009369999,"herd_immunity":0.9403818967,"obs_comp":0.9308286047},"('mean', 2, 0.333333, 0.01, 0.3)":{"counter_culture":0.0009716766,"herd_immunity":0.9395213294,"obs_comp":0.9281138756},"('mean', 2, 0.333333, 0.01, 0.325)":{"counter_culture":0.001117416,"herd_immunity":0.9383215701,"obs_comp":0.9262005917},"('mean', 2, 0.333333, 0.01, 0.35)":{"counter_culture":0.0010880741,"herd_immunity":0.9379444037,"obs_comp":0.9244577817},"('mean', 2, 0.333333, 0.01, 0.375)":{"counter_culture":0.0013451186,"herd_immunity":0.9371077514,"obs_comp":0.9217665745},"('mean', 2, 0.333333, 0.01, 0.4)":{"counter_culture":0.0014319317,"herd_immunity":0.9371695468,"obs_comp":0.9203140307},"('mean', 2, 0.333333, 0.01, 0.425)":{"counter_culture":0.0014566662,"herd_immunity":0.9365435608,"obs_comp":0.9175377079},"('mean', 2, 0.333333, 0.01, 0.45)":{"counter_culture":0.0017323828,"herd_immunity":0.9356105093,"obs_comp":0.9146304379},"('mean', 2, 0.333333, 0.01, 0.475)":{"counter_culture":0.0020629031,"herd_immunity":0.9353682076,"obs_comp":0.9122408943},"('mean', 2, 0.333333, 0.01, 0.5)":{"counter_culture":0.0024518648,"herd_immunity":0.9333579599,"obs_comp":0.9081325477},"('mean', 2, 0.333333, 0.01, 0.525)":{"counter_culture":0.0028708958,"herd_immunity":0.93386018,"obs_comp":0.9065172899},"('mean', 2, 0.333333, 0.01, 0.55)":{"counter_culture":0.0037346622,"herd_immunity":0.9331619764,"obs_comp":0.9035375139},"('mean', 2, 0.333333, 0.01, 0.575)":{"counter_culture":0.0037817062,"herd_immunity":0.9328515497,"obs_comp":0.8999379213},"('mean', 2, 0.333333, 0.01, 0.6)":{"counter_culture":0.0044512343,"herd_immunity":0.9327454955,"obs_comp":0.8967011009},"('mean', 2, 0.333333, 0.01, 0.625)":{"counter_culture":0.006326689,"herd_immunity":0.9317885098,"obs_comp":0.8918335031},"('mean', 2, 0.333333, 0.01, 0.65)":{"counter_culture":0.0085229643,"herd_immunity":0.9300290369,"obs_comp":0.8865859159},"('mean', 2, 0.333333, 0.01, 0.675)":{"counter_culture":0.0116365973,"herd_immunity":0.9305910161,"obs_comp":0.8822125224},"('mean', 2, 0.333333, 0.01, 0.7)":{"counter_culture":0.0160490324,"herd_immunity":0.9291373001,"obs_comp":0.8768856395},"('mean', 2, 0.333333, 0.01, 0.725)":{"counter_culture":0.0240576653,"herd_immunity":0.9280244611,"obs_comp":0.8697941219},"('mean', 2, 0.333333, 0.01, 0.75)":{"counter_culture":0.0324821766,"herd_immunity":0.9277161044,"obs_comp":0.8633895921},"('mean', 2, 0.333333, 0.01, 0.775)":{"counter_culture":0.0455162714,"herd_immunity":0.9264408627,"obs_comp":0.8553875067},"('mean', 2, 0.333333, 0.01, 0.8)":{"counter_culture":0.0592749406,"herd_immunity":0.926213964,"obs_comp":0.8474244629},"('mean', 2, 0.333333, 0.01, 0.825)":{"counter_culture":0.0764476939,"herd_immunity":0.9255222987,"obs_comp":0.8366453271},"('mean', 2, 0.333333, 0.01, 0.85)":{"counter_culture":0.0940959794,"herd_immunity":0.925988306,"obs_comp":0.8252189728},"('mean', 2, 0.333333, 0.01, 0.875)":{"counter_culture":0.1188399049,"herd_immunity":0.9236736058,"obs_comp":0.8080874436},"('mean', 2, 0.333333, 0.01, 0.9)":{"counter_culture":0.1429135749,"herd_immunity":0.9224851294,"obs_comp":0.7902378874},"('mean', 2, 0.333333, 0.01, 0.925)":{"counter_culture":0.1743059799,"herd_immunity":0.9218916452,"obs_comp":0.7669239536},"('mean', 2, 0.333333, 0.01, 0.95)":{"counter_culture":0.2148009118,"herd_immunity":0.9211982589,"obs_comp":0.7349163393},"('mean', 2, 0.333333, 0.01, 0.975)":{"counter_culture":0.2715640914,"herd_immunity":0.92053802,"obs_comp":0.6877520733},"('mean', 2, 0.333333, 0.01, 1.0)":{"counter_culture":0.3561933168,"herd_immunity":null,"obs_comp":0.6143059799}}