{"('mean', 2, 0.333333, 0.01, 0.0)":{"counter_culture":0.0034845873,"herd_immunity":0.9063293663,"obs_comp":0.9069946501},"('mean', 2, 0.333333, 0.01, 0.025)":{"counter_culture":0.0034961055,"herd_immunity":0.9051081658,"obs_comp":0.9051887355},"('mean', 2, 0.333333, 0.01, 0.05)":{"counter_culture":0.003690966,"herd_immunity":0.904212018,"obs_comp":0.9028924175},"('mean', 2, 0.333333, 0.01, 0.075)":{"counter_culture":0.0040358337,"herd_immunity":0.9047026643,"obs_comp":0.9024705812},"('mean', 2, 0.333333, 0.01, 0.1)":{"counter_culture":0.0043735196,"herd_immunity":0.9031691785,"obs_comp":0.8995925275},"('mean', 2, 0.333333, 0.01, 0.125)":{"counter_culture":0.004211452,"herd_immunity":0.9034722637,"obs_comp":0.8991144554},"('mean', 2, 0.333333, 0.01, 0.15)":{"counter_culture":0.005078974,"herd_immunity":0.9012436797,"obs_comp":0.8955554743},"('mean', 2, 0.333333, 0.01, 0.175)":{"counter_culture":0.0051514708,"herd_immunity":0.9010497035,"obs_comp":0.8941537799},"('mean', 2, 0.333333, 0.01, 0.2)":{"counter_culture":0.0050285651,"herd_immunity":0.9008377062,"obs_comp":0.8927568282},"('mean', 2, 0.333333, 0.01, 0.225)":{"counter_culture":0.0058477107,"herd_immunity":0.8995165145,"obs_comp":0.8903122646},"('mean', 2, 0.333333, 0.01, 0.25)":{"counter_culture":0.0058203381,"herd_immunity":0.899565782,"obs_comp":0.8886429419},"('mean', 2, 0.333333, 0.01, 0.275)":{"counter_culture":0.0063662997,"herd_immunity":0.8983662107,"obs_comp":0.8859262782},"('mean', 2, 0.333333, 0.01, 0.3)":{"counter_culture":0.0068717444,"herd_immunity":0.8976993177,"obs_comp":0.8833302167},"('mean', 2, 0.333333, 0.01, 0.325)":{"counter_culture":0.0071919497,"herd_immunity":0.897543514,"obs_comp":0.8817527684},"('mean', 2, 0.333333, 0.01, 0.35)":{"counter_culture":0.0078540417,"herd_immunity":0.8963614448,"obs_comp":0.8783898673},"('mean', 2, 0.333333, 0.01, 0.375)":{"counter_culture":0.0084832051,"herd_immunity":0.8961442035,"obs_comp":0.8768433149},"('mean', 2, 0.333333, 0.01, 0.4)":{"counter_culture":0.0090232044,"herd_immunity":0.8958037131,"obs_comp":0.8740273238},"('mean', 2, 0.333333, 0.01, 0.425)":{"counter_culture":0.010386279,"herd_immunity":0.894406298,"obs_comp":0.870313457},"('mean', 2, 0.333333, 0.01, 0.45)":{"counter_culture":0.0117973234,"herd_immunity":0.8934044664,"obs_comp":0.8671095067},"('mean', 2, 0.333333, 0.01, 0.475)":{"counter_culture":0.0122633353,"herd_immunity":0.8917850196,"obs_comp":0.8632415673},"('mean', 2, 0.333333, 0.01, 0.5)":{"counter_culture":0.0144673724,"herd_immunity":0.8914390252,"obs_comp":0.859850074},"('mean', 2, 0.333333, 0.01, 0.525)":{"counter_culture":0.016987414,"herd_immunity":0.8898187127,"obs_comp":0.8555589433},"('mean', 2, 0.333333, 0.01, 0.55)":{"counter_culture":0.018017139,"herd_immunity":0.8904266841,"obs_comp":0.8532085576},"('mean', 2, 0.333333, 0.01, 0.575)":{"counter_culture":0.0209725678,"herd_immunity":0.8896216905,"obs_comp":0.8491370853},"('mean', 2, 0.333333, 0.01, 0.6)":{"counter_culture":0.0259095295,"herd_immunity":0.8887901703,"obs_comp":0.8439933384},"('mean', 2, 0.333333, 0.01, 0.625)":{"counter_culture":0.0316130597,"herd_immunity":0.8875322456,"obs_comp":0.838261487},"('mean', 2, 0.333333, 0.01, 0.65)":{"counter_culture":0.0384353437,"herd_immunity":0.8859874017,"obs_comp":0.8328753164},"('mean', 2, 0.333333, 0.01, 0.675)":{"counter_culture":0.0463449437,"herd_immunity":0.8854222531,"obs_comp":0.8271849304},"('mean', 2, 0.333333, 0.01, 0.7)":{"counter_culture":0.055171526,"herd_immunity":0.8855142687,"obs_comp":0.8222304882},"('mean', 2, 0.333333, 0.01, 0.725)":{"counter_culture":0.068101696,"herd_immunity":0.8838151018,"obs_comp":0.8140832073},"('mean', 2, 0.333333, 0.01, 0.75)":{"counter_culture":0.0807670835,"herd_immunity":0.8831993647,"obs_comp":0.8064091202},"('mean', 2, 0.333333, 0.01, 0.775)":{"counter_culture":0.0946952697,"herd_immunity":0.882115616,"obs_comp":0.7982839271},"('mean', 2, 0.333333, 0.01, 0.8)":{"counter_culture":0.1103055163,"herd_immunity":0.8806325784,"obs_comp":0.7879927747},"('mean', 2, 0.333333, 0.01, 0.825)":{"counter_culture":0.1286809384,"herd_immunity":0.877798054,"obs_comp":0.7758107442},"('mean', 2, 0.333333, 0.01, 0.85)":{"counter_culture":0.1440827737,"herd_immunity":0.8783006333,"obs_comp":0.7656399228},"('mean', 2, 0.333333, 0.01, 0.875)":{"counter_culture":0.1668024456,"herd_immunity":0.8765470183,"obs_comp":0.7495207083},"('mean', 2, 0.333333, 0.01, 0.9)":{"counter_culture":0.1892441908,"herd_immunity":0.8779430376,"obs_comp":0.7333421414},"('mean', 2, 0.333333, 0.01, 0.925)":{"counter_culture":0.2183475075,"herd_immunity":0.8743693653,"obs_comp":0.7112429604},"('mean', 2, 0.333333, 0.01, 0.95)":{"counter_culture":0.2513655138,"herd_immunity":0.875086666,"obs_comp":0.6855376414},"('mean', 2, 0.333333, 0.01, 0.975)":{"counter_culture":0.2932309706,"herd_immunity":0.8735749069,"obs_comp":0.6518144517},"('mean', 2, 0.333333, 0.01, 1.0)":{"counter_culture":0.3510939558,"herd_immunity":null,"obs_comp":0.603444477}}