{"('mean', 2, 0.333333, 0.01, 0.0)":{"counter_culture":0.0004332887,"herd_immunity":0.9516766998,"obs_comp":0.9520787595},"('mean', 2, 0.333333, 0.01, 0.025)":{"counter_culture":0.0004408746,"herd_immunity":0.9515048983,"obs_comp":0.9513090138},"('mean', 2, 0.333333, 0.01, 0.05)":{"counter_culture":0.0004431058,"herd_immunity":0.9508862545,"obs_comp":0.9493228469},"('mean', 2, 0.333333, 0.01, 0.075)":{"counter_culture":0.000464971,"herd_immunity":0.9502833616,"obs_comp":0.9483163766},"('mean', 2, 0.333333, 0.01, 0.1)":{"counter_culture":0.0004721107,"herd_immunity":0.9499392766,"obs_comp":0.9470651495},"('mean', 2, 0.333333, 0.01, 0.125)":{"counter_culture":0.000488398,"herd_immunity":0.9495911199,"obs_comp":0.9453451584},"('mean', 2, 0.333333, 0.01, 0.15)":{"counter_culture":0.0005118251,"herd_immunity":0.949178582,"obs_comp":0.9437737617},"('mean', 2, 0.333333, 0.01, 0.175)":{"counter_culture":0.0005290049,"herd_immunity":0.9495595284,"obs_comp":0.9432971888},"('mean', 2, 0.333333, 0.01, 0.2)":{"counter_culture":0.0005377064,"herd_immunity":0.9481245838,"obs_comp":0.9404986613},"('mean', 2, 0.333333, 0.01, 0.225)":{"counter_culture":0.0005684962,"herd_immunity":0.9467737163,"obs_comp":0.937737394},"('mean', 2, 0.333333, 0.01, 0.25)":{"counter_culture":0.0006160196,"herd_immunity":0.9476171413,"obs_comp":0.937330656},"('mean', 2, 0.333333, 0.01, 0.275)":{"counter_culture":0.0006427934,"herd_immunity":0.9462128071,"obs_comp":0.9348476127},"('mean', 2, 0.333333, 0.01, 0.3)":{"counter_culture":0.0006909862,"herd_immunity":0.9458995672,"obs_comp":0.9328531905},"('mean', 2, 0.333333, 0.01, 0.325)":{"counter_culture":0.0007331548,"herd_immunity":0.9456418833,"obs_comp":0.9308583222},"('mean', 2, 0.333333, 0.01, 0.35)":{"counter_culture":0.0008125837,"herd_immunity":0.9451865058,"obs_comp":0.9285167336},"('mean', 2, 0.333333, 0.01, 0.375)":{"counter_culture":0.0008592146,"herd_immunity":0.9452574132,"obs_comp":0.9270932619},"('mean', 2, 0.333333, 0.01, 0.4)":{"counter_culture":0.0009413208,"herd_immunity":0.9431919436,"obs_comp":0.9228980366},"('mean', 2, 0.333333, 0.01, 0.425)":{"counter_culture":0.0011033021,"herd_immunity":0.9434302801,"obs_comp":0.9200374833},"('mean', 2, 0.333333, 0.01, 0.45)":{"counter_culture":0.0011740295,"herd_immunity":0.9427444722,"obs_comp":0.918157519},"('mean', 2, 0.333333, 0.01, 0.475)":{"counter_culture":0.0014141008,"herd_immunity":0.942191405,"obs_comp":0.9144962071},"('mean', 2, 0.333333, 0.01, 0.5)":{"counter_culture":0.0016642124,"herd_immunity":0.9419540603,"obs_comp":0.9121131191},"('mean', 2, 0.333333, 0.01, 0.525)":{"counter_culture":0.0024118697,"herd_immunity":0.9405967798,"obs_comp":0.9074013833},"('mean', 2, 0.333333, 0.01, 0.55)":{"counter_culture":0.0027360553,"herd_immunity":0.9399402525,"obs_comp":0.9040769746},"('mean', 2, 0.333333, 0.01, 0.575)":{"counter_culture":0.0039056225,"herd_immunity":0.9393940031,"obs_comp":0.8990620259},"('mean', 2, 0.333333, 0.01, 0.6)":{"counter_culture":0.0052708612,"herd_immunity":0.9383645625,"obs_comp":0.8952284694},"('mean', 2, 0.333333, 0.01, 0.625)":{"counter_culture":0.0085240964,"herd_immunity":0.9377699816,"obs_comp":0.8897086122},"('mean', 2, 0.333333, 0.01, 0.65)":{"counter_culture":0.0128206158,"herd_immunity":0.9365081455,"obs_comp":0.8840203034},"('mean', 2, 0.333333, 0.01, 0.675)":{"counter_culture":0.0179868362,"herd_immunity":0.9373131388,"obs_comp":0.8800319054},"('mean', 2, 0.333333, 0.01, 0.7)":{"counter_culture":0.0263978135,"herd_immunity":0.9368301956,"obs_comp":0.8735555556},"('mean', 2, 0.333333, 0.01, 0.725)":{"counter_culture":0.0364134315,"herd_immunity":0.9360623203,"obs_comp":0.8670896921},"('mean', 2, 0.333333, 0.01, 0.75)":{"counter_culture":0.0502130745,"herd_immunity":0.9355531805,"obs_comp":0.8591133423},"('mean', 2, 0.333333, 0.01, 0.775)":{"counter_culture":0.0657436412,"herd_immunity":0.9336498064,"obs_comp":0.8487322624},"('mean', 2, 0.333333, 0.01, 0.8)":{"counter_culture":0.0812813476,"herd_immunity":0.9323484581,"obs_comp":0.8390276662},"('mean', 2, 0.333333, 0.01, 0.825)":{"counter_culture":0.0983728246,"herd_immunity":0.9317637747,"obs_comp":0.8279375279},"('mean', 2, 0.333333, 0.01, 0.85)":{"counter_culture":0.1183554217,"herd_immunity":0.9319425379,"obs_comp":0.8145095939},"('mean', 2, 0.333333, 0.01, 0.875)":{"counter_culture":0.1396173583,"herd_immunity":0.930480428,"obs_comp":0.7994814815},"('mean', 2, 0.333333, 0.01, 0.9)":{"counter_culture":0.164340473,"herd_immunity":0.9296911551,"obs_comp":0.7811878626},"('mean', 2, 0.333333, 0.01, 0.925)":{"counter_culture":0.1970401606,"herd_immunity":0.9273366963,"obs_comp":0.7557795627},"('mean', 2, 0.333333, 0.01, 0.95)":{"counter_culture":0.2338244087,"herd_immunity":0.9249694193,"obs_comp":0.7262269076},"('mean', 2, 0.333333, 0.01, 0.975)":{"counter_culture":0.283651718,"herd_immunity":0.9273010847,"obs_comp":0.684219768},"('mean', 2, 0.333333, 0.01, 1.0)":{"counter_culture":0.3585140562,"herd_immunity":null,"obs_comp":0.6184448907}}