{"('mean', 2, 0.333333, 0.01, 0.0)":{"counter_culture":0.0037091826,"herd_immunity":0.9358066417,"obs_comp":0.936407812},"('mean', 2, 0.333333, 0.01, 0.025)":{"counter_culture":0.0037916463,"herd_immunity":0.9350404897,"obs_comp":0.9347827003},"('mean', 2, 0.333333, 0.01, 0.05)":{"counter_culture":0.0038558472,"herd_immunity":0.9353585608,"obs_comp":0.9344642245},"('mean', 2, 0.333333, 0.01, 0.075)":{"counter_culture":0.0039159741,"herd_immunity":0.9339942475,"obs_comp":0.9325363711},"('mean', 2, 0.333333, 0.01, 0.1)":{"counter_culture":0.0039307248,"herd_immunity":0.933911661,"obs_comp":0.9318180796},"('mean', 2, 0.333333, 0.01, 0.125)":{"counter_culture":0.0040907354,"herd_immunity":0.9334695186,"obs_comp":0.9304528622},"('mean', 2, 0.333333, 0.01, 0.15)":{"counter_culture":0.0040839922,"herd_immunity":0.9332257198,"obs_comp":0.929482965},"('mean', 2, 0.333333, 0.01, 0.175)":{"counter_culture":0.0042182943,"herd_immunity":0.9322969051,"obs_comp":0.9277668201},"('mean', 2, 0.333333, 0.01, 0.2)":{"counter_culture":0.0041931478,"herd_immunity":0.9326221863,"obs_comp":0.9271621796},"('mean', 2, 0.333333, 0.01, 0.225)":{"counter_culture":0.0043260451,"herd_immunity":0.9318073027,"obs_comp":0.9254270695},"('mean', 2, 0.333333, 0.01, 0.25)":{"counter_culture":0.0044146901,"herd_immunity":0.931121732,"obs_comp":0.9239340121},"('mean', 2, 0.333333, 0.01, 0.275)":{"counter_culture":0.0045555949,"herd_immunity":0.9307320948,"obs_comp":0.9225155515},"('mean', 2, 0.333333, 0.01, 0.3)":{"counter_culture":0.0047094242,"herd_immunity":0.9296384417,"obs_comp":0.920217384},"('mean', 2, 0.333333, 0.01, 0.325)":{"counter_culture":0.0047524121,"herd_immunity":0.9293612052,"obs_comp":0.9185981726},"('mean', 2, 0.333333, 0.01, 0.35)":{"counter_culture":0.0047982097,"herd_immunity":0.9293325041,"obs_comp":0.9174501425},"('mean', 2, 0.333333, 0.01, 0.375)":{"counter_culture":0.0049714257,"herd_immunity":0.9287917573,"obs_comp":0.9155364779},"('mean', 2, 0.333333, 0.01, 0.4)":{"counter_culture":0.0052240148,"herd_immunity":0.9283579376,"obs_comp":0.9136521744},"('mean', 2, 0.333333, 0.01, 0.425)":{"counter_culture":0.0053777036,"herd_immunity":0.9273969394,"obs_comp":0.9113039948},"('mean', 2, 0.333333, 0.01, 0.45)":{"counter_culture":0.0055833713,"herd_immunity":0.9270982962,"obs_comp":0.9093147502},"('mean', 2, 0.333333, 0.01, 0.475)":{"counter_culture":0.0058238788,"herd_immunity":0.9268352584,"obs_comp":0.9075650298},"('mean', 2, 0.333333, 0.01, 0.5)":{"counter_culture":0.0060823682,"herd_immunity":0.9254398056,"obs_comp":0.9045272172},"('mean', 2, 0.333333, 0.01, 0.525)":{"counter_culture":0.0062762353,"herd_immunity":0.925480362,"obs_comp":0.9023452295},"('mean', 2, 0.333333, 0.01, 0.55)":{"counter_culture":0.0071712549,"herd_immunity":0.924551382,"obs_comp":0.8993230106},"('mean', 2, 0.333333, 0.01, 0.575)":{"counter_culture":0.0072783032,"herd_immunity":0.9240719163,"obs_comp":0.8961716875},"('mean', 2, 0.333333, 0.01, 0.6)":{"counter_culture":0.007901347,"herd_immunity":0.9237038711,"obs_comp":0.8931944234},"('mean', 2, 0.333333, 0.01, 0.625)":{"counter_culture":0.0088660463,"herd_immunity":0.9228892209,"obs_comp":0.8891062167},"('mean', 2, 0.333333, 0.01, 0.65)":{"counter_culture":0.0101167698,"herd_immunity":0.9224026814,"obs_comp":0.8852059767},"('mean', 2, 0.333333, 0.01, 0.675)":{"counter_culture":0.012210253,"herd_immunity":0.9216914213,"obs_comp":0.881083773},"('mean', 2, 0.333333, 0.01, 0.7)":{"counter_culture":0.0148076502,"herd_immunity":0.9207163951,"obs_comp":0.8764820996},"('mean', 2, 0.333333, 0.01, 0.725)":{"counter_culture":0.0182791348,"herd_immunity":0.9215337669,"obs_comp":0.871717044},"('mean', 2, 0.333333, 0.01, 0.75)":{"counter_culture":0.0259991178,"herd_immunity":0.9199416152,"obs_comp":0.8649179296},"('mean', 2, 0.333333, 0.01, 0.775)":{"counter_culture":0.0342060161,"herd_immunity":0.9192371879,"obs_comp":0.8582453907},"('mean', 2, 0.333333, 0.01, 0.8)":{"counter_culture":0.047030041,"herd_immunity":0.9183765313,"obs_comp":0.8503880151},"('mean', 2, 0.333333, 0.01, 0.825)":{"counter_culture":0.0627199267,"herd_immunity":0.9183778323,"obs_comp":0.8412580005},"('mean', 2, 0.333333, 0.01, 0.85)":{"counter_culture":0.0830623409,"herd_immunity":0.9171312436,"obs_comp":0.8291080149},"('mean', 2, 0.333333, 0.01, 0.875)":{"counter_culture":0.1031145164,"herd_immunity":0.9175709368,"obs_comp":0.815877712},"('mean', 2, 0.333333, 0.01, 0.9)":{"counter_culture":0.1285056221,"herd_immunity":0.9165576552,"obs_comp":0.798086195},"('mean', 2, 0.333333, 0.01, 0.925)":{"counter_culture":0.1584575206,"herd_immunity":0.9150977952,"obs_comp":0.7759034486},"('mean', 2, 0.333333, 0.01, 0.95)":{"counter_culture":0.1972761678,"herd_immunity":0.9138508507,"obs_comp":0.7452164006},"('mean', 2, 0.333333, 0.01, 0.975)":{"counter_culture":0.250481577,"herd_immunity":0.9151366296,"obs_comp":0.7010567159},"('mean', 2, 0.333333, 0.01, 1.0)":{"counter_culture":0.3302858275,"herd_immunity":null,"obs_comp":0.6323461567}}