{"('mean', 2, 0.333333, 0.01, 0.0)":{"counter_culture":0.0003584632,"herd_immunity":0.9538093573,"obs_comp":0.9541100308},"('mean', 2, 0.333333, 0.01, 0.025)":{"counter_culture":0.0003754011,"herd_immunity":0.9536268131,"obs_comp":0.9530059771},"('mean', 2, 0.333333, 0.01, 0.05)":{"counter_culture":0.0003721438,"herd_immunity":0.9529205905,"obs_comp":0.9520385661},"('mean', 2, 0.333333, 0.01, 0.075)":{"counter_culture":0.0003853357,"herd_immunity":0.9523781072,"obs_comp":0.9508014527},"('mean', 2, 0.333333, 0.01, 0.1)":{"counter_culture":0.0003841957,"herd_immunity":0.9521645723,"obs_comp":0.9497107539},"('mean', 2, 0.333333, 0.01, 0.125)":{"counter_culture":0.0004076481,"herd_immunity":0.9516584905,"obs_comp":0.9482646862},"('mean', 2, 0.333333, 0.01, 0.15)":{"counter_culture":0.0004415238,"herd_immunity":0.9507799322,"obs_comp":0.9466096643},"('mean', 2, 0.333333, 0.01, 0.175)":{"counter_culture":0.0004348463,"herd_immunity":0.9508166408,"obs_comp":0.9460800313},"('mean', 2, 0.333333, 0.01, 0.2)":{"counter_culture":0.0004454325,"herd_immunity":0.9497713054,"obs_comp":0.9442590512},"('mean', 2, 0.333333, 0.01, 0.225)":{"counter_culture":0.0004706764,"herd_immunity":0.9496185701,"obs_comp":0.9429330141},"('mean', 2, 0.333333, 0.01, 0.25)":{"counter_culture":0.0004980375,"herd_immunity":0.9487995805,"obs_comp":0.9413162652},"('mean', 2, 0.333333, 0.01, 0.275)":{"counter_culture":0.0005294702,"herd_immunity":0.9483690694,"obs_comp":0.9396215045},"('mean', 2, 0.333333, 0.01, 0.3)":{"counter_culture":0.0005755607,"herd_immunity":0.9481780235,"obs_comp":0.9379065488},"('mean', 2, 0.333333, 0.01, 0.325)":{"counter_culture":0.0005964072,"herd_immunity":0.9478047041,"obs_comp":0.9364568981},"('mean', 2, 0.333333, 0.01, 0.35)":{"counter_culture":0.0006449406,"herd_immunity":0.947180632,"obs_comp":0.9346517158},"('mean', 2, 0.333333, 0.01, 0.375)":{"counter_culture":0.0006835394,"herd_immunity":0.9469251906,"obs_comp":0.9328251983},"('mean', 2, 0.333333, 0.01, 0.4)":{"counter_culture":0.0008040586,"herd_immunity":0.946129708,"obs_comp":0.9308514519},"('mean', 2, 0.333333, 0.01, 0.425)":{"counter_culture":0.0009468901,"herd_immunity":0.9457641289,"obs_comp":0.9288663051},"('mean', 2, 0.333333, 0.01, 0.45)":{"counter_culture":0.0010543802,"herd_immunity":0.9453825331,"obs_comp":0.9269251315},"('mean', 2, 0.333333, 0.01, 0.475)":{"counter_culture":0.001261543,"herd_immunity":0.9446512823,"obs_comp":0.9242207782},"('mean', 2, 0.333333, 0.01, 0.5)":{"counter_culture":0.001375059,"herd_immunity":0.944261748,"obs_comp":0.9218972004},"('mean', 2, 0.333333, 0.01, 0.525)":{"counter_culture":0.0018747252,"herd_immunity":0.9439081475,"obs_comp":0.9190905686},"('mean', 2, 0.333333, 0.01, 0.55)":{"counter_culture":0.0023081057,"herd_immunity":0.9430084931,"obs_comp":0.9159049527},"('mean', 2, 0.333333, 0.01, 0.575)":{"counter_culture":0.0034532011,"herd_immunity":0.9421108401,"obs_comp":0.9120906826},"('mean', 2, 0.333333, 0.01, 0.6)":{"counter_culture":0.0034636244,"herd_immunity":0.9421437379,"obs_comp":0.9097504927},"('mean', 2, 0.333333, 0.01, 0.625)":{"counter_culture":0.0042002573,"herd_immunity":0.9415028986,"obs_comp":0.9066192733},"('mean', 2, 0.333333, 0.01, 0.65)":{"counter_culture":0.006164069,"herd_immunity":0.9405113609,"obs_comp":0.9018538786},"('mean', 2, 0.333333, 0.01, 0.675)":{"counter_culture":0.0078734874,"herd_immunity":0.9400613718,"obs_comp":0.8981440042},"('mean', 2, 0.333333, 0.01, 0.7)":{"counter_culture":0.0107665999,"herd_immunity":0.9395980169,"obs_comp":0.8930756828},"('mean', 2, 0.333333, 0.01, 0.725)":{"counter_culture":0.0150046416,"herd_immunity":0.9386777945,"obs_comp":0.8872847348},"('mean', 2, 0.333333, 0.01, 0.75)":{"counter_culture":0.0214191951,"herd_immunity":0.9381149944,"obs_comp":0.8810846729},"('mean', 2, 0.333333, 0.01, 0.775)":{"counter_culture":0.0307337014,"herd_immunity":0.9375734655,"obs_comp":0.8741486295},"('mean', 2, 0.333333, 0.01, 0.8)":{"counter_culture":0.0430318724,"herd_immunity":0.9371582351,"obs_comp":0.8663298643},"('mean', 2, 0.333333, 0.01, 0.825)":{"counter_culture":0.0577431964,"herd_immunity":0.9362376405,"obs_comp":0.8570041205},"('mean', 2, 0.333333, 0.01, 0.85)":{"counter_culture":0.0749277699,"herd_immunity":0.9352088764,"obs_comp":0.8456368789},"('mean', 2, 0.333333, 0.01, 0.875)":{"counter_culture":0.0959891533,"herd_immunity":0.9345957146,"obs_comp":0.8313004674},"('mean', 2, 0.333333, 0.01, 0.9)":{"counter_culture":0.1212177326,"herd_immunity":0.9334684292,"obs_comp":0.81374033},"('mean', 2, 0.333333, 0.01, 0.925)":{"counter_culture":0.1499180795,"herd_immunity":0.9337995503,"obs_comp":0.7924121757},"('mean', 2, 0.333333, 0.01, 0.95)":{"counter_culture":0.1934992915,"herd_immunity":0.9317190517,"obs_comp":0.7578036188},"('mean', 2, 0.333333, 0.01, 0.975)":{"counter_culture":0.2534693246,"herd_immunity":0.9314546023,"obs_comp":0.7074257748},"('mean', 2, 0.333333, 0.01, 1.0)":{"counter_culture":0.3518024136,"herd_immunity":null,"obs_comp":0.6209004739}}