{"('mean', 2, 0.333333, 0.01, 0.0)":{"counter_culture":0.0002569912,"herd_immunity":0.9714217584,"obs_comp":0.9715225811},"('mean', 2, 0.333333, 0.01, 0.025)":{"counter_culture":0.0002544736,"herd_immunity":0.9713477539,"obs_comp":0.9709346193},"('mean', 2, 0.333333, 0.01, 0.05)":{"counter_culture":0.0002564103,"herd_immunity":0.9712121402,"obs_comp":0.9703722209},"('mean', 2, 0.333333, 0.01, 0.075)":{"counter_culture":0.0002678364,"herd_immunity":0.9707543332,"obs_comp":0.9694538694},"('mean', 2, 0.333333, 0.01, 0.1)":{"counter_culture":0.0002724843,"herd_immunity":0.9703238619,"obs_comp":0.9683976296},"('mean', 2, 0.333333, 0.01, 0.125)":{"counter_culture":0.0002734526,"herd_immunity":0.9698512359,"obs_comp":0.9676849485},"('mean', 2, 0.333333, 0.01, 0.15)":{"counter_culture":0.0002790689,"herd_immunity":0.9697210851,"obs_comp":0.9669573553},"('mean', 2, 0.333333, 0.01, 0.175)":{"counter_culture":0.0002798435,"herd_immunity":0.9695470957,"obs_comp":0.9657318537},"('mean', 2, 0.333333, 0.01, 0.2)":{"counter_culture":0.0002935936,"herd_immunity":0.9689309185,"obs_comp":0.9644180417},"('mean', 2, 0.333333, 0.01, 0.225)":{"counter_culture":0.0002992099,"herd_immunity":0.9685341658,"obs_comp":0.9632957626},"('mean', 2, 0.333333, 0.01, 0.25)":{"counter_culture":0.0002974669,"herd_immunity":0.9687248262,"obs_comp":0.9627124487},"('mean', 2, 0.333333, 0.01, 0.275)":{"counter_culture":0.0003205128,"herd_immunity":0.9682715645,"obs_comp":0.9614582849},"('mean', 2, 0.333333, 0.01, 0.3)":{"counter_culture":0.0003209001,"herd_immunity":0.9680630526,"obs_comp":0.9601812689},"('mean', 2, 0.333333, 0.01, 0.325)":{"counter_culture":0.0003538229,"herd_immunity":0.9674841219,"obs_comp":0.9586517159},"('mean', 2, 0.333333, 0.01, 0.35)":{"counter_culture":0.0003563405,"herd_immunity":0.9669943389,"obs_comp":0.9567997134},"('mean', 2, 0.333333, 0.01, 0.375)":{"counter_culture":0.0003793865,"herd_immunity":0.9670633804,"obs_comp":0.9560575955},"('mean', 2, 0.333333, 0.01, 0.4)":{"counter_culture":0.0004059184,"herd_immunity":0.966919241,"obs_comp":0.9543337981},"('mean', 2, 0.333333, 0.01, 0.425)":{"counter_culture":0.0004444574,"herd_immunity":0.9656054474,"obs_comp":0.9521620575},"('mean', 2, 0.333333, 0.01, 0.45)":{"counter_culture":0.0004950035,"herd_immunity":0.9658465468,"obs_comp":0.9504032071},"('mean', 2, 0.333333, 0.01, 0.475)":{"counter_culture":0.0005104966,"herd_immunity":0.9655744761,"obs_comp":0.9488430552},"('mean', 2, 0.333333, 0.01, 0.5)":{"counter_culture":0.0005672399,"herd_immunity":0.9648447054,"obs_comp":0.9464859788},"('mean', 2, 0.333333, 0.01, 0.525)":{"counter_culture":0.0007403749,"herd_immunity":0.964319009,"obs_comp":0.9434634751},"('mean', 2, 0.333333, 0.01, 0.55)":{"counter_culture":0.0008060268,"herd_immunity":0.9645151695,"obs_comp":0.9414216825},"('mean', 2, 0.333333, 0.01, 0.575)":{"counter_culture":0.0010558525,"herd_immunity":0.9637890462,"obs_comp":0.9382314664},"('mean', 2, 0.333333, 0.01, 0.6)":{"counter_culture":0.0013856612,"herd_immunity":0.9633333453,"obs_comp":0.935195019},"('mean', 2, 0.333333, 0.01, 0.625)":{"counter_culture":0.0019358587,"herd_immunity":0.9634815655,"obs_comp":0.9321601208},"('mean', 2, 0.333333, 0.01, 0.65)":{"counter_culture":0.0026599659,"herd_immunity":0.9628506582,"obs_comp":0.9280219227},"('mean', 2, 0.333333, 0.01, 0.675)":{"counter_culture":0.0034446898,"herd_immunity":0.9621843917,"obs_comp":0.9243525835},"('mean', 2, 0.333333, 0.01, 0.7)":{"counter_culture":0.0064962429,"herd_immunity":0.9621923098,"obs_comp":0.9189300101},"('mean', 2, 0.333333, 0.01, 0.725)":{"counter_culture":0.0102573786,"herd_immunity":0.9614460457,"obs_comp":0.9133505694},"('mean', 2, 0.333333, 0.01, 0.75)":{"counter_culture":0.0162198854,"herd_immunity":0.9620985789,"obs_comp":0.9080794407},"('mean', 2, 0.333333, 0.01, 0.775)":{"counter_culture":0.0268113332,"herd_immunity":0.9612044763,"obs_comp":0.9008412735},"('mean', 2, 0.333333, 0.01, 0.8)":{"counter_culture":0.0409745139,"herd_immunity":0.9595804108,"obs_comp":0.8911505539},"('mean', 2, 0.333333, 0.01, 0.825)":{"counter_culture":0.0552912697,"herd_immunity":0.9601739605,"obs_comp":0.8814925633},"('mean', 2, 0.333333, 0.01, 0.85)":{"counter_culture":0.0751497018,"herd_immunity":0.9593244396,"obs_comp":0.8676127121},"('mean', 2, 0.333333, 0.01, 0.875)":{"counter_culture":0.0957847238,"herd_immunity":0.9583899337,"obs_comp":0.8526489271},"('mean', 2, 0.333333, 0.01, 0.9)":{"counter_culture":0.1199366721,"herd_immunity":0.9590748852,"obs_comp":0.8343543264},"('mean', 2, 0.333333, 0.01, 0.925)":{"counter_culture":0.1549087846,"herd_immunity":0.9578133624,"obs_comp":0.8058670308},"('mean', 2, 0.333333, 0.01, 0.95)":{"counter_culture":0.1944623906,"herd_immunity":0.9576780993,"obs_comp":0.7725003873},"('mean', 2, 0.333333, 0.01, 0.975)":{"counter_culture":0.253838601,"herd_immunity":0.9580570085,"obs_comp":0.7200774653},"('mean', 2, 0.333333, 0.01, 1.0)":{"counter_culture":0.3435728949,"herd_immunity":null,"obs_comp":0.6380552328}}