{"('mean', 2, 0.333333, 0.01, 0.0)":{"counter_culture":0.000449057,"herd_immunity":0.9555146575,"obs_comp":0.9559256779},"('mean', 2, 0.333333, 0.01, 0.025)":{"counter_culture":0.0004430309,"herd_immunity":0.9559358432,"obs_comp":0.9556399955},"('mean', 2, 0.333333, 0.01, 0.05)":{"counter_culture":0.0004497266,"herd_immunity":0.9548425433,"obs_comp":0.9540544582},"('mean', 2, 0.333333, 0.01, 0.075)":{"counter_culture":0.0004604397,"herd_immunity":0.9550433908,"obs_comp":0.9534676933},"('mean', 2, 0.333333, 0.01, 0.1)":{"counter_culture":0.0004794108,"herd_immunity":0.9550851683,"obs_comp":0.952465573},"('mean', 2, 0.333333, 0.01, 0.125)":{"counter_culture":0.0005160138,"herd_immunity":0.9543286705,"obs_comp":0.9511683964},"('mean', 2, 0.333333, 0.01, 0.15)":{"counter_culture":0.0005215936,"herd_immunity":0.9535579077,"obs_comp":0.9499002343},"('mean', 2, 0.333333, 0.01, 0.175)":{"counter_culture":0.0005483763,"herd_immunity":0.9531563895,"obs_comp":0.948407767},"('mean', 2, 0.333333, 0.01, 0.2)":{"counter_culture":0.0005925678,"herd_immunity":0.9527968805,"obs_comp":0.9473351188},"('mean', 2, 0.333333, 0.01, 0.225)":{"counter_culture":0.0005753822,"herd_immunity":0.9518966089,"obs_comp":0.945639326},"('mean', 2, 0.333333, 0.01, 0.25)":{"counter_culture":0.0006534985,"herd_immunity":0.9514854321,"obs_comp":0.9440136146},"('mean', 2, 0.333333, 0.01, 0.275)":{"counter_culture":0.0006680058,"herd_immunity":0.9515058958,"obs_comp":0.9426988059},"('mean', 2, 0.333333, 0.01, 0.3)":{"counter_culture":0.0007441134,"herd_immunity":0.9509602365,"obs_comp":0.9408541457},"('mean', 2, 0.333333, 0.01, 0.325)":{"counter_culture":0.0007965629,"herd_immunity":0.9502774905,"obs_comp":0.9394612208},"('mean', 2, 0.333333, 0.01, 0.35)":{"counter_culture":0.0008193282,"herd_immunity":0.9498913982,"obs_comp":0.9379167504},"('mean', 2, 0.333333, 0.01, 0.375)":{"counter_culture":0.0008626269,"herd_immunity":0.9493278378,"obs_comp":0.9358288137},"('mean', 2, 0.333333, 0.01, 0.4)":{"counter_culture":0.0009492244,"herd_immunity":0.9496155012,"obs_comp":0.9343365696},"('mean', 2, 0.333333, 0.01, 0.425)":{"counter_culture":0.0011871443,"herd_immunity":0.9490059311,"obs_comp":0.9314906818},"('mean', 2, 0.333333, 0.01, 0.45)":{"counter_culture":0.00120924,"herd_immunity":0.9482315549,"obs_comp":0.9293282},"('mean', 2, 0.333333, 0.01, 0.475)":{"counter_culture":0.0013757393,"herd_immunity":0.9482051865,"obs_comp":0.9271866979},"('mean', 2, 0.333333, 0.01, 0.5)":{"counter_culture":0.0015290704,"herd_immunity":0.9472120242,"obs_comp":0.9245003906},"('mean', 2, 0.333333, 0.01, 0.525)":{"counter_culture":0.0017884165,"herd_immunity":0.9466390904,"obs_comp":0.921840866},"('mean', 2, 0.333333, 0.01, 0.55)":{"counter_culture":0.0022209575,"herd_immunity":0.9463420068,"obs_comp":0.9187789309},"('mean', 2, 0.333333, 0.01, 0.575)":{"counter_culture":0.0027258119,"herd_immunity":0.9455956198,"obs_comp":0.915508537},"('mean', 2, 0.333333, 0.01, 0.6)":{"counter_culture":0.0039390693,"herd_immunity":0.9450214545,"obs_comp":0.9116765986},"('mean', 2, 0.333333, 0.01, 0.625)":{"counter_culture":0.004830934,"herd_immunity":0.944465336,"obs_comp":0.9076618681},"('mean', 2, 0.333333, 0.01, 0.65)":{"counter_culture":0.0066854146,"herd_immunity":0.9435817907,"obs_comp":0.90350385},"('mean', 2, 0.333333, 0.01, 0.675)":{"counter_culture":0.0088724473,"herd_immunity":0.9438680038,"obs_comp":0.8986378752},"('mean', 2, 0.333333, 0.01, 0.7)":{"counter_culture":0.0131766544,"herd_immunity":0.942880979,"obs_comp":0.8929117286},"('mean', 2, 0.333333, 0.01, 0.725)":{"counter_culture":0.0191369267,"herd_immunity":0.9432739536,"obs_comp":0.8875915634},"('mean', 2, 0.333333, 0.01, 0.75)":{"counter_culture":0.0294951456,"herd_immunity":0.9413238794,"obs_comp":0.8805450285},"('mean', 2, 0.333333, 0.01, 0.775)":{"counter_culture":0.0421140498,"herd_immunity":0.9410560846,"obs_comp":0.872777815},"('mean', 2, 0.333333, 0.01, 0.8)":{"counter_culture":0.0575058587,"herd_immunity":0.9404761482,"obs_comp":0.8636408883},"('mean', 2, 0.333333, 0.01, 0.825)":{"counter_culture":0.0733621248,"herd_immunity":0.9402267395,"obs_comp":0.8534862181},"('mean', 2, 0.333333, 0.01, 0.85)":{"counter_culture":0.0925276197,"herd_immunity":0.9388030137,"obs_comp":0.8405831938},"('mean', 2, 0.333333, 0.01, 0.875)":{"counter_culture":0.114412454,"herd_immunity":0.9389401121,"obs_comp":0.8249704274},"('mean', 2, 0.333333, 0.01, 0.9)":{"counter_culture":0.140830934,"herd_immunity":0.9370707393,"obs_comp":0.8053891307},"('mean', 2, 0.333333, 0.01, 0.925)":{"counter_culture":0.1720403973,"herd_immunity":0.9374386213,"obs_comp":0.7808220065},"('mean', 2, 0.333333, 0.01, 0.95)":{"counter_culture":0.2143597813,"herd_immunity":0.936342852,"obs_comp":0.7456984712},"('mean', 2, 0.333333, 0.01, 0.975)":{"counter_culture":0.2688193282,"herd_immunity":0.9359608029,"obs_comp":0.6988063832},"('mean', 2, 0.333333, 0.01, 1.0)":{"counter_culture":0.3528708849,"herd_immunity":null,"obs_comp":0.6233096753}}