{"('mean', 2, 0.333333, 0.01, 0.0)":{"counter_culture":0.0011403379,"herd_immunity":0.9394609018,"obs_comp":0.9399732037},"('mean', 2, 0.333333, 0.01, 0.025)":{"counter_culture":0.001221077,"herd_immunity":0.9381365116,"obs_comp":0.9377504047},"('mean', 2, 0.333333, 0.01, 0.05)":{"counter_culture":0.0011318932,"herd_immunity":0.9386963433,"obs_comp":0.9375084962},"('mean', 2, 0.333333, 0.01, 0.075)":{"counter_culture":0.0012750405,"herd_immunity":0.9379868937,"obs_comp":0.936263115},"('mean', 2, 0.333333, 0.01, 0.1)":{"counter_culture":0.0014875987,"herd_immunity":0.9371585771,"obs_comp":0.9344595624},"('mean', 2, 0.333333, 0.01, 0.125)":{"counter_culture":0.0014042849,"herd_immunity":0.9372333122,"obs_comp":0.9335582496},"('mean', 2, 0.333333, 0.01, 0.15)":{"counter_culture":0.0014833764,"herd_immunity":0.9367737253,"obs_comp":0.9321723987},"('mean', 2, 0.333333, 0.01, 0.175)":{"counter_culture":0.0015838884,"herd_immunity":0.9360676989,"obs_comp":0.930256697},"('mean', 2, 0.333333, 0.01, 0.2)":{"counter_culture":0.0017647277,"herd_immunity":0.9360724471,"obs_comp":0.9292656854},"('mean', 2, 0.333333, 0.01, 0.225)":{"counter_culture":0.0016917123,"herd_immunity":0.9355137426,"obs_comp":0.9276074428},"('mean', 2, 0.333333, 0.01, 0.25)":{"counter_culture":0.0018598846,"herd_immunity":0.9344888586,"obs_comp":0.9256961694},"('mean', 2, 0.333333, 0.01, 0.275)":{"counter_culture":0.0021610087,"herd_immunity":0.9343016428,"obs_comp":0.9236100298},"('mean', 2, 0.333333, 0.01, 0.3)":{"counter_culture":0.0021526671,"herd_immunity":0.9339065199,"obs_comp":0.9220837092},"('mean', 2, 0.333333, 0.01, 0.325)":{"counter_culture":0.0023652253,"herd_immunity":0.9339555794,"obs_comp":0.9204834464},"('mean', 2, 0.333333, 0.01, 0.35)":{"counter_culture":0.0027799404,"herd_immunity":0.9321450564,"obs_comp":0.9172575868},"('mean', 2, 0.333333, 0.01, 0.375)":{"counter_culture":0.0030104178,"herd_immunity":0.9319873519,"obs_comp":0.9153542431},"('mean', 2, 0.333333, 0.01, 0.4)":{"counter_culture":0.0033012436,"herd_immunity":0.9318635168,"obs_comp":0.9135214433},"('mean', 2, 0.333333, 0.01, 0.425)":{"counter_culture":0.0037762042,"herd_immunity":0.9315534784,"obs_comp":0.9110043171},"('mean', 2, 0.333333, 0.01, 0.45)":{"counter_culture":0.0045382831,"herd_immunity":0.930000618,"obs_comp":0.9076412833},"('mean', 2, 0.333333, 0.01, 0.475)":{"counter_culture":0.0051143736,"herd_immunity":0.9295566489,"obs_comp":0.9045039896},"('mean', 2, 0.333333, 0.01, 0.5)":{"counter_culture":0.0066874488,"herd_immunity":0.9285799119,"obs_comp":0.901315925},"('mean', 2, 0.333333, 0.01, 0.525)":{"counter_culture":0.0073308906,"herd_immunity":0.928762273,"obs_comp":0.8985650259},"('mean', 2, 0.333333, 0.01, 0.55)":{"counter_culture":0.0088259041,"herd_immunity":0.9276134681,"obs_comp":0.8942988256},"('mean', 2, 0.333333, 0.01, 0.575)":{"counter_culture":0.0109219302,"herd_immunity":0.927474956,"obs_comp":0.8907688553},"('mean', 2, 0.333333, 0.01, 0.6)":{"counter_culture":0.0141233826,"herd_immunity":0.9262978452,"obs_comp":0.886766396},"('mean', 2, 0.333333, 0.01, 0.625)":{"counter_culture":0.0181393327,"herd_immunity":0.9260213199,"obs_comp":0.8820147308},"('mean', 2, 0.333333, 0.01, 0.65)":{"counter_culture":0.0225808113,"herd_immunity":0.9254471814,"obs_comp":0.8779443023},"('mean', 2, 0.333333, 0.01, 0.675)":{"counter_culture":0.0312459579,"herd_immunity":0.9247691545,"obs_comp":0.871380125},"('mean', 2, 0.333333, 0.01, 0.7)":{"counter_culture":0.0399514741,"herd_immunity":0.9232913048,"obs_comp":0.8651990468},"('mean', 2, 0.333333, 0.01, 0.725)":{"counter_culture":0.051472872,"herd_immunity":0.9231007767,"obs_comp":0.8582737058},"('mean', 2, 0.333333, 0.01, 0.75)":{"counter_culture":0.0628049861,"herd_immunity":0.9227385583,"obs_comp":0.8514245727},"('mean', 2, 0.333333, 0.01, 0.775)":{"counter_culture":0.0764140684,"herd_immunity":0.9209405387,"obs_comp":0.8424884761},"('mean', 2, 0.333333, 0.01, 0.8)":{"counter_culture":0.0911000507,"herd_immunity":0.9206998967,"obs_comp":0.8327575518},"('mean', 2, 0.333333, 0.01, 0.825)":{"counter_culture":0.1057522543,"herd_immunity":0.9206759867,"obs_comp":0.8228749325},"('mean', 2, 0.333333, 0.01, 0.85)":{"counter_culture":0.1255716622,"herd_immunity":0.9197457211,"obs_comp":0.8087261129},"('mean', 2, 0.333333, 0.01, 0.875)":{"counter_culture":0.1474342655,"herd_immunity":0.9179707712,"obs_comp":0.7925418217},"('mean', 2, 0.333333, 0.01, 0.9)":{"counter_culture":0.1717100846,"herd_immunity":0.9182424551,"obs_comp":0.7740072377},"('mean', 2, 0.333333, 0.01, 0.925)":{"counter_culture":0.1992574879,"herd_immunity":0.9170827764,"obs_comp":0.7517807931},"('mean', 2, 0.333333, 0.01, 0.95)":{"counter_culture":0.2352601573,"herd_immunity":0.9178247711,"obs_comp":0.7221580634},"('mean', 2, 0.333333, 0.01, 0.975)":{"counter_culture":0.2792310829,"herd_immunity":0.9141262396,"obs_comp":0.6840709022},"('mean', 2, 0.333333, 0.01, 1.0)":{"counter_culture":0.3368725722,"herd_immunity":null,"obs_comp":0.6329087318}}