{"('mean', 2, 0.333333, 0.01, 0.0)":{"counter_culture":0.0006478013,"herd_immunity":0.9478079582,"obs_comp":0.9483061279},"('mean', 2, 0.333333, 0.01, 0.025)":{"counter_culture":0.0006515922,"herd_immunity":0.9469226919,"obs_comp":0.9466256355},"('mean', 2, 0.333333, 0.01, 0.05)":{"counter_culture":0.0007013201,"herd_immunity":0.9461541518,"obs_comp":0.9451364731},"('mean', 2, 0.333333, 0.01, 0.075)":{"counter_culture":0.0007300865,"herd_immunity":0.9464906662,"obs_comp":0.9444280171},"('mean', 2, 0.333333, 0.01, 0.1)":{"counter_culture":0.0008081349,"herd_immunity":0.9456002845,"obs_comp":0.9429765409},"('mean', 2, 0.333333, 0.01, 0.125)":{"counter_culture":0.0007673267,"herd_immunity":0.944570776,"obs_comp":0.9409477299},"('mean', 2, 0.333333, 0.01, 0.15)":{"counter_culture":0.0008406922,"herd_immunity":0.9446032465,"obs_comp":0.9401520828},"('mean', 2, 0.333333, 0.01, 0.175)":{"counter_culture":0.0009180715,"herd_immunity":0.9440148153,"obs_comp":0.938582642},"('mean', 2, 0.333333, 0.01, 0.2)":{"counter_culture":0.0009051378,"herd_immunity":0.9437476388,"obs_comp":0.9373048791},"('mean', 2, 0.333333, 0.01, 0.225)":{"counter_culture":0.0009370261,"herd_immunity":0.943765065,"obs_comp":0.9359934439},"('mean', 2, 0.333333, 0.01, 0.25)":{"counter_culture":0.0010592275,"herd_immunity":0.9425085596,"obs_comp":0.9336577915},"('mean', 2, 0.333333, 0.01, 0.275)":{"counter_culture":0.0010768442,"herd_immunity":0.9422123889,"obs_comp":0.9319911248},"('mean', 2, 0.333333, 0.01, 0.3)":{"counter_culture":0.0014075462,"herd_immunity":0.9420197612,"obs_comp":0.9305998573},"('mean', 2, 0.333333, 0.01, 0.325)":{"counter_culture":0.0014784587,"herd_immunity":0.9414182516,"obs_comp":0.9283429221},"('mean', 2, 0.333333, 0.01, 0.35)":{"counter_culture":0.0017716974,"herd_immunity":0.9403452137,"obs_comp":0.9255392026},"('mean', 2, 0.333333, 0.01, 0.375)":{"counter_culture":0.0016894122,"herd_immunity":0.9399721835,"obs_comp":0.9244688253},"('mean', 2, 0.333333, 0.01, 0.4)":{"counter_culture":0.0023394434,"herd_immunity":0.9395479609,"obs_comp":0.9214570511},"('mean', 2, 0.333333, 0.01, 0.425)":{"counter_culture":0.0026739363,"herd_immunity":0.9381170749,"obs_comp":0.9188812327},"('mean', 2, 0.333333, 0.01, 0.45)":{"counter_culture":0.0028204442,"herd_immunity":0.9382430252,"obs_comp":0.9167658996},"('mean', 2, 0.333333, 0.01, 0.475)":{"counter_culture":0.0034024619,"herd_immunity":0.9379382541,"obs_comp":0.913916466},"('mean', 2, 0.333333, 0.01, 0.5)":{"counter_culture":0.0041104719,"herd_immunity":0.9377232223,"obs_comp":0.9112824458},"('mean', 2, 0.333333, 0.01, 0.525)":{"counter_culture":0.0049032201,"herd_immunity":0.9367924718,"obs_comp":0.9085030327},"('mean', 2, 0.333333, 0.01, 0.55)":{"counter_culture":0.0061198823,"herd_immunity":0.9359861527,"obs_comp":0.9045778699},"('mean', 2, 0.333333, 0.01, 0.575)":{"counter_culture":0.0077502007,"herd_immunity":0.9351852487,"obs_comp":0.9007485951},"('mean', 2, 0.333333, 0.01, 0.6)":{"counter_culture":0.0087400767,"herd_immunity":0.9355820719,"obs_comp":0.898115467},"('mean', 2, 0.333333, 0.01, 0.625)":{"counter_culture":0.0125399162,"herd_immunity":0.9339596504,"obs_comp":0.8920606993},"('mean', 2, 0.333333, 0.01, 0.65)":{"counter_culture":0.0138959504,"herd_immunity":0.9346013486,"obs_comp":0.8896010615},"('mean', 2, 0.333333, 0.01, 0.675)":{"counter_culture":0.0183714655,"herd_immunity":0.933090208,"obs_comp":0.8828530015},"('mean', 2, 0.333333, 0.01, 0.7)":{"counter_culture":0.0249248506,"herd_immunity":0.9318511346,"obs_comp":0.8764907234},"('mean', 2, 0.333333, 0.01, 0.725)":{"counter_culture":0.0315716707,"herd_immunity":0.9313568552,"obs_comp":0.8709740434},"('mean', 2, 0.333333, 0.01, 0.75)":{"counter_culture":0.0439925074,"herd_immunity":0.9299213873,"obs_comp":0.8619601284},"('mean', 2, 0.333333, 0.01, 0.775)":{"counter_culture":0.0557762465,"herd_immunity":0.9298348024,"obs_comp":0.8548943002},"('mean', 2, 0.333333, 0.01, 0.8)":{"counter_culture":0.0708518419,"herd_immunity":0.9279684193,"obs_comp":0.8452858799},"('mean', 2, 0.333333, 0.01, 0.825)":{"counter_culture":0.0844764071,"herd_immunity":0.9286646291,"obs_comp":0.8366187227},"('mean', 2, 0.333333, 0.01, 0.85)":{"counter_culture":0.1033895281,"herd_immunity":0.92777125,"obs_comp":0.823820132},"('mean', 2, 0.333333, 0.01, 0.875)":{"counter_culture":0.1281507002,"herd_immunity":0.9261331091,"obs_comp":0.80627531},"('mean', 2, 0.333333, 0.01, 0.9)":{"counter_culture":0.1577522077,"herd_immunity":0.9245193302,"obs_comp":0.7843365891},"('mean', 2, 0.333333, 0.01, 0.925)":{"counter_culture":0.1870794309,"herd_immunity":0.9242483525,"obs_comp":0.7615955312},"('mean', 2, 0.333333, 0.01, 0.95)":{"counter_culture":0.224196994,"herd_immunity":0.9247278708,"obs_comp":0.7316240746},"('mean', 2, 0.333333, 0.01, 0.975)":{"counter_culture":0.2810271162,"herd_immunity":0.9225897073,"obs_comp":0.6833297654},"('mean', 2, 0.333333, 0.01, 1.0)":{"counter_culture":0.3581959682,"herd_immunity":null,"obs_comp":0.6153931407}}