{"('mean', 2, 0.333333, 0.01, 0.0)":{"counter_culture":0.0001568773,"herd_immunity":0.9768781204,"obs_comp":0.9769583084},"('mean', 2, 0.333333, 0.01, 0.025)":{"counter_culture":0.0001691199,"herd_immunity":0.9765059549,"obs_comp":0.9762116941},"('mean', 2, 0.333333, 0.01, 0.05)":{"counter_culture":0.0001647543,"herd_immunity":0.9760734231,"obs_comp":0.975459006},"('mean', 2, 0.333333, 0.01, 0.075)":{"counter_culture":0.0001750989,"herd_immunity":0.9759471377,"obs_comp":0.9747556682},"('mean', 2, 0.333333, 0.01, 0.1)":{"counter_culture":0.0001851588,"herd_immunity":0.9756239266,"obs_comp":0.9738759977},"('mean', 2, 0.333333, 0.01, 0.125)":{"counter_culture":0.0001741499,"herd_immunity":0.9755751084,"obs_comp":0.9732674696},"('mean', 2, 0.333333, 0.01, 0.15)":{"counter_culture":0.0001899041,"herd_immunity":0.9750354882,"obs_comp":0.9721655326},"('mean', 2, 0.333333, 0.01, 0.175)":{"counter_culture":0.000197876,"herd_immunity":0.9749158417,"obs_comp":0.9714114208},"('mean', 2, 0.333333, 0.01, 0.2)":{"counter_culture":0.0001963576,"herd_immunity":0.9746446858,"obs_comp":0.9707155805},"('mean', 2, 0.333333, 0.01, 0.225)":{"counter_culture":0.000199869,"herd_immunity":0.974662268,"obs_comp":0.9698023138},"('mean', 2, 0.333333, 0.01, 0.25)":{"counter_culture":0.0002081257,"herd_immunity":0.974176713,"obs_comp":0.9686965806},"('mean', 2, 0.333333, 0.01, 0.275)":{"counter_culture":0.0002173315,"herd_immunity":0.9740431503,"obs_comp":0.9676872704},"('mean', 2, 0.333333, 0.01, 0.3)":{"counter_culture":0.0002325162,"herd_immunity":0.9736916887,"obs_comp":0.9665603735},"('mean', 2, 0.333333, 0.01, 0.325)":{"counter_culture":0.0002340347,"herd_immunity":0.9731308653,"obs_comp":0.9651117501},"('mean', 2, 0.333333, 0.01, 0.35)":{"counter_culture":0.000252636,"herd_immunity":0.972751346,"obs_comp":0.9637451243},"('mean', 2, 0.333333, 0.01, 0.375)":{"counter_culture":0.0002667768,"herd_immunity":0.972464984,"obs_comp":0.9624060207},"('mean', 2, 0.333333, 0.01, 0.4)":{"counter_culture":0.0002665869,"herd_immunity":0.9725446497,"obs_comp":0.9612194289},"('mean', 2, 0.333333, 0.01, 0.425)":{"counter_culture":0.0002948685,"herd_immunity":0.9719094936,"obs_comp":0.9592940049},"('mean', 2, 0.333333, 0.01, 0.45)":{"counter_culture":0.0003117615,"herd_immunity":0.9718749392,"obs_comp":0.9580239919},"('mean', 2, 0.333333, 0.01, 0.475)":{"counter_culture":0.0003347284,"herd_immunity":0.9713313551,"obs_comp":0.9559359015},"('mean', 2, 0.333333, 0.01, 0.5)":{"counter_culture":0.0003536144,"herd_immunity":0.9710094602,"obs_comp":0.9539276258},"('mean', 2, 0.333333, 0.01, 0.525)":{"counter_culture":0.0003892986,"herd_immunity":0.9707832615,"obs_comp":0.9517860092},"('mean', 2, 0.333333, 0.01, 0.55)":{"counter_culture":0.0004339986,"herd_immunity":0.9700968036,"obs_comp":0.9492349742},"('mean', 2, 0.333333, 0.01, 0.575)":{"counter_culture":0.0004990082,"herd_immunity":0.9698183664,"obs_comp":0.9468552421},"('mean', 2, 0.333333, 0.01, 0.6)":{"counter_culture":0.0005962854,"herd_immunity":0.9694568376,"obs_comp":0.9439480303},"('mean', 2, 0.333333, 0.01, 0.625)":{"counter_culture":0.0007097913,"herd_immunity":0.9691767903,"obs_comp":0.9409172527},"('mean', 2, 0.333333, 0.01, 0.65)":{"counter_culture":0.0009118431,"herd_immunity":0.9692737071,"obs_comp":0.9379443669},"('mean', 2, 0.333333, 0.01, 0.675)":{"counter_culture":0.0013165162,"herd_immunity":0.9681503413,"obs_comp":0.9334228283},"('mean', 2, 0.333333, 0.01, 0.7)":{"counter_culture":0.0021326007,"herd_immunity":0.9683201892,"obs_comp":0.9293588247},"('mean', 2, 0.333333, 0.01, 0.725)":{"counter_culture":0.0042688077,"herd_immunity":0.9676682399,"obs_comp":0.9242851313},"('mean', 2, 0.333333, 0.01, 0.75)":{"counter_culture":0.008757794,"herd_immunity":0.967446385,"obs_comp":0.9187571297},"('mean', 2, 0.333333, 0.01, 0.775)":{"counter_culture":0.0180551206,"herd_immunity":0.9664986062,"obs_comp":0.9115231235},"('mean', 2, 0.333333, 0.01, 0.8)":{"counter_culture":0.0289563344,"herd_immunity":0.9662880974,"obs_comp":0.9043770938},"('mean', 2, 0.333333, 0.01, 0.825)":{"counter_culture":0.0446383661,"herd_immunity":0.9657636669,"obs_comp":0.8943843066},"('mean', 2, 0.333333, 0.01, 0.85)":{"counter_culture":0.0595720753,"herd_immunity":0.9655861219,"obs_comp":0.8839828602},"('mean', 2, 0.333333, 0.01, 0.875)":{"counter_culture":0.0800632064,"herd_immunity":0.9649220185,"obs_comp":0.8693503782},"('mean', 2, 0.333333, 0.01, 0.9)":{"counter_culture":0.1038521766,"herd_immunity":0.9646023104,"obs_comp":0.8519355788},"('mean', 2, 0.333333, 0.01, 0.925)":{"counter_culture":0.132808511,"herd_immunity":0.9644842303,"obs_comp":0.8289253955},"('mean', 2, 0.333333, 0.01, 0.95)":{"counter_culture":0.1759277397,"herd_immunity":0.9638814515,"obs_comp":0.7930630451},"('mean', 2, 0.333333, 0.01, 0.975)":{"counter_culture":0.2354976321,"herd_immunity":0.9638255527,"obs_comp":0.7407635073},"('mean', 2, 0.333333, 0.01, 1.0)":{"counter_culture":0.3429539048,"herd_immunity":null,"obs_comp":0.6418837609}}