{"('mean', 2, 0.333333, 0.01, 0.0)":{"counter_culture":0.0001512977,"herd_immunity":0.9819927161,"obs_comp":0.9821006738},"('mean', 2, 0.333333, 0.01, 0.025)":{"counter_culture":0.0001543045,"herd_immunity":0.9816549931,"obs_comp":0.981463228},"('mean', 2, 0.333333, 0.01, 0.05)":{"counter_culture":0.0001558079,"herd_immunity":0.9815953115,"obs_comp":0.9810240956},"('mean', 2, 0.333333, 0.01, 0.075)":{"counter_culture":0.0001589514,"herd_immunity":0.9814687432,"obs_comp":0.9805763527},"('mean', 2, 0.333333, 0.01, 0.1)":{"counter_culture":0.0001638717,"herd_immunity":0.9807642381,"obs_comp":0.97960761},"('mean', 2, 0.333333, 0.01, 0.125)":{"counter_culture":0.0001618216,"herd_immunity":0.9808059648,"obs_comp":0.9792086596},"('mean', 2, 0.333333, 0.01, 0.15)":{"counter_culture":0.0001656484,"herd_immunity":0.9807004161,"obs_comp":0.9785937649},"('mean', 2, 0.333333, 0.01, 0.175)":{"counter_culture":0.0001776757,"herd_immunity":0.9804072765,"obs_comp":0.9778961827},"('mean', 2, 0.333333, 0.01, 0.2)":{"counter_culture":0.0001754889,"herd_immunity":0.9801675242,"obs_comp":0.9772439761},"('mean', 2, 0.333333, 0.01, 0.225)":{"counter_culture":0.0001794525,"herd_immunity":0.9801560317,"obs_comp":0.9765226127},"('mean', 2, 0.333333, 0.01, 0.25)":{"counter_culture":0.000190113,"herd_immunity":0.9798140893,"obs_comp":0.9758768297},"('mean', 2, 0.333333, 0.01, 0.275)":{"counter_culture":0.0001936665,"herd_immunity":0.9795029975,"obs_comp":0.9748284062},"('mean', 2, 0.333333, 0.01, 0.3)":{"counter_culture":0.0001991335,"herd_immunity":0.9795614073,"obs_comp":0.9742569738},"('mean', 2, 0.333333, 0.01, 0.325)":{"counter_culture":0.0002192245,"herd_immunity":0.979033713,"obs_comp":0.9730359315},"('mean', 2, 0.333333, 0.01, 0.35)":{"counter_culture":0.000222778,"herd_immunity":0.9792137865,"obs_comp":0.9725221753},"('mean', 2, 0.333333, 0.01, 0.375)":{"counter_culture":0.0002343953,"herd_immunity":0.9789347993,"obs_comp":0.9712809053},"('mean', 2, 0.333333, 0.01, 0.4)":{"counter_culture":0.0002443725,"herd_immunity":0.9783971796,"obs_comp":0.970040182},"('mean', 2, 0.333333, 0.01, 0.425)":{"counter_culture":0.0002607733,"herd_immunity":0.9781169819,"obs_comp":0.9688399142},"('mean', 2, 0.333333, 0.01, 0.45)":{"counter_culture":0.0002782675,"herd_immunity":0.9776264677,"obs_comp":0.9676494868},"('mean', 2, 0.333333, 0.01, 0.475)":{"counter_culture":0.0002890647,"herd_immunity":0.9779225811,"obs_comp":0.9665569177},"('mean', 2, 0.333333, 0.01, 0.5)":{"counter_culture":0.0003200897,"herd_immunity":0.9771976786,"obs_comp":0.9645464485},"('mean', 2, 0.333333, 0.01, 0.525)":{"counter_culture":0.0003412741,"herd_immunity":0.9771712365,"obs_comp":0.9630236309},"('mean', 2, 0.333333, 0.01, 0.55)":{"counter_culture":0.0003774926,"herd_immunity":0.9774007174,"obs_comp":0.9616197193},"('mean', 2, 0.333333, 0.01, 0.575)":{"counter_culture":0.0004511597,"herd_immunity":0.9765298259,"obs_comp":0.9594992278},"('mean', 2, 0.333333, 0.01, 0.6)":{"counter_culture":0.0005073325,"herd_immunity":0.9763883467,"obs_comp":0.9570792844},"('mean', 2, 0.333333, 0.01, 0.625)":{"counter_culture":0.0006066943,"herd_immunity":0.9764549963,"obs_comp":0.9545936009},"('mean', 2, 0.333333, 0.01, 0.65)":{"counter_culture":0.000691842,"herd_immunity":0.9757392175,"obs_comp":0.9519516995},"('mean', 2, 0.333333, 0.01, 0.675)":{"counter_culture":0.0009027294,"herd_immunity":0.9752647178,"obs_comp":0.9490570886},"('mean', 2, 0.333333, 0.01, 0.7)":{"counter_culture":0.0011274208,"herd_immunity":0.9749084175,"obs_comp":0.9454911367},"('mean', 2, 0.333333, 0.01, 0.725)":{"counter_culture":0.0017148441,"herd_immunity":0.9750831309,"obs_comp":0.9411643227},"('mean', 2, 0.333333, 0.01, 0.75)":{"counter_culture":0.0031913294,"herd_immunity":0.9745785235,"obs_comp":0.9364477155},"('mean', 2, 0.333333, 0.01, 0.775)":{"counter_culture":0.0062586959,"herd_immunity":0.9744911349,"obs_comp":0.9312571241},"('mean', 2, 0.333333, 0.01, 0.8)":{"counter_culture":0.0142122815,"herd_immunity":0.9738038483,"obs_comp":0.9243940574},"('mean', 2, 0.333333, 0.01, 0.825)":{"counter_culture":0.0260169202,"herd_immunity":0.9738925927,"obs_comp":0.9166390586},"('mean', 2, 0.333333, 0.01, 0.85)":{"counter_culture":0.0402327552,"herd_immunity":0.9739439234,"obs_comp":0.9071831563},"('mean', 2, 0.333333, 0.01, 0.875)":{"counter_culture":0.0596669263,"herd_immunity":0.9736203898,"obs_comp":0.8936953818},"('mean', 2, 0.333333, 0.01, 0.9)":{"counter_culture":0.0809613624,"herd_immunity":0.9728397175,"obs_comp":0.8776466166},"('mean', 2, 0.333333, 0.01, 0.925)":{"counter_culture":0.1118352536,"herd_immunity":0.9717941689,"obs_comp":0.8534068638},"('mean', 2, 0.333333, 0.01, 0.95)":{"counter_culture":0.15281083,"herd_immunity":0.9717644259,"obs_comp":0.8188319871},"('mean', 2, 0.333333, 0.01, 0.975)":{"counter_culture":0.2169603783,"herd_immunity":0.9724254243,"obs_comp":0.7615696967},"('mean', 2, 0.333333, 0.01, 1.0)":{"counter_culture":0.3385944483,"herd_immunity":null,"obs_comp":0.6479765468}}