{"('mean', 2, 0.333333, 0.01, 0.0)":{"counter_culture":0.0002875783,"herd_immunity":0.9740296231,"obs_comp":0.9741865472},"('mean', 2, 0.333333, 0.01, 0.025)":{"counter_culture":0.0002881193,"herd_immunity":0.9735664252,"obs_comp":0.9733147241},"('mean', 2, 0.333333, 0.01, 0.05)":{"counter_culture":0.0003017517,"herd_immunity":0.9733647912,"obs_comp":0.9727649929},"('mean', 2, 0.333333, 0.01, 0.075)":{"counter_culture":0.0002937453,"herd_immunity":0.9732022134,"obs_comp":0.9720913802},"('mean', 2, 0.333333, 0.01, 0.1)":{"counter_culture":0.000298614,"herd_immunity":0.9729704111,"obs_comp":0.9712583985},"('mean', 2, 0.333333, 0.01, 0.125)":{"counter_culture":0.0003112727,"herd_immunity":0.9726638896,"obs_comp":0.9704693434},"('mean', 2, 0.333333, 0.01, 0.15)":{"counter_culture":0.0003134365,"herd_immunity":0.9723684472,"obs_comp":0.9696087723},"('mean', 2, 0.333333, 0.01, 0.175)":{"counter_culture":0.0003228494,"herd_immunity":0.9720627836,"obs_comp":0.9686694364},"('mean', 2, 0.333333, 0.01, 0.2)":{"counter_culture":0.0003238231,"herd_immunity":0.9716367482,"obs_comp":0.9677728369},"('mean', 2, 0.333333, 0.01, 0.225)":{"counter_culture":0.0003252296,"herd_immunity":0.9715366557,"obs_comp":0.9668847847},"('mean', 2, 0.333333, 0.01, 0.25)":{"counter_culture":0.0003361572,"herd_immunity":0.9708719362,"obs_comp":0.9655937118},"('mean', 2, 0.333333, 0.01, 0.275)":{"counter_culture":0.0003516289,"herd_immunity":0.9708556764,"obs_comp":0.9647864801},"('mean', 2, 0.333333, 0.01, 0.3)":{"counter_culture":0.0003611499,"herd_immunity":0.9705842105,"obs_comp":0.9634654376},"('mean', 2, 0.333333, 0.01, 0.325)":{"counter_culture":0.0003648285,"herd_immunity":0.9701751211,"obs_comp":0.9624697329},"('mean', 2, 0.333333, 0.01, 0.35)":{"counter_culture":0.0003827886,"herd_immunity":0.9697862936,"obs_comp":0.9611304056},"('mean', 2, 0.333333, 0.01, 0.375)":{"counter_culture":0.0004050764,"herd_immunity":0.9694305302,"obs_comp":0.9596876454},"('mean', 2, 0.333333, 0.01, 0.4)":{"counter_culture":0.0004043191,"herd_immunity":0.9690917411,"obs_comp":0.9582425049},"('mean', 2, 0.333333, 0.01, 0.425)":{"counter_culture":0.0004209809,"herd_immunity":0.9692858819,"obs_comp":0.9569997944},"('mean', 2, 0.333333, 0.01, 0.45)":{"counter_culture":0.0004377509,"herd_immunity":0.9690364996,"obs_comp":0.9556182717},"('mean', 2, 0.333333, 0.01, 0.475)":{"counter_culture":0.000468586,"herd_immunity":0.9680403792,"obs_comp":0.9532597618},"('mean', 2, 0.333333, 0.01, 0.5)":{"counter_culture":0.0004897919,"herd_immunity":0.9684227081,"obs_comp":0.9518139721},"('mean', 2, 0.333333, 0.01, 0.525)":{"counter_culture":0.0005573047,"herd_immunity":0.9675697923,"obs_comp":0.9494386922},"('mean', 2, 0.333333, 0.01, 0.55)":{"counter_culture":0.0006340139,"herd_immunity":0.9674806311,"obs_comp":0.9471719303},"('mean', 2, 0.333333, 0.01, 0.575)":{"counter_culture":0.000754866,"herd_immunity":0.9665832341,"obs_comp":0.9442415095},"('mean', 2, 0.333333, 0.01, 0.6)":{"counter_culture":0.0008844818,"herd_immunity":0.9666515177,"obs_comp":0.9422122324},"('mean', 2, 0.333333, 0.01, 0.625)":{"counter_culture":0.0012409794,"herd_immunity":0.9664360578,"obs_comp":0.9391344521},"('mean', 2, 0.333333, 0.01, 0.65)":{"counter_culture":0.0018487022,"herd_immunity":0.9660932595,"obs_comp":0.9356680407},"('mean', 2, 0.333333, 0.01, 0.675)":{"counter_culture":0.0027622881,"herd_immunity":0.9654479836,"obs_comp":0.9316543867},"('mean', 2, 0.333333, 0.01, 0.7)":{"counter_culture":0.0043980655,"herd_immunity":0.9652300187,"obs_comp":0.9279919288},"('mean', 2, 0.333333, 0.01, 0.725)":{"counter_culture":0.0079341534,"herd_immunity":0.9644613557,"obs_comp":0.9225563959},"('mean', 2, 0.333333, 0.01, 0.75)":{"counter_culture":0.0129550889,"herd_immunity":0.9642321152,"obs_comp":0.9173250241},"('mean', 2, 0.333333, 0.01, 0.775)":{"counter_culture":0.021310656,"herd_immunity":0.9637720557,"obs_comp":0.9106028541},"('mean', 2, 0.333333, 0.01, 0.8)":{"counter_culture":0.0321104223,"herd_immunity":0.9639213614,"obs_comp":0.9033411233},"('mean', 2, 0.333333, 0.01, 0.825)":{"counter_culture":0.0454636632,"herd_immunity":0.963454753,"obs_comp":0.8942807838},"('mean', 2, 0.333333, 0.01, 0.85)":{"counter_culture":0.0616326398,"herd_immunity":0.963128582,"obs_comp":0.8831723414},"('mean', 2, 0.333333, 0.01, 0.875)":{"counter_culture":0.0803057548,"herd_immunity":0.9627836856,"obs_comp":0.8698228873},"('mean', 2, 0.333333, 0.01, 0.9)":{"counter_culture":0.1053288541,"herd_immunity":0.9616284164,"obs_comp":0.8508352538},"('mean', 2, 0.333333, 0.01, 0.925)":{"counter_culture":0.1354993671,"herd_immunity":0.9612622709,"obs_comp":0.8268926829},"('mean', 2, 0.333333, 0.01, 0.95)":{"counter_culture":0.1775423848,"herd_immunity":0.9605884646,"obs_comp":0.7914475207},"('mean', 2, 0.333333, 0.01, 0.975)":{"counter_culture":0.2384799896,"herd_immunity":0.9606851352,"obs_comp":0.7374205589},"('mean', 2, 0.333333, 0.01, 1.0)":{"counter_culture":0.3434450972,"herd_immunity":null,"obs_comp":0.640428338}}