{"('mean', 2, 0.333333, 0.01, 0.0)":{"counter_culture":0.0002908291,"herd_immunity":0.9662040195,"obs_comp":0.966431743},"('mean', 2, 0.333333, 0.01, 0.025)":{"counter_culture":0.0002948656,"herd_immunity":0.9661874027,"obs_comp":0.9659851054},"('mean', 2, 0.333333, 0.01, 0.05)":{"counter_culture":0.0002956729,"herd_immunity":0.9657660334,"obs_comp":0.9648108904},"('mean', 2, 0.333333, 0.01, 0.075)":{"counter_culture":0.0003057641,"herd_immunity":0.9659596966,"obs_comp":0.9643372084},"('mean', 2, 0.333333, 0.01, 0.1)":{"counter_culture":0.0003235247,"herd_immunity":0.9649187575,"obs_comp":0.962816259},"('mean', 2, 0.333333, 0.01, 0.125)":{"counter_culture":0.0003313958,"herd_immunity":0.9644110949,"obs_comp":0.9615641398},"('mean', 2, 0.333333, 0.01, 0.15)":{"counter_culture":0.0003289739,"herd_immunity":0.9643449604,"obs_comp":0.9607080003},"('mean', 2, 0.333333, 0.01, 0.175)":{"counter_culture":0.0003439089,"herd_immunity":0.9640312647,"obs_comp":0.9598310729},"('mean', 2, 0.333333, 0.01, 0.2)":{"counter_culture":0.0003630823,"herd_immunity":0.9637508919,"obs_comp":0.9585212319},"('mean', 2, 0.333333, 0.01, 0.225)":{"counter_culture":0.0003695406,"herd_immunity":0.9639185098,"obs_comp":0.957786389},"('mean', 2, 0.333333, 0.01, 0.25)":{"counter_culture":0.0003830629,"herd_immunity":0.9631657469,"obs_comp":0.9561996448},"('mean', 2, 0.333333, 0.01, 0.275)":{"counter_culture":0.0004074837,"herd_immunity":0.962682231,"obs_comp":0.9545987729},"('mean', 2, 0.333333, 0.01, 0.3)":{"counter_culture":0.0004145475,"herd_immunity":0.9624330226,"obs_comp":0.953501655},"('mean', 2, 0.333333, 0.01, 0.325)":{"counter_culture":0.0004458303,"herd_immunity":0.9620635486,"obs_comp":0.9518949302},"('mean', 2, 0.333333, 0.01, 0.35)":{"counter_culture":0.0004805441,"herd_immunity":0.961525861,"obs_comp":0.9503017276},"('mean', 2, 0.333333, 0.01, 0.375)":{"counter_culture":0.0005322112,"herd_immunity":0.9608245899,"obs_comp":0.9484830871},"('mean', 2, 0.333333, 0.01, 0.4)":{"counter_culture":0.0005263583,"herd_immunity":0.9602642133,"obs_comp":0.9465667635},"('mean', 2, 0.333333, 0.01, 0.425)":{"counter_culture":0.0005727779,"herd_immunity":0.9605101455,"obs_comp":0.9450363284},"('mean', 2, 0.333333, 0.01, 0.45)":{"counter_culture":0.0006510858,"herd_immunity":0.9600499066,"obs_comp":0.9427605554},"('mean', 2, 0.333333, 0.01, 0.475)":{"counter_culture":0.0007788407,"herd_immunity":0.9589519278,"obs_comp":0.9398565028},"('mean', 2, 0.333333, 0.01, 0.5)":{"counter_culture":0.0007927666,"herd_immunity":0.9597592658,"obs_comp":0.9384913619},"('mean', 2, 0.333333, 0.01, 0.525)":{"counter_culture":0.000939493,"herd_immunity":0.9592215152,"obs_comp":0.9355806491},"('mean', 2, 0.333333, 0.01, 0.55)":{"counter_culture":0.0010714862,"herd_immunity":0.9582092748,"obs_comp":0.9325060547},"('mean', 2, 0.333333, 0.01, 0.575)":{"counter_culture":0.001290264,"herd_immunity":0.9578439494,"obs_comp":0.9294427626},"('mean', 2, 0.333333, 0.01, 0.6)":{"counter_culture":0.0017358925,"herd_immunity":0.957340496,"obs_comp":0.9260482764},"('mean', 2, 0.333333, 0.01, 0.625)":{"counter_culture":0.0024737628,"herd_immunity":0.9571110818,"obs_comp":0.9221786954},"('mean', 2, 0.333333, 0.01, 0.65)":{"counter_culture":0.0036816824,"herd_immunity":0.9557731123,"obs_comp":0.9176255348},"('mean', 2, 0.333333, 0.01, 0.675)":{"counter_culture":0.0057247518,"herd_immunity":0.956291299,"obs_comp":0.9132217244},"('mean', 2, 0.333333, 0.01, 0.7)":{"counter_culture":0.0099767902,"herd_immunity":0.9561897347,"obs_comp":0.9082156697},"('mean', 2, 0.333333, 0.01, 0.725)":{"counter_culture":0.0159562444,"herd_immunity":0.955627958,"obs_comp":0.9022549851},"('mean', 2, 0.333333, 0.01, 0.75)":{"counter_culture":0.0259443368,"herd_immunity":0.9550565558,"obs_comp":0.8952137321},"('mean', 2, 0.333333, 0.01, 0.775)":{"counter_culture":0.039840155,"herd_immunity":0.9538897678,"obs_comp":0.8864710987},"('mean', 2, 0.333333, 0.01, 0.8)":{"counter_culture":0.0550454105,"herd_immunity":0.9533798017,"obs_comp":0.876473117},"('mean', 2, 0.333333, 0.01, 0.825)":{"counter_culture":0.0698199726,"herd_immunity":0.9536096797,"obs_comp":0.8668690966},"('mean', 2, 0.333333, 0.01, 0.85)":{"counter_culture":0.087839267,"herd_immunity":0.9526292294,"obs_comp":0.8542954307},"('mean', 2, 0.333333, 0.01, 0.875)":{"counter_culture":0.1119534593,"herd_immunity":0.9515844599,"obs_comp":0.8365451683},"('mean', 2, 0.333333, 0.01, 0.9)":{"counter_culture":0.1378915395,"herd_immunity":0.9509066942,"obs_comp":0.8164595947},"('mean', 2, 0.333333, 0.01, 0.925)":{"counter_culture":0.1691218616,"herd_immunity":0.9510453075,"obs_comp":0.7912012594},"('mean', 2, 0.333333, 0.01, 0.95)":{"counter_culture":0.2130751998,"herd_immunity":0.9503165158,"obs_comp":0.7539969323},"('mean', 2, 0.333333, 0.01, 0.975)":{"counter_culture":0.2682838863,"herd_immunity":0.9491680208,"obs_comp":0.7051469282},"('mean', 2, 0.333333, 0.01, 1.0)":{"counter_culture":0.3471225882,"herd_immunity":null,"obs_comp":0.6334931783}}