{"('mean', 2, 0.333333, 0.01, 0.0)":{"counter_culture":0.0004577071,"herd_immunity":0.9733131742,"obs_comp":0.9734544587},"('mean', 2, 0.333333, 0.01, 0.025)":{"counter_culture":0.000461561,"herd_immunity":0.9732328114,"obs_comp":0.9728816825},"('mean', 2, 0.333333, 0.01, 0.05)":{"counter_culture":0.0004687185,"herd_immunity":0.9730108514,"obs_comp":0.9723645139},"('mean', 2, 0.333333, 0.01, 0.075)":{"counter_culture":0.0004729395,"herd_immunity":0.972381334,"obs_comp":0.97139129},"('mean', 2, 0.333333, 0.01, 0.1)":{"counter_culture":0.0004916589,"herd_immunity":0.9722145813,"obs_comp":0.970634807},"('mean', 2, 0.333333, 0.01, 0.125)":{"counter_culture":0.0004857861,"herd_immunity":0.9720884324,"obs_comp":0.9700484501},"('mean', 2, 0.333333, 0.01, 0.15)":{"counter_culture":0.0005087265,"herd_immunity":0.971468636,"obs_comp":0.9689937419},"('mean', 2, 0.333333, 0.01, 0.175)":{"counter_culture":0.0005230413,"herd_immunity":0.9715594517,"obs_comp":0.9682789187},"('mean', 2, 0.333333, 0.01, 0.2)":{"counter_culture":0.0005257942,"herd_immunity":0.9711087952,"obs_comp":0.9672009029},"('mean', 2, 0.333333, 0.01, 0.225)":{"counter_culture":0.0005615812,"herd_immunity":0.9705488379,"obs_comp":0.9660470921},"('mean', 2, 0.333333, 0.01, 0.25)":{"counter_culture":0.0005773642,"herd_immunity":0.9705501909,"obs_comp":0.9652529868},"('mean', 2, 0.333333, 0.01, 0.275)":{"counter_culture":0.0005738773,"herd_immunity":0.9701272354,"obs_comp":0.9641098203},"('mean', 2, 0.333333, 0.01, 0.3)":{"counter_culture":0.0005724091,"herd_immunity":0.9702990841,"obs_comp":0.9634219751},"('mean', 2, 0.333333, 0.01, 0.325)":{"counter_culture":0.0006069115,"herd_immunity":0.9693264501,"obs_comp":0.9615346217},"('mean', 2, 0.333333, 0.01, 0.35)":{"counter_culture":0.0006234286,"herd_immunity":0.9696024682,"obs_comp":0.9610011195},"('mean', 2, 0.333333, 0.01, 0.375)":{"counter_culture":0.000654077,"herd_immunity":0.9688255949,"obs_comp":0.9589911725},"('mean', 2, 0.333333, 0.01, 0.4)":{"counter_culture":0.000658298,"herd_immunity":0.9687286177,"obs_comp":0.9580385032},"('mean', 2, 0.333333, 0.01, 0.425)":{"counter_culture":0.0006832572,"herd_immunity":0.9685346223,"obs_comp":0.9565899539},"('mean', 2, 0.333333, 0.01, 0.45)":{"counter_culture":0.0007082163,"herd_immunity":0.9680882337,"obs_comp":0.9545664263},"('mean', 2, 0.333333, 0.01, 0.475)":{"counter_culture":0.0007746518,"herd_immunity":0.9673094537,"obs_comp":0.9530615354},"('mean', 2, 0.333333, 0.01, 0.5)":{"counter_culture":0.000768412,"herd_immunity":0.9674710628,"obs_comp":0.9512501606},"('mean', 2, 0.333333, 0.01, 0.525)":{"counter_culture":0.0008493457,"herd_immunity":0.9670338961,"obs_comp":0.9489766742},"('mean', 2, 0.333333, 0.01, 0.55)":{"counter_culture":0.0008642111,"herd_immunity":0.9669405597,"obs_comp":0.9474501275},"('mean', 2, 0.333333, 0.01, 0.575)":{"counter_culture":0.0010080934,"herd_immunity":0.9660242151,"obs_comp":0.9441834132},"('mean', 2, 0.333333, 0.01, 0.6)":{"counter_culture":0.0011121511,"herd_immunity":0.9656001516,"obs_comp":0.9415748133},"('mean', 2, 0.333333, 0.01, 0.625)":{"counter_culture":0.0013226523,"herd_immunity":0.9659209708,"obs_comp":0.9391532236},"('mean', 2, 0.333333, 0.01, 0.65)":{"counter_culture":0.0016150049,"herd_immunity":0.9649790896,"obs_comp":0.9358454},"('mean', 2, 0.333333, 0.01, 0.675)":{"counter_culture":0.0023268917,"herd_immunity":0.9649454475,"obs_comp":0.9324048891},"('mean', 2, 0.333333, 0.01, 0.7)":{"counter_culture":0.0034416121,"herd_immunity":0.9642436793,"obs_comp":0.9281234745},"('mean', 2, 0.333333, 0.01, 0.725)":{"counter_culture":0.0049356751,"herd_immunity":0.9644113782,"obs_comp":0.9235816403},"('mean', 2, 0.333333, 0.01, 0.75)":{"counter_culture":0.0093552827,"herd_immunity":0.9632425743,"obs_comp":0.9171535539},"('mean', 2, 0.333333, 0.01, 0.775)":{"counter_culture":0.0136480758,"herd_immunity":0.9633252699,"obs_comp":0.9122041146},"('mean', 2, 0.333333, 0.01, 0.8)":{"counter_culture":0.0241707501,"herd_immunity":0.9628572396,"obs_comp":0.9039341886},"('mean', 2, 0.333333, 0.01, 0.825)":{"counter_culture":0.0369716824,"herd_immunity":0.9622878459,"obs_comp":0.8950213805},"('mean', 2, 0.333333, 0.01, 0.85)":{"counter_culture":0.0512743857,"herd_immunity":0.9623999755,"obs_comp":0.8859819413},"('mean', 2, 0.333333, 0.01, 0.875)":{"counter_culture":0.0722294408,"herd_immunity":0.9606494677,"obs_comp":0.8712202463},"('mean', 2, 0.333333, 0.01, 0.9)":{"counter_culture":0.0967747619,"herd_immunity":0.9609220118,"obs_comp":0.8536278882},"('mean', 2, 0.333333, 0.01, 0.925)":{"counter_culture":0.1269900347,"herd_immunity":0.9606269254,"obs_comp":0.8303729193},"('mean', 2, 0.333333, 0.01, 0.95)":{"counter_culture":0.1695498174,"herd_immunity":0.9593628976,"obs_comp":0.7954260493},"('mean', 2, 0.333333, 0.01, 0.975)":{"counter_culture":0.2330332728,"herd_immunity":0.959747358,"obs_comp":0.7401895795},"('mean', 2, 0.333333, 0.01, 1.0)":{"counter_culture":0.3436888179,"herd_immunity":null,"obs_comp":0.6394200664}}