{"('mean', 2, 0.333333, 0.01, 0.0)":{"counter_culture":0.0017634308,"herd_immunity":0.9574269071,"obs_comp":0.9576139716},"('mean', 2, 0.333333, 0.01, 0.025)":{"counter_culture":0.0017661125,"herd_immunity":0.9567702626,"obs_comp":0.9568027621},"('mean', 2, 0.333333, 0.01, 0.05)":{"counter_culture":0.0018736033,"herd_immunity":0.9563877784,"obs_comp":0.9559381425},"('mean', 2, 0.333333, 0.01, 0.075)":{"counter_culture":0.0019178511,"herd_immunity":0.9562170576,"obs_comp":0.9551743095},"('mean', 2, 0.333333, 0.01, 0.1)":{"counter_culture":0.0018608653,"herd_immunity":0.955888182,"obs_comp":0.9543108072},"('mean', 2, 0.333333, 0.01, 0.125)":{"counter_culture":0.0019576294,"herd_immunity":0.9551133096,"obs_comp":0.9529873961},"('mean', 2, 0.333333, 0.01, 0.15)":{"counter_culture":0.0020450076,"herd_immunity":0.9551027096,"obs_comp":0.9524289354},"('mean', 2, 0.333333, 0.01, 0.175)":{"counter_culture":0.0019757308,"herd_immunity":0.9550194412,"obs_comp":0.9515737016},"('mean', 2, 0.333333, 0.01, 0.2)":{"counter_culture":0.0021822204,"herd_immunity":0.9534288027,"obs_comp":0.9493682399},"('mean', 2, 0.333333, 0.01, 0.225)":{"counter_culture":0.0022309377,"herd_immunity":0.9533673807,"obs_comp":0.9486381514},"('mean', 2, 0.333333, 0.01, 0.25)":{"counter_culture":0.0021945115,"herd_immunity":0.9532317576,"obs_comp":0.9482374631},"('mean', 2, 0.333333, 0.01, 0.275)":{"counter_culture":0.0022302673,"herd_immunity":0.9532543289,"obs_comp":0.9471918298},"('mean', 2, 0.333333, 0.01, 0.3)":{"counter_culture":0.0023290426,"herd_immunity":0.9525866934,"obs_comp":0.9459265219},"('mean', 2, 0.333333, 0.01, 0.325)":{"counter_culture":0.0022973094,"herd_immunity":0.9531406966,"obs_comp":0.9451434701},"('mean', 2, 0.333333, 0.01, 0.35)":{"counter_culture":0.0024772057,"herd_immunity":0.9520648495,"obs_comp":0.9433811567},"('mean', 2, 0.333333, 0.01, 0.375)":{"counter_culture":0.0025589971,"herd_immunity":0.9519195467,"obs_comp":0.9419303656},"('mean', 2, 0.333333, 0.01, 0.4)":{"counter_culture":0.0025813444,"herd_immunity":0.9511308764,"obs_comp":0.9405374542},"('mean', 2, 0.333333, 0.01, 0.425)":{"counter_culture":0.0025898364,"herd_immunity":0.9503623447,"obs_comp":0.9386705551},"('mean', 2, 0.333333, 0.01, 0.45)":{"counter_culture":0.002759006,"herd_immunity":0.9501776082,"obs_comp":0.9371701529},"('mean', 2, 0.333333, 0.01, 0.475)":{"counter_culture":0.0027885045,"herd_immunity":0.9493107845,"obs_comp":0.9355336551},"('mean', 2, 0.333333, 0.01, 0.5)":{"counter_culture":0.0027983374,"herd_immunity":0.9498257506,"obs_comp":0.93442679},"('mean', 2, 0.333333, 0.01, 0.525)":{"counter_culture":0.0030615893,"herd_immunity":0.9489148926,"obs_comp":0.9321294806},"('mean', 2, 0.333333, 0.01, 0.55)":{"counter_culture":0.0031592473,"herd_immunity":0.9484977466,"obs_comp":0.9300013408},"('mean', 2, 0.333333, 0.01, 0.575)":{"counter_culture":0.0035974792,"herd_immunity":0.9478454578,"obs_comp":0.9272986502},"('mean', 2, 0.333333, 0.01, 0.6)":{"counter_culture":0.0035416108,"herd_immunity":0.9477258175,"obs_comp":0.9250574327},"('mean', 2, 0.333333, 0.01, 0.625)":{"counter_culture":0.00349781,"herd_immunity":0.9474383536,"obs_comp":0.9230003576},"('mean', 2, 0.333333, 0.01, 0.65)":{"counter_culture":0.0040853222,"herd_immunity":0.9467113732,"obs_comp":0.9197845714},"('mean', 2, 0.333333, 0.01, 0.675)":{"counter_culture":0.0048326182,"herd_immunity":0.9458663068,"obs_comp":0.9164208456},"('mean', 2, 0.333333, 0.01, 0.7)":{"counter_culture":0.0052871637,"herd_immunity":0.9459015953,"obs_comp":0.9129064986},"('mean', 2, 0.333333, 0.01, 0.725)":{"counter_culture":0.0065024135,"herd_immunity":0.9451478914,"obs_comp":0.9087657549},"('mean', 2, 0.333333, 0.01, 0.75)":{"counter_culture":0.0087005006,"herd_immunity":0.9447395239,"obs_comp":0.904078618},"('mean', 2, 0.333333, 0.01, 0.775)":{"counter_culture":0.0110760257,"herd_immunity":0.9448236413,"obs_comp":0.8993436578},"('mean', 2, 0.333333, 0.01, 0.8)":{"counter_culture":0.0162275409,"herd_immunity":0.9441072792,"obs_comp":0.8932066238},"('mean', 2, 0.333333, 0.01, 0.825)":{"counter_culture":0.0267942701,"herd_immunity":0.9431363511,"obs_comp":0.8855801377},"('mean', 2, 0.333333, 0.01, 0.85)":{"counter_culture":0.0431570126,"herd_immunity":0.943102283,"obs_comp":0.8762326808},"('mean', 2, 0.333333, 0.01, 0.875)":{"counter_culture":0.0623393224,"herd_immunity":0.9416430105,"obs_comp":0.8643005274},"('mean', 2, 0.333333, 0.01, 0.9)":{"counter_culture":0.085551533,"herd_immunity":0.941337102,"obs_comp":0.8487335747},"('mean', 2, 0.333333, 0.01, 0.925)":{"counter_culture":0.115118441,"herd_immunity":0.941920378,"obs_comp":0.8274615625},"('mean', 2, 0.333333, 0.01, 0.95)":{"counter_culture":0.1571283633,"herd_immunity":0.9412048317,"obs_comp":0.7941802986},"('mean', 2, 0.333333, 0.01, 0.975)":{"counter_culture":0.2253921963,"herd_immunity":0.9397307371,"obs_comp":0.7361426209},"('mean', 2, 0.333333, 0.01, 1.0)":{"counter_culture":0.346506883,"herd_immunity":null,"obs_comp":0.6272968624}}