{"('mean', 2, 0.333333, 0.01, 0.0)":{"counter_culture":0.0006107162,"herd_immunity":0.9669455425,"obs_comp":0.9671331117},"('mean', 2, 0.333333, 0.01, 0.025)":{"counter_culture":0.0006655584,"herd_immunity":0.9667440174,"obs_comp":0.9663974241},"('mean', 2, 0.333333, 0.01, 0.05)":{"counter_culture":0.0006514179,"herd_immunity":0.9665405769,"obs_comp":0.9657182986},"('mean', 2, 0.333333, 0.01, 0.075)":{"counter_culture":0.0006848582,"herd_immunity":0.9658738169,"obs_comp":0.9645591607},"('mean', 2, 0.333333, 0.01, 0.1)":{"counter_culture":0.0007158144,"herd_immunity":0.9659525705,"obs_comp":0.9640529695},"('mean', 2, 0.333333, 0.01, 0.125)":{"counter_culture":0.0007360697,"herd_immunity":0.9653350852,"obs_comp":0.9630411603},"('mean', 2, 0.333333, 0.01, 0.15)":{"counter_culture":0.0007744783,"herd_immunity":0.9651140819,"obs_comp":0.9622953451},"('mean', 2, 0.333333, 0.01, 0.175)":{"counter_culture":0.0007947336,"herd_immunity":0.96408077,"obs_comp":0.9608331422},"('mean', 2, 0.333333, 0.01, 0.2)":{"counter_culture":0.0007523122,"herd_immunity":0.9647781851,"obs_comp":0.9606000153},"('mean', 2, 0.333333, 0.01, 0.225)":{"counter_culture":0.0008342888,"herd_immunity":0.9640033108,"obs_comp":0.959450814},"('mean', 2, 0.333333, 0.01, 0.25)":{"counter_culture":0.0008096385,"herd_immunity":0.9640412622,"obs_comp":0.9586109837},"('mean', 2, 0.333333, 0.01, 0.275)":{"counter_culture":0.0009369029,"herd_immunity":0.9635041653,"obs_comp":0.957197126},"('mean', 2, 0.333333, 0.01, 0.3)":{"counter_culture":0.0009428266,"herd_immunity":0.9632046571,"obs_comp":0.9565317588},"('mean', 2, 0.333333, 0.01, 0.325)":{"counter_culture":0.0010144844,"herd_immunity":0.9630488749,"obs_comp":0.9553953604},"('mean', 2, 0.333333, 0.01, 0.35)":{"counter_culture":0.0010351219,"herd_immunity":0.9623933011,"obs_comp":0.9533402125},"('mean', 2, 0.333333, 0.01, 0.375)":{"counter_culture":0.0011304747,"herd_immunity":0.9626157737,"obs_comp":0.9527531912},"('mean', 2, 0.333333, 0.01, 0.4)":{"counter_culture":0.0010683712,"herd_immunity":0.9619937727,"obs_comp":0.9511763357},"('mean', 2, 0.333333, 0.01, 0.425)":{"counter_culture":0.0012252541,"herd_immunity":0.9608096032,"obs_comp":0.9489469158},"('mean', 2, 0.333333, 0.01, 0.45)":{"counter_culture":0.0013206069,"herd_immunity":0.9609208203,"obs_comp":0.9479375908},"('mean', 2, 0.333333, 0.01, 0.475)":{"counter_culture":0.0013079951,"herd_immunity":0.9604100123,"obs_comp":0.9463244286},"('mean', 2, 0.333333, 0.01, 0.5)":{"counter_culture":0.0014352595,"herd_immunity":0.9604745135,"obs_comp":0.9445100512},"('mean', 2, 0.333333, 0.01, 0.525)":{"counter_culture":0.001455897,"herd_immunity":0.9592824201,"obs_comp":0.9418866086},"('mean', 2, 0.333333, 0.01, 0.55)":{"counter_culture":0.0018218299,"herd_immunity":0.9593866479,"obs_comp":0.9399625468},"('mean', 2, 0.333333, 0.01, 0.575)":{"counter_culture":0.0018367347,"herd_immunity":0.958338223,"obs_comp":0.9375150959},"('mean', 2, 0.333333, 0.01, 0.6)":{"counter_culture":0.0019569288,"herd_immunity":0.9588625624,"obs_comp":0.9353323015},"('mean', 2, 0.333333, 0.01, 0.625)":{"counter_culture":0.0021625392,"herd_immunity":0.9580522027,"obs_comp":0.9326956738},"('mean', 2, 0.333333, 0.01, 0.65)":{"counter_culture":0.0022223496,"herd_immunity":0.9576850227,"obs_comp":0.9295018344},"('mean', 2, 0.333333, 0.01, 0.675)":{"counter_culture":0.0027294963,"herd_immunity":0.9576993133,"obs_comp":0.9265158985},"('mean', 2, 0.333333, 0.01, 0.7)":{"counter_culture":0.0031831384,"herd_immunity":0.9568005752,"obs_comp":0.9227526179},"('mean', 2, 0.333333, 0.01, 0.725)":{"counter_culture":0.0040778109,"herd_immunity":0.9562553849,"obs_comp":0.9180388672},"('mean', 2, 0.333333, 0.01, 0.75)":{"counter_culture":0.0054821142,"herd_immunity":0.9558147995,"obs_comp":0.9130090576},"('mean', 2, 0.333333, 0.01, 0.775)":{"counter_culture":0.0094571199,"herd_immunity":0.9551194287,"obs_comp":0.90725579},"('mean', 2, 0.333333, 0.01, 0.8)":{"counter_culture":0.0145687151,"herd_immunity":0.9550165655,"obs_comp":0.9012936635},"('mean', 2, 0.333333, 0.01, 0.825)":{"counter_culture":0.02506325,"herd_immunity":0.9550610273,"obs_comp":0.8937636628},"('mean', 2, 0.333333, 0.01, 0.85)":{"counter_culture":0.0410945502,"herd_immunity":0.9550591442,"obs_comp":0.883297791},"('mean', 2, 0.333333, 0.01, 0.875)":{"counter_culture":0.0604033861,"herd_immunity":0.9534731229,"obs_comp":0.8706227547},"('mean', 2, 0.333333, 0.01, 0.9)":{"counter_culture":0.0838962776,"herd_immunity":0.9535803352,"obs_comp":0.8542929756},"('mean', 2, 0.333333, 0.01, 0.925)":{"counter_culture":0.1137940457,"herd_immunity":0.9532330707,"obs_comp":0.8326278377},"('mean', 2, 0.333333, 0.01, 0.95)":{"counter_culture":0.1549291065,"herd_immunity":0.9514646842,"obs_comp":0.7999107621},"('mean', 2, 0.333333, 0.01, 0.975)":{"counter_culture":0.2204521134,"herd_immunity":0.9518384479,"obs_comp":0.7447336238},"('mean', 2, 0.333333, 0.01, 1.0)":{"counter_culture":0.3437365283,"herd_immunity":null,"obs_comp":0.6340059619}}