{"('mean', 2, 0.333333, 0.01, 0.0)":{"counter_culture":0.0008514615,"herd_immunity":0.9219027087,"obs_comp":0.9225175052},"('mean', 2, 0.333333, 0.01, 0.025)":{"counter_culture":0.0008619272,"herd_immunity":0.9209551015,"obs_comp":0.9203299195},"('mean', 2, 0.333333, 0.01, 0.05)":{"counter_culture":0.0009152525,"herd_immunity":0.91927245,"obs_comp":0.918185941},"('mean', 2, 0.333333, 0.01, 0.075)":{"counter_culture":0.0009277117,"herd_immunity":0.918994547,"obs_comp":0.9163833445},"('mean', 2, 0.333333, 0.01, 0.1)":{"counter_culture":0.0010288804,"herd_immunity":0.9193030451,"obs_comp":0.9153933368},"('mean', 2, 0.333333, 0.01, 0.125)":{"counter_culture":0.0010792156,"herd_immunity":0.9186347718,"obs_comp":0.9136064389},"('mean', 2, 0.333333, 0.01, 0.15)":{"counter_culture":0.0011128554,"herd_immunity":0.9160252993,"obs_comp":0.9100132067},"('mean', 2, 0.333333, 0.01, 0.175)":{"counter_culture":0.0010582841,"herd_immunity":0.9173366722,"obs_comp":0.909696494},"('mean', 2, 0.333333, 0.01, 0.2)":{"counter_culture":0.0011537216,"herd_immunity":0.9155837958,"obs_comp":0.9065029528},"('mean', 2, 0.333333, 0.01, 0.225)":{"counter_culture":0.0011995714,"herd_immunity":0.9164406893,"obs_comp":0.9059961127},"('mean', 2, 0.333333, 0.01, 0.25)":{"counter_culture":0.0014176073,"herd_immunity":0.9135984695,"obs_comp":0.9011823777},"('mean', 2, 0.333333, 0.01, 0.275)":{"counter_culture":0.001578331,"herd_immunity":0.9136692723,"obs_comp":0.8997719967},"('mean', 2, 0.333333, 0.01, 0.3)":{"counter_culture":0.0015588946,"herd_immunity":0.91344983,"obs_comp":0.8974690389},"('mean', 2, 0.333333, 0.01, 0.325)":{"counter_culture":0.0016550796,"herd_immunity":0.9122455664,"obs_comp":0.8944277491},"('mean', 2, 0.333333, 0.01, 0.35)":{"counter_culture":0.0020547706,"herd_immunity":0.911063125,"obs_comp":0.8911225736},"('mean', 2, 0.333333, 0.01, 0.375)":{"counter_culture":0.0022384192,"herd_immunity":0.9096752396,"obs_comp":0.8876287658},"('mean', 2, 0.333333, 0.01, 0.4)":{"counter_culture":0.0025018066,"herd_immunity":0.9106342497,"obs_comp":0.8865241335},"('mean', 2, 0.333333, 0.01, 0.425)":{"counter_culture":0.0029655379,"herd_immunity":0.9087992058,"obs_comp":0.8826249034},"('mean', 2, 0.333333, 0.01, 0.45)":{"counter_culture":0.0037619297,"herd_immunity":0.9072793409,"obs_comp":0.8779798659},"('mean', 2, 0.333333, 0.01, 0.475)":{"counter_culture":0.0042680222,"herd_immunity":0.9080478695,"obs_comp":0.8755752411},"('mean', 2, 0.333333, 0.01, 0.5)":{"counter_culture":0.0051282051,"herd_immunity":0.9065156121,"obs_comp":0.8721850938},"('mean', 2, 0.333333, 0.01, 0.525)":{"counter_culture":0.0062266079,"herd_immunity":0.9059745468,"obs_comp":0.8679145798},"('mean', 2, 0.333333, 0.01, 0.55)":{"counter_culture":0.0083842914,"herd_immunity":0.9051344051,"obs_comp":0.8635187262},"('mean', 2, 0.333333, 0.01, 0.575)":{"counter_culture":0.0114101318,"herd_immunity":0.903951144,"obs_comp":0.8582818769},"('mean', 2, 0.333333, 0.01, 0.6)":{"counter_culture":0.0151192345,"herd_immunity":0.9038570081,"obs_comp":0.8537883432},"('mean', 2, 0.333333, 0.01, 0.625)":{"counter_culture":0.0197131893,"herd_immunity":0.9026775809,"obs_comp":0.8485263263},"('mean', 2, 0.333333, 0.01, 0.65)":{"counter_culture":0.0300755027,"herd_immunity":0.8998209655,"obs_comp":0.8411098652},"('mean', 2, 0.333333, 0.01, 0.675)":{"counter_culture":0.0373481847,"herd_immunity":0.899853778,"obs_comp":0.8363716329},"('mean', 2, 0.333333, 0.01, 0.7)":{"counter_culture":0.0465764621,"herd_immunity":0.9004798265,"obs_comp":0.8305629065},"('mean', 2, 0.333333, 0.01, 0.725)":{"counter_culture":0.0598769031,"herd_immunity":0.900113883,"obs_comp":0.8227455085},"('mean', 2, 0.333333, 0.01, 0.75)":{"counter_culture":0.076084573,"herd_immunity":0.8972655317,"obs_comp":0.8130534998},"('mean', 2, 0.333333, 0.01, 0.775)":{"counter_culture":0.0908786225,"herd_immunity":0.8955948425,"obs_comp":0.8033971244},"('mean', 2, 0.333333, 0.01, 0.8)":{"counter_culture":0.1057581421,"herd_immunity":0.8960928625,"obs_comp":0.7949333433},"('mean', 2, 0.333333, 0.01, 0.825)":{"counter_culture":0.1264663228,"herd_immunity":0.8939593805,"obs_comp":0.7812172635},"('mean', 2, 0.333333, 0.01, 0.85)":{"counter_culture":0.1426697565,"herd_immunity":0.8940680474,"obs_comp":0.7710814582},"('mean', 2, 0.333333, 0.01, 0.875)":{"counter_culture":0.1682175874,"herd_immunity":0.893117421,"obs_comp":0.7534781092},"('mean', 2, 0.333333, 0.01, 0.9)":{"counter_culture":0.1956906132,"herd_immunity":0.8908383829,"obs_comp":0.7337225586},"('mean', 2, 0.333333, 0.01, 0.925)":{"counter_culture":0.2247320027,"herd_immunity":0.8889172447,"obs_comp":0.7122591014},"('mean', 2, 0.333333, 0.01, 0.95)":{"counter_culture":0.2608958162,"herd_immunity":0.8894777014,"obs_comp":0.6846729461},"('mean', 2, 0.333333, 0.01, 0.975)":{"counter_culture":0.3080471456,"herd_immunity":0.8903495542,"obs_comp":0.6466950736},"('mean', 2, 0.333333, 0.01, 1.0)":{"counter_culture":0.3724362712,"herd_immunity":null,"obs_comp":0.5925855324}}