{"('mean', 2, 0.333333, 0.01, 0.0)":{"counter_culture":0.0040016433,"herd_immunity":0.9334396476,"obs_comp":0.9339879029},"('mean', 2, 0.333333, 0.01, 0.025)":{"counter_culture":0.0040789764,"herd_immunity":0.9322939698,"obs_comp":0.9316451239},"('mean', 2, 0.333333, 0.01, 0.05)":{"counter_culture":0.0041017621,"herd_immunity":0.9323373588,"obs_comp":0.9308296738},"('mean', 2, 0.333333, 0.01, 0.075)":{"counter_culture":0.0047155937,"herd_immunity":0.9314579551,"obs_comp":0.9295816417},"('mean', 2, 0.333333, 0.01, 0.1)":{"counter_culture":0.0046772724,"herd_immunity":0.9309870602,"obs_comp":0.9278268014},"('mean', 2, 0.333333, 0.01, 0.125)":{"counter_culture":0.0047963792,"herd_immunity":0.9309370496,"obs_comp":0.9270579584},"('mean', 2, 0.333333, 0.01, 0.15)":{"counter_culture":0.0047949982,"herd_immunity":0.9302739248,"obs_comp":0.9253252134},"('mean', 2, 0.333333, 0.01, 0.175)":{"counter_culture":0.0051650924,"herd_immunity":0.9303057476,"obs_comp":0.9241911095},"('mean', 2, 0.333333, 0.01, 0.2)":{"counter_culture":0.0068060044,"herd_immunity":0.9275193549,"obs_comp":0.9203382633},"('mean', 2, 0.333333, 0.01, 0.225)":{"counter_culture":0.0065933383,"herd_immunity":0.9279202635,"obs_comp":0.9194945038},"('mean', 2, 0.333333, 0.01, 0.25)":{"counter_culture":0.0061441848,"herd_immunity":0.9281226576,"obs_comp":0.9181591267},"('mean', 2, 0.333333, 0.01, 0.275)":{"counter_culture":0.0079770486,"herd_immunity":0.9261523606,"obs_comp":0.9142451736},"('mean', 2, 0.333333, 0.01, 0.3)":{"counter_culture":0.0077322755,"herd_immunity":0.9263323653,"obs_comp":0.913364819},"('mean', 2, 0.333333, 0.01, 0.325)":{"counter_culture":0.0083616428,"herd_immunity":0.9261517583,"obs_comp":0.9116165382},"('mean', 2, 0.333333, 0.01, 0.35)":{"counter_culture":0.0091874499,"herd_immunity":0.924985634,"obs_comp":0.9091574143},"('mean', 2, 0.333333, 0.01, 0.375)":{"counter_culture":0.0093990803,"herd_immunity":0.9255678329,"obs_comp":0.9074336454},"('mean', 2, 0.333333, 0.01, 0.4)":{"counter_culture":0.0116379429,"herd_immunity":0.9215687044,"obs_comp":0.9022789102},"('mean', 2, 0.333333, 0.01, 0.425)":{"counter_culture":0.0122269174,"herd_immunity":0.9217777994,"obs_comp":0.8996754771},"('mean', 2, 0.333333, 0.01, 0.45)":{"counter_culture":0.0119883586,"herd_immunity":0.9235508161,"obs_comp":0.8992922639},"('mean', 2, 0.333333, 0.01, 0.475)":{"counter_culture":0.0145141133,"herd_immunity":0.9206663669,"obs_comp":0.8945739084},"('mean', 2, 0.333333, 0.01, 0.5)":{"counter_culture":0.0166414644,"herd_immunity":0.9206030765,"obs_comp":0.8906623719},"('mean', 2, 0.333333, 0.01, 0.525)":{"counter_culture":0.0167781783,"herd_immunity":0.920773459,"obs_comp":0.8892206618},"('mean', 2, 0.333333, 0.01, 0.55)":{"counter_culture":0.0190822907,"herd_immunity":0.9207160949,"obs_comp":0.8859239926},"('mean', 2, 0.333333, 0.01, 0.575)":{"counter_culture":0.0218224377,"herd_immunity":0.9184698111,"obs_comp":0.8810689231},"('mean', 2, 0.333333, 0.01, 0.6)":{"counter_culture":0.0249571906,"herd_immunity":0.9176326566,"obs_comp":0.8763257105},"('mean', 2, 0.333333, 0.01, 0.625)":{"counter_culture":0.029090024,"herd_immunity":0.9174439247,"obs_comp":0.8721821747},"('mean', 2, 0.333333, 0.01, 0.65)":{"counter_culture":0.033468321,"herd_immunity":0.9168785243,"obs_comp":0.8664284531},"('mean', 2, 0.333333, 0.01, 0.675)":{"counter_culture":0.0389934957,"herd_immunity":0.9164120211,"obs_comp":0.8612326346},"('mean', 2, 0.333333, 0.01, 0.7)":{"counter_culture":0.0445438727,"herd_immunity":0.9166248757,"obs_comp":0.8557371503},"('mean', 2, 0.333333, 0.01, 0.725)":{"counter_culture":0.0531706576,"herd_immunity":0.9161002222,"obs_comp":0.8494603944},"('mean', 2, 0.333333, 0.01, 0.75)":{"counter_culture":0.0633945093,"herd_immunity":0.9141702321,"obs_comp":0.8418026901},"('mean', 2, 0.333333, 0.01, 0.775)":{"counter_culture":0.0779224321,"herd_immunity":0.912051107,"obs_comp":0.8307267932},"('mean', 2, 0.333333, 0.01, 0.8)":{"counter_culture":0.0912202751,"herd_immunity":0.9132877468,"obs_comp":0.8227621731},"('mean', 2, 0.333333, 0.01, 0.825)":{"counter_culture":0.1096904604,"herd_immunity":0.911445367,"obs_comp":0.810646422},"('mean', 2, 0.333333, 0.01, 0.85)":{"counter_culture":0.1275205761,"herd_immunity":0.9101846294,"obs_comp":0.7980414699},"('mean', 2, 0.333333, 0.01, 0.875)":{"counter_culture":0.1498539647,"herd_immunity":0.9091579805,"obs_comp":0.7820266109},"('mean', 2, 0.333333, 0.01, 0.9)":{"counter_culture":0.173775444,"herd_immunity":0.9067171002,"obs_comp":0.7639116745},"('mean', 2, 0.333333, 0.01, 0.925)":{"counter_culture":0.2017403403,"herd_immunity":0.9080585614,"obs_comp":0.742313641},"('mean', 2, 0.333333, 0.01, 0.95)":{"counter_culture":0.2393059353,"herd_immunity":0.9053989217,"obs_comp":0.712291822},"('mean', 2, 0.333333, 0.01, 0.975)":{"counter_culture":0.2832929406,"herd_immunity":0.9059356814,"obs_comp":0.6752471898},"('mean', 2, 0.333333, 0.01, 1.0)":{"counter_culture":0.3400136714,"herd_immunity":null,"obs_comp":0.6261199492}}