{"('mean', 2, 0.333333, 0.01, 0.0)":{"counter_culture":0.0003748934,"herd_immunity":0.9740805347,"obs_comp":0.9742587423},"('mean', 2, 0.333333, 0.01, 0.025)":{"counter_culture":0.0003929208,"herd_immunity":0.973765362,"obs_comp":0.9735013957},"('mean', 2, 0.333333, 0.01, 0.05)":{"counter_culture":0.0003872994,"herd_immunity":0.9735922762,"obs_comp":0.9729985656},"('mean', 2, 0.333333, 0.01, 0.075)":{"counter_culture":0.000415019,"herd_immunity":0.9731138816,"obs_comp":0.9721960533},"('mean', 2, 0.333333, 0.01, 0.1)":{"counter_culture":0.0004035822,"herd_immunity":0.9733320407,"obs_comp":0.9717862681},"('mean', 2, 0.333333, 0.01, 0.125)":{"counter_culture":0.000408816,"herd_immunity":0.9732165457,"obs_comp":0.9713621385},"('mean', 2, 0.333333, 0.01, 0.15)":{"counter_culture":0.0004349849,"herd_immunity":0.9724744824,"obs_comp":0.9702215632},"('mean', 2, 0.333333, 0.01, 0.175)":{"counter_culture":0.0004481662,"herd_immunity":0.9724423491,"obs_comp":0.9695291541},"('mean', 2, 0.333333, 0.01, 0.2)":{"counter_culture":0.0004402187,"herd_immunity":0.9721508016,"obs_comp":0.9685684655},"('mean', 2, 0.333333, 0.01, 0.225)":{"counter_culture":0.0004708459,"herd_immunity":0.9718622588,"obs_comp":0.967744049},"('mean', 2, 0.333333, 0.01, 0.25)":{"counter_culture":0.0004809258,"herd_immunity":0.9710599856,"obs_comp":0.9666118089},"('mean', 2, 0.333333, 0.01, 0.275)":{"counter_culture":0.0004902303,"herd_immunity":0.9711434843,"obs_comp":0.9659746453},"('mean', 2, 0.333333, 0.01, 0.3)":{"counter_culture":0.0004867411,"herd_immunity":0.9711629404,"obs_comp":0.964879817},"('mean', 2, 0.333333, 0.01, 0.325)":{"counter_culture":0.0004962394,"herd_immunity":0.9707316309,"obs_comp":0.9638154222},"('mean', 2, 0.333333, 0.01, 0.35)":{"counter_culture":0.0005563309,"herd_immunity":0.970492474,"obs_comp":0.9628568659},"('mean', 2, 0.333333, 0.01, 0.375)":{"counter_culture":0.000589672,"herd_immunity":0.9698881055,"obs_comp":0.9613760952},"('mean', 2, 0.333333, 0.01, 0.4)":{"counter_culture":0.0006078933,"herd_immunity":0.9694451186,"obs_comp":0.9602868884},"('mean', 2, 0.333333, 0.01, 0.425)":{"counter_culture":0.0005976196,"herd_immunity":0.9700771241,"obs_comp":0.9594634411},"('mean', 2, 0.333333, 0.01, 0.45)":{"counter_culture":0.0006197178,"herd_immunity":0.9691455345,"obs_comp":0.9577424983},"('mean', 2, 0.333333, 0.01, 0.475)":{"counter_culture":0.0006860123,"herd_immunity":0.9688434902,"obs_comp":0.9558108475},"('mean', 2, 0.333333, 0.01, 0.5)":{"counter_culture":0.0007013259,"herd_immunity":0.9685256318,"obs_comp":0.9545167481},"('mean', 2, 0.333333, 0.01, 0.525)":{"counter_culture":0.0007276886,"herd_immunity":0.9678969843,"obs_comp":0.9526506164},"('mean', 2, 0.333333, 0.01, 0.55)":{"counter_culture":0.0007871986,"herd_immunity":0.9678674869,"obs_comp":0.9509461503},"('mean', 2, 0.333333, 0.01, 0.575)":{"counter_culture":0.0009810421,"herd_immunity":0.9672644636,"obs_comp":0.9486717841},"('mean', 2, 0.333333, 0.01, 0.6)":{"counter_culture":0.0010851361,"herd_immunity":0.9669185043,"obs_comp":0.946043072},"('mean', 2, 0.333333, 0.01, 0.625)":{"counter_culture":0.0011748856,"herd_immunity":0.9668928779,"obs_comp":0.9443141816},"('mean', 2, 0.333333, 0.01, 0.65)":{"counter_culture":0.0014421959,"herd_immunity":0.9660621767,"obs_comp":0.9411729472},"('mean', 2, 0.333333, 0.01, 0.675)":{"counter_culture":0.0019397922,"herd_immunity":0.9656839716,"obs_comp":0.9377153602},"('mean', 2, 0.333333, 0.01, 0.7)":{"counter_culture":0.002538381,"herd_immunity":0.9656003694,"obs_comp":0.9344638288},"('mean', 2, 0.333333, 0.01, 0.725)":{"counter_culture":0.003384508,"herd_immunity":0.9655297533,"obs_comp":0.9308403117},"('mean', 2, 0.333333, 0.01, 0.75)":{"counter_culture":0.0059147476,"herd_immunity":0.9647749462,"obs_comp":0.9252727378},"('mean', 2, 0.333333, 0.01, 0.775)":{"counter_culture":0.0086204156,"herd_immunity":0.9648385027,"obs_comp":0.9197483911},"('mean', 2, 0.333333, 0.01, 0.8)":{"counter_culture":0.0145338063,"herd_immunity":0.9642801398,"obs_comp":0.9132344731},"('mean', 2, 0.333333, 0.01, 0.825)":{"counter_culture":0.0255163992,"herd_immunity":0.9633532144,"obs_comp":0.9044169187},"('mean', 2, 0.333333, 0.01, 0.85)":{"counter_culture":0.0389553772,"herd_immunity":0.96443461,"obs_comp":0.8958160813},"('mean', 2, 0.333333, 0.01, 0.875)":{"counter_culture":0.058171474,"herd_immunity":0.9633008551,"obs_comp":0.8826157246},"('mean', 2, 0.333333, 0.01, 0.9)":{"counter_culture":0.0814350236,"herd_immunity":0.962895972,"obs_comp":0.8657722726},"('mean', 2, 0.333333, 0.01, 0.925)":{"counter_culture":0.1127496705,"herd_immunity":0.9624238373,"obs_comp":0.8417523455},"('mean', 2, 0.333333, 0.01, 0.95)":{"counter_culture":0.15596631,"herd_immunity":0.9624513568,"obs_comp":0.8064598356},"('mean', 2, 0.333333, 0.01, 0.975)":{"counter_culture":0.2188369388,"herd_immunity":0.9605224024,"obs_comp":0.7518729162},"('mean', 2, 0.333333, 0.01, 1.0)":{"counter_culture":0.3407903001,"herd_immunity":null,"obs_comp":0.6405623401}}