{"('mean', 2, 0.333333, 0.01, 0.0)":{"counter_culture":0.0011573787,"herd_immunity":0.9734010573,"obs_comp":0.9735373836},"('mean', 2, 0.333333, 0.01, 0.025)":{"counter_culture":0.0011809027,"herd_immunity":0.9730178208,"obs_comp":0.9729689071},"('mean', 2, 0.333333, 0.01, 0.05)":{"counter_culture":0.0012533106,"herd_immunity":0.9729652229,"obs_comp":0.9724412819},"('mean', 2, 0.333333, 0.01, 0.075)":{"counter_culture":0.0012556056,"herd_immunity":0.9727591533,"obs_comp":0.9720178507},"('mean', 2, 0.333333, 0.01, 0.1)":{"counter_culture":0.0012865884,"herd_immunity":0.9726604654,"obs_comp":0.9715663054},"('mean', 2, 0.333333, 0.01, 0.125)":{"counter_culture":0.0013829792,"herd_immunity":0.9722906343,"obs_comp":0.9706891487},"('mean', 2, 0.333333, 0.01, 0.15)":{"counter_culture":0.0013852742,"herd_immunity":0.9720032638,"obs_comp":0.9701202132},"('mean', 2, 0.333333, 0.01, 0.175)":{"counter_culture":0.0014652557,"herd_immunity":0.9716756906,"obs_comp":0.9693638892},"('mean', 2, 0.333333, 0.01, 0.2)":{"counter_culture":0.0014861404,"herd_immunity":0.9716744261,"obs_comp":0.9688140024},"('mean', 2, 0.333333, 0.01, 0.225)":{"counter_culture":0.0015544172,"herd_immunity":0.9713845227,"obs_comp":0.9682276247},"('mean', 2, 0.333333, 0.01, 0.25)":{"counter_culture":0.0016775451,"herd_immunity":0.9710885355,"obs_comp":0.9673173049},"('mean', 2, 0.333333, 0.01, 0.275)":{"counter_culture":0.0016799548,"herd_immunity":0.9709832967,"obs_comp":0.9666189302},"('mean', 2, 0.333333, 0.01, 0.3)":{"counter_culture":0.0017381336,"herd_immunity":0.970694999,"obs_comp":0.9657951327},"('mean', 2, 0.333333, 0.01, 0.325)":{"counter_culture":0.0019044078,"herd_immunity":0.9703207816,"obs_comp":0.964805979},"('mean', 2, 0.333333, 0.01, 0.35)":{"counter_culture":0.0019911596,"herd_immunity":0.9699657064,"obs_comp":0.9637727609},"('mean', 2, 0.333333, 0.01, 0.375)":{"counter_culture":0.0021158939,"herd_immunity":0.969813637,"obs_comp":0.9629349637},"('mean', 2, 0.333333, 0.01, 0.4)":{"counter_culture":0.0022328252,"herd_immunity":0.9694415085,"obs_comp":0.9618012237},"('mean', 2, 0.333333, 0.01, 0.425)":{"counter_culture":0.0022331695,"herd_immunity":0.9691923066,"obs_comp":0.9608626752},"('mean', 2, 0.333333, 0.01, 0.45)":{"counter_culture":0.0023589366,"herd_immunity":0.9690285238,"obs_comp":0.9598040971},"('mean', 2, 0.333333, 0.01, 0.475)":{"counter_culture":0.0025761602,"herd_immunity":0.9686075153,"obs_comp":0.9586066702},"('mean', 2, 0.333333, 0.01, 0.5)":{"counter_culture":0.0027347461,"herd_immunity":0.9685235583,"obs_comp":0.9571893805},"('mean', 2, 0.333333, 0.01, 0.525)":{"counter_culture":0.0028593657,"herd_immunity":0.9683747218,"obs_comp":0.9560299362},"('mean', 2, 0.333333, 0.01, 0.55)":{"counter_culture":0.0031029821,"herd_immunity":0.9679248679,"obs_comp":0.9541562817},"('mean', 2, 0.333333, 0.01, 0.575)":{"counter_culture":0.0032685679,"herd_immunity":0.9678848002,"obs_comp":0.9527427787},"('mean', 2, 0.333333, 0.01, 0.6)":{"counter_culture":0.0036113291,"herd_immunity":0.9674286996,"obs_comp":0.9505443788},"('mean', 2, 0.333333, 0.01, 0.625)":{"counter_culture":0.0038529948,"herd_immunity":0.9670113477,"obs_comp":0.9490046497},"('mean', 2, 0.333333, 0.01, 0.65)":{"counter_culture":0.0042947862,"herd_immunity":0.9666628516,"obs_comp":0.9465737642},"('mean', 2, 0.333333, 0.01, 0.675)":{"counter_culture":0.0045395501,"herd_immunity":0.9663454772,"obs_comp":0.9439313927},"('mean', 2, 0.333333, 0.01, 0.7)":{"counter_culture":0.0051875491,"herd_immunity":0.9660271997,"obs_comp":0.9411133373},"('mean', 2, 0.333333, 0.01, 0.725)":{"counter_culture":0.0057896476,"herd_immunity":0.9658530651,"obs_comp":0.9382022188},"('mean', 2, 0.333333, 0.01, 0.75)":{"counter_culture":0.0069248794,"herd_immunity":0.9655150039,"obs_comp":0.934767721},"('mean', 2, 0.333333, 0.01, 0.775)":{"counter_culture":0.0088513194,"herd_immunity":0.9646373132,"obs_comp":0.9301425667},"('mean', 2, 0.333333, 0.01, 0.8)":{"counter_culture":0.0120081198,"herd_immunity":0.9649443783,"obs_comp":0.9252709271},"('mean', 2, 0.333333, 0.01, 0.825)":{"counter_culture":0.0175922483,"herd_immunity":0.9645827713,"obs_comp":0.9189799323},"('mean', 2, 0.333333, 0.01, 0.85)":{"counter_culture":0.0282662728,"herd_immunity":0.9639991118,"obs_comp":0.9111051441},"('mean', 2, 0.333333, 0.01, 0.875)":{"counter_culture":0.0452236038,"herd_immunity":0.9634485669,"obs_comp":0.9004990522},"('mean', 2, 0.333333, 0.01, 0.9)":{"counter_culture":0.0659026544,"herd_immunity":0.9628638734,"obs_comp":0.8865938686},"('mean', 2, 0.333333, 0.01, 0.925)":{"counter_culture":0.0908405741,"herd_immunity":0.963384264,"obs_comp":0.8681962977},"('mean', 2, 0.333333, 0.01, 0.95)":{"counter_culture":0.1287452436,"herd_immunity":0.9622312022,"obs_comp":0.8374547307},"('mean', 2, 0.333333, 0.01, 0.975)":{"counter_culture":0.1917284027,"herd_immunity":0.9615947876,"obs_comp":0.7822750995},"('mean', 2, 0.333333, 0.01, 1.0)":{"counter_culture":0.3179146987,"herd_immunity":null,"obs_comp":0.6652065748}}