{"('mean', 2, 0.333333, 0.01, 0.0)":{"counter_culture":0.0016040731,"herd_immunity":0.9825542279,"obs_comp":0.9824415109},"('mean', 2, 0.333333, 0.01, 0.025)":{"counter_culture":0.0014915013,"herd_immunity":0.9820941934,"obs_comp":0.9819776426},"('mean', 2, 0.333333, 0.01, 0.05)":{"counter_culture":0.001622483,"herd_immunity":0.9816210082,"obs_comp":0.9808802936},"('mean', 2, 0.333333, 0.01, 0.075)":{"counter_culture":0.0018011493,"herd_immunity":0.9815319097,"obs_comp":0.980525979},"('mean', 2, 0.333333, 0.01, 0.1)":{"counter_culture":0.0018467212,"herd_immunity":0.9811077518,"obs_comp":0.9797488411},"('mean', 2, 0.333333, 0.01, 0.125)":{"counter_culture":0.0016448163,"herd_immunity":0.9810907196,"obs_comp":0.9794844633},"('mean', 2, 0.333333, 0.01, 0.15)":{"counter_culture":0.0017045729,"herd_immunity":0.9809890695,"obs_comp":0.9790616399},"('mean', 2, 0.333333, 0.01, 0.175)":{"counter_culture":0.0017682529,"herd_immunity":0.9813452178,"obs_comp":0.978666884},"('mean', 2, 0.333333, 0.01, 0.2)":{"counter_culture":0.0020365542,"herd_immunity":0.9803287237,"obs_comp":0.9775115892},"('mean', 2, 0.333333, 0.01, 0.225)":{"counter_culture":0.0019342436,"herd_immunity":0.9804774718,"obs_comp":0.9768989328},"('mean', 2, 0.333333, 0.01, 0.25)":{"counter_culture":0.0019701579,"herd_immunity":0.9808073607,"obs_comp":0.9763541818},"('mean', 2, 0.333333, 0.01, 0.275)":{"counter_culture":0.0020866531,"herd_immunity":0.9800767365,"obs_comp":0.9754351973},"('mean', 2, 0.333333, 0.01, 0.3)":{"counter_culture":0.002360085,"herd_immunity":0.9796759157,"obs_comp":0.9740426868},"('mean', 2, 0.333333, 0.01, 0.325)":{"counter_culture":0.0022281979,"herd_immunity":0.9796955409,"obs_comp":0.9736862596},"('mean', 2, 0.333333, 0.01, 0.35)":{"counter_culture":0.0022909725,"herd_immunity":0.9792628878,"obs_comp":0.9724045101},"('mean', 2, 0.333333, 0.01, 0.375)":{"counter_culture":0.0027527283,"herd_immunity":0.979198581,"obs_comp":0.970997815},"('mean', 2, 0.333333, 0.01, 0.4)":{"counter_culture":0.0032253489,"herd_immunity":0.9788099816,"obs_comp":0.9696898088},"('mean', 2, 0.333333, 0.01, 0.425)":{"counter_culture":0.0031571418,"herd_immunity":0.9787621047,"obs_comp":0.9689024096},"('mean', 2, 0.333333, 0.01, 0.45)":{"counter_culture":0.003203921,"herd_immunity":0.9785677935,"obs_comp":0.9674739847},"('mean', 2, 0.333333, 0.01, 0.475)":{"counter_culture":0.0037091361,"herd_immunity":0.9781080665,"obs_comp":0.965910353},"('mean', 2, 0.333333, 0.01, 0.5)":{"counter_culture":0.0038395142,"herd_immunity":0.9781162215,"obs_comp":0.964087474},"('mean', 2, 0.333333, 0.01, 0.525)":{"counter_culture":0.0041681757,"herd_immunity":0.9779767476,"obs_comp":0.962877855},"('mean', 2, 0.333333, 0.01, 0.55)":{"counter_culture":0.0045158506,"herd_immunity":0.9781097323,"obs_comp":0.960986769},"('mean', 2, 0.333333, 0.01, 0.575)":{"counter_culture":0.0060046357,"herd_immunity":0.9770227328,"obs_comp":0.9581323338},"('mean', 2, 0.333333, 0.01, 0.6)":{"counter_culture":0.0062533198,"herd_immunity":0.9772870459,"obs_comp":0.9562406442},"('mean', 2, 0.333333, 0.01, 0.625)":{"counter_culture":0.0071650611,"herd_immunity":0.9769342515,"obs_comp":0.9538615457},"('mean', 2, 0.333333, 0.01, 0.65)":{"counter_culture":0.0091804892,"herd_immunity":0.9766274351,"obs_comp":0.9501795717},"('mean', 2, 0.333333, 0.01, 0.675)":{"counter_culture":0.0097744338,"herd_immunity":0.9764826893,"obs_comp":0.9478206939},"('mean', 2, 0.333333, 0.01, 0.7)":{"counter_culture":0.0116413757,"herd_immunity":0.9762331559,"obs_comp":0.9439247429},"('mean', 2, 0.333333, 0.01, 0.725)":{"counter_culture":0.0145848423,"herd_immunity":0.9761839363,"obs_comp":0.9396319233},"('mean', 2, 0.333333, 0.01, 0.75)":{"counter_culture":0.0189923463,"herd_immunity":0.9758454041,"obs_comp":0.9337600802},"('mean', 2, 0.333333, 0.01, 0.775)":{"counter_culture":0.0252332923,"herd_immunity":0.9755484113,"obs_comp":0.927467828},"('mean', 2, 0.333333, 0.01, 0.8)":{"counter_culture":0.0320742189,"herd_immunity":0.9755157297,"obs_comp":0.9209999276},"('mean', 2, 0.333333, 0.01, 0.825)":{"counter_culture":0.0445844802,"herd_immunity":0.9746016223,"obs_comp":0.9113932952},"('mean', 2, 0.333333, 0.01, 0.85)":{"counter_culture":0.0592366242,"herd_immunity":0.9741221896,"obs_comp":0.9012002632},"('mean', 2, 0.333333, 0.01, 0.875)":{"counter_culture":0.0782087498,"herd_immunity":0.9745585155,"obs_comp":0.8877082428},"('mean', 2, 0.333333, 0.01, 0.9)":{"counter_culture":0.1037510865,"herd_immunity":0.9736763935,"obs_comp":0.8677782003},"('mean', 2, 0.333333, 0.01, 0.925)":{"counter_culture":0.1321810565,"herd_immunity":0.9734448794,"obs_comp":0.8438915447},"('mean', 2, 0.333333, 0.01, 0.95)":{"counter_culture":0.1723504877,"herd_immunity":0.9741710982,"obs_comp":0.8083125091},"('mean', 2, 0.333333, 0.01, 0.975)":{"counter_culture":0.2277472959,"herd_immunity":0.9721958785,"obs_comp":0.7571656647},"('mean', 2, 0.333333, 0.01, 1.0)":{"counter_culture":0.3167626394,"herd_immunity":null,"obs_comp":0.6726347844}}