{"('mean', 2, 0.333333, 0.01, 0.0)":{"counter_culture":0.0006622064,"herd_immunity":0.9496283323,"obs_comp":0.9500008192},"('mean', 2, 0.333333, 0.01, 0.025)":{"counter_culture":0.0006814582,"herd_immunity":0.9491851093,"obs_comp":0.9490288094},"('mean', 2, 0.333333, 0.01, 0.05)":{"counter_culture":0.0006743583,"herd_immunity":0.9492958011,"obs_comp":0.9480337247},"('mean', 2, 0.333333, 0.01, 0.075)":{"counter_culture":0.0007329328,"herd_immunity":0.948638963,"obs_comp":0.9465887493},"('mean', 2, 0.333333, 0.01, 0.1)":{"counter_culture":0.0007483616,"herd_immunity":0.9483421487,"obs_comp":0.945516521},"('mean', 2, 0.333333, 0.01, 0.125)":{"counter_culture":0.0008036592,"herd_immunity":0.9476523432,"obs_comp":0.9440512015},"('mean', 2, 0.333333, 0.01, 0.15)":{"counter_culture":0.0008107591,"herd_immunity":0.9474546474,"obs_comp":0.9425393228},"('mean', 2, 0.333333, 0.01, 0.175)":{"counter_culture":0.0008242764,"herd_immunity":0.9471015196,"obs_comp":0.9413462589},"('mean', 2, 0.333333, 0.01, 0.2)":{"counter_culture":0.0009307755,"herd_immunity":0.9462952841,"obs_comp":0.9394948116},"('mean', 2, 0.333333, 0.01, 0.225)":{"counter_culture":0.0009722829,"herd_immunity":0.9452947259,"obs_comp":0.9372430366},"('mean', 2, 0.333333, 0.01, 0.25)":{"counter_culture":0.0009741944,"herd_immunity":0.9458062454,"obs_comp":0.9364157564},"('mean', 2, 0.333333, 0.01, 0.275)":{"counter_culture":0.0010630803,"herd_immunity":0.9442743963,"obs_comp":0.9337054888},"('mean', 2, 0.333333, 0.01, 0.3)":{"counter_culture":0.0011455489,"herd_immunity":0.9446358254,"obs_comp":0.932301065},"('mean', 2, 0.333333, 0.01, 0.325)":{"counter_culture":0.0012807209,"herd_immunity":0.9432018685,"obs_comp":0.929616876},"('mean', 2, 0.333333, 0.01, 0.35)":{"counter_culture":0.0014758329,"herd_immunity":0.9426565239,"obs_comp":0.9274561715},"('mean', 2, 0.333333, 0.01, 0.375)":{"counter_culture":0.0016896505,"herd_immunity":0.9422629588,"obs_comp":0.9248803932},"('mean', 2, 0.333333, 0.01, 0.4)":{"counter_culture":0.0017351174,"herd_immunity":0.942296859,"obs_comp":0.9231577007},"('mean', 2, 0.333333, 0.01, 0.425)":{"counter_culture":0.001910568,"herd_immunity":0.9411775249,"obs_comp":0.9203603222},"('mean', 2, 0.333333, 0.01, 0.45)":{"counter_culture":0.0024870289,"herd_immunity":0.940943566,"obs_comp":0.9175783725},"('mean', 2, 0.333333, 0.01, 0.475)":{"counter_culture":0.0027931458,"herd_immunity":0.9403391238,"obs_comp":0.9146473239},"('mean', 2, 0.333333, 0.01, 0.5)":{"counter_culture":0.0033666029,"herd_immunity":0.9396439377,"obs_comp":0.9116365374},"('mean', 2, 0.333333, 0.01, 0.525)":{"counter_culture":0.0037725287,"herd_immunity":0.9397663527,"obs_comp":0.9089026488},"('mean', 2, 0.333333, 0.01, 0.55)":{"counter_culture":0.0051306663,"herd_immunity":0.9382993635,"obs_comp":0.9038752048},"('mean', 2, 0.333333, 0.01, 0.575)":{"counter_culture":0.0066892409,"herd_immunity":0.937513413,"obs_comp":0.8998586838},"('mean', 2, 0.333333, 0.01, 0.6)":{"counter_culture":0.0086916985,"herd_immunity":0.9372396246,"obs_comp":0.8959422447},"('mean', 2, 0.333333, 0.01, 0.625)":{"counter_culture":0.0117949208,"herd_immunity":0.9355610433,"obs_comp":0.8900169306},"('mean', 2, 0.333333, 0.01, 0.65)":{"counter_culture":0.015677089,"herd_immunity":0.935680521,"obs_comp":0.8853674222},"('mean', 2, 0.333333, 0.01, 0.675)":{"counter_culture":0.0200867013,"herd_immunity":0.9354218426,"obs_comp":0.8805221191},"('mean', 2, 0.333333, 0.01, 0.7)":{"counter_culture":0.0285809667,"herd_immunity":0.9345535957,"obs_comp":0.8735634899},"('mean', 2, 0.333333, 0.01, 0.725)":{"counter_culture":0.0386282086,"herd_immunity":0.9336504663,"obs_comp":0.8664709175},"('mean', 2, 0.333333, 0.01, 0.75)":{"counter_culture":0.051934189,"herd_immunity":0.9330313661,"obs_comp":0.8580140634},"('mean', 2, 0.333333, 0.01, 0.775)":{"counter_culture":0.0655158383,"herd_immunity":0.9330019162,"obs_comp":0.8498080284},"('mean', 2, 0.333333, 0.01, 0.8)":{"counter_culture":0.0818462589,"herd_immunity":0.9323445451,"obs_comp":0.8393499454},"('mean', 2, 0.333333, 0.01, 0.825)":{"counter_culture":0.1002078099,"herd_immunity":0.9308000439,"obs_comp":0.8267441289},"('mean', 2, 0.333333, 0.01, 0.85)":{"counter_culture":0.1208730202,"herd_immunity":0.9299115679,"obs_comp":0.8121792736},"('mean', 2, 0.333333, 0.01, 0.875)":{"counter_culture":0.1442236483,"herd_immunity":0.9293465313,"obs_comp":0.7951654833},"('mean', 2, 0.333333, 0.01, 0.9)":{"counter_culture":0.1696316221,"herd_immunity":0.9289099783,"obs_comp":0.7759392409},"('mean', 2, 0.333333, 0.01, 0.925)":{"counter_culture":0.201414391,"herd_immunity":0.9285760722,"obs_comp":0.7502835882},"('mean', 2, 0.333333, 0.01, 0.95)":{"counter_culture":0.2395868378,"herd_immunity":0.9273797516,"obs_comp":0.7188087111},"('mean', 2, 0.333333, 0.01, 0.975)":{"counter_culture":0.2892717094,"herd_immunity":0.9280194898,"obs_comp":0.6764995904},"('mean', 2, 0.333333, 0.01, 1.0)":{"counter_culture":0.3562562807,"herd_immunity":null,"obs_comp":0.6174153468}}