{"('mean', 2, 0.333333, 0.01, 0.0)":{"counter_culture":0.002246912,"herd_immunity":0.9644185148,"obs_comp":0.9646013896},"('mean', 2, 0.333333, 0.01, 0.025)":{"counter_culture":0.0022893721,"herd_immunity":0.9641863883,"obs_comp":0.9640829902},"('mean', 2, 0.333333, 0.01, 0.05)":{"counter_culture":0.002364771,"herd_immunity":0.9639612598,"obs_comp":0.9633946217},"('mean', 2, 0.333333, 0.01, 0.075)":{"counter_culture":0.0024036284,"herd_immunity":0.9636742135,"obs_comp":0.962611297},"('mean', 2, 0.333333, 0.01, 0.1)":{"counter_culture":0.0024863613,"herd_immunity":0.963304894,"obs_comp":0.9617021359},"('mean', 2, 0.333333, 0.01, 0.125)":{"counter_culture":0.0026075656,"herd_immunity":0.9631133387,"obs_comp":0.9609327072},"('mean', 2, 0.333333, 0.01, 0.15)":{"counter_culture":0.0025523675,"herd_immunity":0.9628468547,"obs_comp":0.9601035769},"('mean', 2, 0.333333, 0.01, 0.175)":{"counter_culture":0.00249807,"herd_immunity":0.9625731717,"obs_comp":0.9594013124},"('mean', 2, 0.333333, 0.01, 0.2)":{"counter_culture":0.0026525991,"herd_immunity":0.9621241265,"obs_comp":0.9582043232},"('mean', 2, 0.333333, 0.01, 0.225)":{"counter_culture":0.0027367473,"herd_immunity":0.9619339539,"obs_comp":0.9574958827},"('mean', 2, 0.333333, 0.01, 0.25)":{"counter_culture":0.0028455996,"herd_immunity":0.9612948692,"obs_comp":0.9561993052},"('mean', 2, 0.333333, 0.01, 0.275)":{"counter_culture":0.002865929,"herd_immunity":0.9611633463,"obs_comp":0.9554378538},"('mean', 2, 0.333333, 0.01, 0.3)":{"counter_culture":0.0029660319,"herd_immunity":0.9609377967,"obs_comp":0.9544179104},"('mean', 2, 0.333333, 0.01, 0.325)":{"counter_culture":0.0029611426,"herd_immunity":0.9609334943,"obs_comp":0.9535674215},"('mean', 2, 0.333333, 0.01, 0.35)":{"counter_culture":0.0031064076,"herd_immunity":0.9604608634,"obs_comp":0.9522079259},"('mean', 2, 0.333333, 0.01, 0.375)":{"counter_culture":0.0031293103,"herd_immunity":0.9599708137,"obs_comp":0.9508274575},"('mean', 2, 0.333333, 0.01, 0.4)":{"counter_culture":0.003244596,"herd_immunity":0.9594164535,"obs_comp":0.9490627895},"('mean', 2, 0.333333, 0.01, 0.425)":{"counter_culture":0.0033535769,"herd_immunity":0.9595148522,"obs_comp":0.9481277663},"('mean', 2, 0.333333, 0.01, 0.45)":{"counter_culture":0.0034572826,"herd_immunity":0.9588960388,"obs_comp":0.9462663407},"('mean', 2, 0.333333, 0.01, 0.475)":{"counter_culture":0.0036640504,"herd_immunity":0.9584551844,"obs_comp":0.9446775605},"('mean', 2, 0.333333, 0.01, 0.5)":{"counter_culture":0.0038426402,"herd_immunity":0.9580952123,"obs_comp":0.9427299279},"('mean', 2, 0.333333, 0.01, 0.525)":{"counter_culture":0.0040122234,"herd_immunity":0.9578332639,"obs_comp":0.9407191199},"('mean', 2, 0.333333, 0.01, 0.55)":{"counter_culture":0.0043230829,"herd_immunity":0.9571981076,"obs_comp":0.9388197375},"('mean', 2, 0.333333, 0.01, 0.575)":{"counter_culture":0.0045126094,"herd_immunity":0.9568777368,"obs_comp":0.9365024447},"('mean', 2, 0.333333, 0.01, 0.6)":{"counter_culture":0.004880983,"herd_immunity":0.956945521,"obs_comp":0.9343088008},"('mean', 2, 0.333333, 0.01, 0.625)":{"counter_culture":0.005373649,"herd_immunity":0.9565556276,"obs_comp":0.9311878538},"('mean', 2, 0.333333, 0.01, 0.65)":{"counter_culture":0.0061645651,"herd_immunity":0.9565635757,"obs_comp":0.9284696346},"('mean', 2, 0.333333, 0.01, 0.675)":{"counter_culture":0.0072379053,"herd_immunity":0.9554733331,"obs_comp":0.924481858},"('mean', 2, 0.333333, 0.01, 0.7)":{"counter_culture":0.0087963201,"herd_immunity":0.9548526921,"obs_comp":0.920375965},"('mean', 2, 0.333333, 0.01, 0.725)":{"counter_culture":0.0110517241,"herd_immunity":0.9547153455,"obs_comp":0.9161260937},"('mean', 2, 0.333333, 0.01, 0.75)":{"counter_culture":0.0139593412,"herd_immunity":0.9546457605,"obs_comp":0.9117385486},"('mean', 2, 0.333333, 0.01, 0.775)":{"counter_culture":0.0201250643,"herd_immunity":0.9542241144,"obs_comp":0.9048558929},"('mean', 2, 0.333333, 0.01, 0.8)":{"counter_culture":0.0298189655,"herd_immunity":0.9532672611,"obs_comp":0.8969239578},"('mean', 2, 0.333333, 0.01, 0.825)":{"counter_culture":0.0410225167,"herd_immunity":0.9537783611,"obs_comp":0.8896069223},"('mean', 2, 0.333333, 0.01, 0.85)":{"counter_culture":0.0580572568,"herd_immunity":0.9531861851,"obs_comp":0.8790985589},"('mean', 2, 0.333333, 0.01, 0.875)":{"counter_culture":0.0795558415,"herd_immunity":0.9529631179,"obs_comp":0.8641756305},"('mean', 2, 0.333333, 0.01, 0.9)":{"counter_culture":0.1036206897,"herd_immunity":0.9529004653,"obs_comp":0.8468746783},"('mean', 2, 0.333333, 0.01, 0.925)":{"counter_culture":0.1353373649,"herd_immunity":0.9518387311,"obs_comp":0.8216529851},"('mean', 2, 0.333333, 0.01, 0.95)":{"counter_culture":0.1781612198,"herd_immunity":0.9507650398,"obs_comp":0.7856502831},"('mean', 2, 0.333333, 0.01, 0.975)":{"counter_culture":0.2424296191,"herd_immunity":0.949169232,"obs_comp":0.7285168554},"('mean', 2, 0.333333, 0.01, 1.0)":{"counter_culture":0.3454275605,"herd_immunity":null,"obs_comp":0.6336465517}}