{"('mean', 2, 0.333333, 0.01, 0.0)":{"counter_culture":0.0002380617,"herd_immunity":0.9640601928,"obs_comp":0.9641788199},"('mean', 2, 0.333333, 0.01, 0.025)":{"counter_culture":0.0002543181,"herd_immunity":0.9634538515,"obs_comp":0.9630197733},"('mean', 2, 0.333333, 0.01, 0.05)":{"counter_culture":0.0002582259,"herd_immunity":0.9628682654,"obs_comp":0.961981399},"('mean', 2, 0.333333, 0.01, 0.075)":{"counter_culture":0.000261821,"herd_immunity":0.9627085925,"obs_comp":0.961401485},"('mean', 2, 0.333333, 0.01, 0.1)":{"counter_culture":0.0002657288,"herd_immunity":0.962155536,"obs_comp":0.9598726065},"('mean', 2, 0.333333, 0.01, 0.125)":{"counter_culture":0.00026229,"herd_immunity":0.9620554438,"obs_comp":0.9592060961},"('mean', 2, 0.333333, 0.01, 0.15)":{"counter_culture":0.0002802657,"herd_immunity":0.9610838495,"obs_comp":0.9574008597},"('mean', 2, 0.333333, 0.01, 0.175)":{"counter_culture":0.0002785463,"herd_immunity":0.9620032008,"obs_comp":0.9573555295},"('mean', 2, 0.333333, 0.01, 0.2)":{"counter_culture":0.0002908949,"herd_immunity":0.9604646233,"obs_comp":0.9551796796},"('mean', 2, 0.333333, 0.01, 0.225)":{"counter_culture":0.0003080891,"herd_immunity":0.9603435671,"obs_comp":0.9539254396},"('mean', 2, 0.333333, 0.01, 0.25)":{"counter_culture":0.0003105901,"herd_immunity":0.9595432406,"obs_comp":0.952196483},"('mean', 2, 0.333333, 0.01, 0.275)":{"counter_culture":0.0003270027,"herd_immunity":0.9591999569,"obs_comp":0.9507831184},"('mean', 2, 0.333333, 0.01, 0.3)":{"counter_culture":0.000336694,"herd_immunity":0.9593022181,"obs_comp":0.9501078546},"('mean', 2, 0.333333, 0.01, 0.325)":{"counter_culture":0.0003523251,"herd_immunity":0.9585418292,"obs_comp":0.9480547089},"('mean', 2, 0.333333, 0.01, 0.35)":{"counter_culture":0.0003793669,"herd_immunity":0.9585871983,"obs_comp":0.9464350137},"('mean', 2, 0.333333, 0.01, 0.375)":{"counter_culture":0.0004015631,"herd_immunity":0.9580024278,"obs_comp":0.9446044549},"('mean', 2, 0.333333, 0.01, 0.4)":{"counter_culture":0.0004109418,"herd_immunity":0.9578730906,"obs_comp":0.9430679172},"('mean', 2, 0.333333, 0.01, 0.425)":{"counter_culture":0.0004734662,"herd_immunity":0.9575456257,"obs_comp":0.941054787},"('mean', 2, 0.333333, 0.01, 0.45)":{"counter_culture":0.0005023837,"herd_immunity":0.9562428533,"obs_comp":0.9380862837},"('mean', 2, 0.333333, 0.01, 0.475)":{"counter_culture":0.0005700664,"herd_immunity":0.9567532117,"obs_comp":0.9363696757},"('mean', 2, 0.333333, 0.01, 0.5)":{"counter_culture":0.0006711997,"herd_immunity":0.9557490184,"obs_comp":0.9333575615},"('mean', 2, 0.333333, 0.01, 0.525)":{"counter_culture":0.0007481047,"herd_immunity":0.9554768321,"obs_comp":0.9308880031},"('mean', 2, 0.333333, 0.01, 0.55)":{"counter_culture":0.0009433372,"herd_immunity":0.954910816,"obs_comp":0.9278016413},"('mean', 2, 0.333333, 0.01, 0.575)":{"counter_culture":0.0012581477,"herd_immunity":0.9541908097,"obs_comp":0.9240976944},"('mean', 2, 0.333333, 0.01, 0.6)":{"counter_culture":0.0015498242,"herd_immunity":0.9539130038,"obs_comp":0.9208937866},"('mean', 2, 0.333333, 0.01, 0.625)":{"counter_culture":0.0027295037,"herd_immunity":0.9532957921,"obs_comp":0.9173455256},"('mean', 2, 0.333333, 0.01, 0.65)":{"counter_culture":0.0038596327,"herd_immunity":0.9530797264,"obs_comp":0.912311059},"('mean', 2, 0.333333, 0.01, 0.675)":{"counter_culture":0.0063951544,"herd_immunity":0.9527906037,"obs_comp":0.9085062915},"('mean', 2, 0.333333, 0.01, 0.7)":{"counter_culture":0.0109958578,"herd_immunity":0.9516310798,"obs_comp":0.9016994138},"('mean', 2, 0.333333, 0.01, 0.725)":{"counter_culture":0.0171123095,"herd_immunity":0.9518662884,"obs_comp":0.8962923017},"('mean', 2, 0.333333, 0.01, 0.75)":{"counter_culture":0.0266937085,"herd_immunity":0.9510987627,"obs_comp":0.8894511919},"('mean', 2, 0.333333, 0.01, 0.775)":{"counter_culture":0.0382422821,"herd_immunity":0.9502673708,"obs_comp":0.8818441579},"('mean', 2, 0.333333, 0.01, 0.8)":{"counter_culture":0.0529750684,"herd_immunity":0.9495647955,"obs_comp":0.871522626},"('mean', 2, 0.333333, 0.01, 0.825)":{"counter_culture":0.0690257132,"herd_immunity":0.9494123708,"obs_comp":0.8611324736},"('mean', 2, 0.333333, 0.01, 0.85)":{"counter_culture":0.0887263775,"herd_immunity":0.9486041356,"obs_comp":0.8474296209},"('mean', 2, 0.333333, 0.01, 0.875)":{"counter_culture":0.1103177804,"herd_immunity":0.9473207763,"obs_comp":0.8316987886},"('mean', 2, 0.333333, 0.01, 0.9)":{"counter_culture":0.1344955061,"herd_immunity":0.9474358624,"obs_comp":0.8138630715},"('mean', 2, 0.333333, 0.01, 0.925)":{"counter_culture":0.16785932,"herd_immunity":0.9473133695,"obs_comp":0.7874755764},"('mean', 2, 0.333333, 0.01, 0.95)":{"counter_culture":0.2055543572,"herd_immunity":0.9463254174,"obs_comp":0.7561342712},"('mean', 2, 0.333333, 0.01, 0.975)":{"counter_culture":0.2637123877,"herd_immunity":0.9467711661,"obs_comp":0.7059629543},"('mean', 2, 0.333333, 0.01, 1.0)":{"counter_culture":0.3484064088,"herd_immunity":null,"obs_comp":0.6305656897}}