{"('mean', 2, 0.333333, 0.01, 0.0)":{"counter_culture":0.0017146314,"herd_immunity":0.9771090781,"obs_comp":0.9773516381},"('mean', 2, 0.333333, 0.01, 0.025)":{"counter_culture":0.001778481,"herd_immunity":0.9772508394,"obs_comp":0.9769525316},"('mean', 2, 0.333333, 0.01, 0.05)":{"counter_culture":0.0018559196,"herd_immunity":0.97696362,"obs_comp":0.9765206627},"('mean', 2, 0.333333, 0.01, 0.075)":{"counter_culture":0.0018255771,"herd_immunity":0.976736893,"obs_comp":0.9760264334},"('mean', 2, 0.333333, 0.01, 0.1)":{"counter_culture":0.0019320551,"herd_immunity":0.9764832916,"obs_comp":0.9753538719},"('mean', 2, 0.333333, 0.01, 0.125)":{"counter_culture":0.0020469099,"herd_immunity":0.9766426702,"obs_comp":0.9750130305},"('mean', 2, 0.333333, 0.01, 0.15)":{"counter_culture":0.002160834,"herd_immunity":0.9759890353,"obs_comp":0.9740130305},"('mean', 2, 0.333333, 0.01, 0.175)":{"counter_culture":0.0021958302,"herd_immunity":0.9762037102,"obs_comp":0.9736874535},"('mean', 2, 0.333333, 0.01, 0.2)":{"counter_culture":0.002358898,"herd_immunity":0.9755015695,"obs_comp":0.9727086746},"('mean', 2, 0.333333, 0.01, 0.225)":{"counter_culture":0.002303239,"herd_immunity":0.9755444719,"obs_comp":0.9725379747},"('mean', 2, 0.333333, 0.01, 0.25)":{"counter_culture":0.0026234177,"herd_immunity":0.9754707752,"obs_comp":0.9717654505},"('mean', 2, 0.333333, 0.01, 0.275)":{"counter_culture":0.0025320179,"herd_immunity":0.9750516727,"obs_comp":0.9707427401},"('mean', 2, 0.333333, 0.01, 0.3)":{"counter_culture":0.0027144453,"herd_immunity":0.9747004837,"obs_comp":0.9700065153},"('mean', 2, 0.333333, 0.01, 0.325)":{"counter_culture":0.0027812733,"herd_immunity":0.9748021909,"obs_comp":0.969099032},"('mean', 2, 0.333333, 0.01, 0.35)":{"counter_culture":0.0030485853,"herd_immunity":0.9743379839,"obs_comp":0.9683981757},"('mean', 2, 0.333333, 0.01, 0.375)":{"counter_culture":0.0032339911,"herd_immunity":0.9741534635,"obs_comp":0.9671068503},"('mean', 2, 0.333333, 0.01, 0.4)":{"counter_culture":0.0035403946,"herd_immunity":0.9738135047,"obs_comp":0.9661839166},"('mean', 2, 0.333333, 0.01, 0.425)":{"counter_culture":0.0033702532,"herd_immunity":0.9736406407,"obs_comp":0.9653508935},"('mean', 2, 0.333333, 0.01, 0.45)":{"counter_culture":0.0035899106,"herd_immunity":0.9738004124,"obs_comp":0.9642823902},"('mean', 2, 0.333333, 0.01, 0.475)":{"counter_culture":0.0038091958,"herd_immunity":0.9733020904,"obs_comp":0.9630104244},"('mean', 2, 0.333333, 0.01, 0.5)":{"counter_culture":0.0041539464,"herd_immunity":0.9729185923,"obs_comp":0.961330417},"('mean', 2, 0.333333, 0.01, 0.525)":{"counter_culture":0.0043961281,"herd_immunity":0.9728577675,"obs_comp":0.9601993671},"('mean', 2, 0.333333, 0.01, 0.55)":{"counter_culture":0.0045796724,"herd_immunity":0.9722086187,"obs_comp":0.9583207372},"('mean', 2, 0.333333, 0.01, 0.575)":{"counter_culture":0.0049599777,"herd_immunity":0.9724497485,"obs_comp":0.9571364483},"('mean', 2, 0.333333, 0.01, 0.6)":{"counter_culture":0.0056848474,"herd_immunity":0.971677987,"obs_comp":0.95428965},"('mean', 2, 0.333333, 0.01, 0.625)":{"counter_culture":0.00583414,"herd_immunity":0.9719926203,"obs_comp":0.9528892405},"('mean', 2, 0.333333, 0.01, 0.65)":{"counter_culture":0.0062131422,"herd_immunity":0.9718904629,"obs_comp":0.9504532762},"('mean', 2, 0.333333, 0.01, 0.675)":{"counter_culture":0.0069080417,"herd_immunity":0.9716157741,"obs_comp":0.9480725987},"('mean', 2, 0.333333, 0.01, 0.7)":{"counter_culture":0.0082204021,"herd_immunity":0.9706201526,"obs_comp":0.9440078183},"('mean', 2, 0.333333, 0.01, 0.725)":{"counter_culture":0.009310685,"herd_immunity":0.9703390392,"obs_comp":0.9407274758},"('mean', 2, 0.333333, 0.01, 0.75)":{"counter_culture":0.0110649665,"herd_immunity":0.970121207,"obs_comp":0.9368883098},"('mean', 2, 0.333333, 0.01, 0.775)":{"counter_culture":0.0140178704,"herd_immunity":0.9699449947,"obs_comp":0.9318721147},"('mean', 2, 0.333333, 0.01, 0.8)":{"counter_culture":0.0187468354,"herd_immunity":0.9694986014,"obs_comp":0.9262274758},"('mean', 2, 0.333333, 0.01, 0.825)":{"counter_culture":0.0250545421,"herd_immunity":0.969656668,"obs_comp":0.9195975428},"('mean', 2, 0.333333, 0.01, 0.85)":{"counter_culture":0.0366297468,"herd_immunity":0.9692086047,"obs_comp":0.9112630305},"('mean', 2, 0.333333, 0.01, 0.875)":{"counter_culture":0.0545584512,"herd_immunity":0.9685121901,"obs_comp":0.9001800074},"('mean', 2, 0.333333, 0.01, 0.9)":{"counter_culture":0.0788147803,"herd_immunity":0.968371337,"obs_comp":0.8832317573},"('mean', 2, 0.333333, 0.01, 0.925)":{"counter_culture":0.106032204,"herd_immunity":0.9677107013,"obs_comp":0.8624069248},"('mean', 2, 0.333333, 0.01, 0.95)":{"counter_culture":0.146948064,"herd_immunity":0.9670937271,"obs_comp":0.8279177215},"('mean', 2, 0.333333, 0.01, 0.975)":{"counter_culture":0.2131956441,"herd_immunity":0.9683447363,"obs_comp":0.7678844006},"('mean', 2, 0.333333, 0.01, 1.0)":{"counter_culture":0.3426612063,"herd_immunity":null,"obs_comp":0.6450530529}}