{"('mean', 2, 0.333333, 0.01, 0.0)":{"counter_culture":0.0016711799,"herd_immunity":0.9693309634,"obs_comp":0.969475951},"('mean', 2, 0.333333, 0.01, 0.025)":{"counter_culture":0.0017754997,"herd_immunity":0.9689080895,"obs_comp":0.9687386202},"('mean', 2, 0.333333, 0.01, 0.05)":{"counter_culture":0.0018125081,"herd_immunity":0.9686320078,"obs_comp":0.9681209542},"('mean', 2, 0.333333, 0.01, 0.075)":{"counter_culture":0.0018059317,"herd_immunity":0.9685089477,"obs_comp":0.9674799484},"('mean', 2, 0.333333, 0.01, 0.1)":{"counter_culture":0.0017859446,"herd_immunity":0.9682947457,"obs_comp":0.9670030948},"('mean', 2, 0.333333, 0.01, 0.125)":{"counter_culture":0.0018180529,"herd_immunity":0.9679773786,"obs_comp":0.9662419084},"('mean', 2, 0.333333, 0.01, 0.15)":{"counter_culture":0.0018710509,"herd_immunity":0.9678501321,"obs_comp":0.9656729852},"('mean', 2, 0.333333, 0.01, 0.175)":{"counter_culture":0.0019410703,"herd_immunity":0.9675552019,"obs_comp":0.9647191489},"('mean', 2, 0.333333, 0.01, 0.2)":{"counter_culture":0.001972147,"herd_immunity":0.9670177957,"obs_comp":0.9639460993},"('mean', 2, 0.333333, 0.01, 0.225)":{"counter_culture":0.0020465506,"herd_immunity":0.966659394,"obs_comp":0.962848227},"('mean', 2, 0.333333, 0.01, 0.25)":{"counter_culture":0.0020499033,"herd_immunity":0.9666561889,"obs_comp":0.9622403611},"('mean', 2, 0.333333, 0.01, 0.275)":{"counter_culture":0.0020780142,"herd_immunity":0.9663767137,"obs_comp":0.9612844616},"('mean', 2, 0.333333, 0.01, 0.3)":{"counter_culture":0.002065893,"herd_immunity":0.9660313194,"obs_comp":0.9603767892},"('mean', 2, 0.333333, 0.01, 0.325)":{"counter_culture":0.0021971631,"herd_immunity":0.9658460372,"obs_comp":0.9594927144},"('mean', 2, 0.333333, 0.01, 0.35)":{"counter_culture":0.0021223727,"herd_immunity":0.965890134,"obs_comp":0.958822695},"('mean', 2, 0.333333, 0.01, 0.375)":{"counter_culture":0.0023225016,"herd_immunity":0.965052584,"obs_comp":0.9572700193},"('mean', 2, 0.333333, 0.01, 0.4)":{"counter_culture":0.002420374,"herd_immunity":0.9648296093,"obs_comp":0.9561774339},"('mean', 2, 0.333333, 0.01, 0.425)":{"counter_culture":0.0024750484,"herd_immunity":0.9647425929,"obs_comp":0.9549087041},"('mean', 2, 0.333333, 0.01, 0.45)":{"counter_culture":0.0025401676,"herd_immunity":0.9640861199,"obs_comp":0.953493617},"('mean', 2, 0.333333, 0.01, 0.475)":{"counter_culture":0.0025346228,"herd_immunity":0.9643081119,"obs_comp":0.9524796905},"('mean', 2, 0.333333, 0.01, 0.5)":{"counter_culture":0.0026727273,"herd_immunity":0.9638574674,"obs_comp":0.9508459059},"('mean', 2, 0.333333, 0.01, 0.525)":{"counter_culture":0.0027414571,"herd_immunity":0.9637297453,"obs_comp":0.9493491941},"('mean', 2, 0.333333, 0.01, 0.55)":{"counter_culture":0.0028738878,"herd_immunity":0.9633807735,"obs_comp":0.947584913},"('mean', 2, 0.333333, 0.01, 0.575)":{"counter_culture":0.003078401,"herd_immunity":0.9629312857,"obs_comp":0.9453894262},"('mean', 2, 0.333333, 0.01, 0.6)":{"counter_culture":0.0033080593,"herd_immunity":0.962077222,"obs_comp":0.9430495164},"('mean', 2, 0.333333, 0.01, 0.625)":{"counter_culture":0.0036010316,"herd_immunity":0.9620566865,"obs_comp":0.9408036106},"('mean', 2, 0.333333, 0.01, 0.65)":{"counter_culture":0.0038198582,"herd_immunity":0.9620373991,"obs_comp":0.9382499033},"('mean', 2, 0.333333, 0.01, 0.675)":{"counter_culture":0.0043798839,"herd_immunity":0.9613169696,"obs_comp":0.9351858156},"('mean', 2, 0.333333, 0.01, 0.7)":{"counter_culture":0.0049143778,"herd_immunity":0.9611525426,"obs_comp":0.9320055448},"('mean', 2, 0.333333, 0.01, 0.725)":{"counter_culture":0.0057482914,"herd_immunity":0.9606516924,"obs_comp":0.9283059961},"('mean', 2, 0.333333, 0.01, 0.75)":{"counter_culture":0.007734236,"herd_immunity":0.9603846873,"obs_comp":0.9231262411},"('mean', 2, 0.333333, 0.01, 0.775)":{"counter_culture":0.0099557705,"herd_immunity":0.9597754268,"obs_comp":0.9185119278},"('mean', 2, 0.333333, 0.01, 0.8)":{"counter_culture":0.0140309478,"herd_immunity":0.9597348034,"obs_comp":0.9127470019},"('mean', 2, 0.333333, 0.01, 0.825)":{"counter_culture":0.023053256,"herd_immunity":0.9597712098,"obs_comp":0.9053330754},"('mean', 2, 0.333333, 0.01, 0.85)":{"counter_culture":0.0361811734,"herd_immunity":0.9591656274,"obs_comp":0.8958629271},"('mean', 2, 0.333333, 0.01, 0.875)":{"counter_culture":0.0563097357,"herd_immunity":0.9588957477,"obs_comp":0.88315951},"('mean', 2, 0.333333, 0.01, 0.9)":{"counter_culture":0.0793103804,"herd_immunity":0.9577157586,"obs_comp":0.8675170858},"('mean', 2, 0.333333, 0.01, 0.925)":{"counter_culture":0.109772276,"herd_immunity":0.9575531856,"obs_comp":0.8442205029},"('mean', 2, 0.333333, 0.01, 0.95)":{"counter_culture":0.1530529981,"herd_immunity":0.95738857,"obs_comp":0.8089098646},"('mean', 2, 0.333333, 0.01, 0.975)":{"counter_culture":0.2178852353,"herd_immunity":0.9574215618,"obs_comp":0.7522696325},"('mean', 2, 0.333333, 0.01, 1.0)":{"counter_culture":0.3423057382,"herd_immunity":null,"obs_comp":0.6379427466}}