{"('mean', 2, 0.333333, 0.01, 0.0)":{"counter_culture":0.0113781145,"herd_immunity":0.9479736776,"obs_comp":0.9483707071},"('mean', 2, 0.333333, 0.01, 0.025)":{"counter_culture":0.0127282828,"herd_immunity":0.9460046524,"obs_comp":0.9456360269},"('mean', 2, 0.333333, 0.01, 0.05)":{"counter_culture":0.0125343434,"herd_immunity":0.9469954462,"obs_comp":0.9459043771},"('mean', 2, 0.333333, 0.01, 0.075)":{"counter_culture":0.0129346801,"herd_immunity":0.9470684144,"obs_comp":0.9448885522},"('mean', 2, 0.333333, 0.01, 0.1)":{"counter_culture":0.0145023569,"herd_immunity":0.9452473946,"obs_comp":0.9428289562},"('mean', 2, 0.333333, 0.01, 0.125)":{"counter_culture":0.0153501684,"herd_immunity":0.9441367773,"obs_comp":0.9408804714},"('mean', 2, 0.333333, 0.01, 0.15)":{"counter_culture":0.0162016835,"herd_immunity":0.9434274937,"obs_comp":0.9395993266},"('mean', 2, 0.333333, 0.01, 0.175)":{"counter_culture":0.0161659933,"herd_immunity":0.9441072773,"obs_comp":0.9387680135},"('mean', 2, 0.333333, 0.01, 0.2)":{"counter_culture":0.0169154882,"herd_immunity":0.9439753189,"obs_comp":0.9380811448},"('mean', 2, 0.333333, 0.01, 0.225)":{"counter_culture":0.0179868687,"herd_immunity":0.9432125253,"obs_comp":0.9362198653},"('mean', 2, 0.333333, 0.01, 0.25)":{"counter_culture":0.018393266,"herd_immunity":0.9431829339,"obs_comp":0.9349673401},"('mean', 2, 0.333333, 0.01, 0.275)":{"counter_culture":0.0212589226,"herd_immunity":0.940375863,"obs_comp":0.9316649832},"('mean', 2, 0.333333, 0.01, 0.3)":{"counter_culture":0.0204579125,"herd_immunity":0.940917293,"obs_comp":0.9313962963},"('mean', 2, 0.333333, 0.01, 0.325)":{"counter_culture":0.0216909091,"herd_immunity":0.94113677,"obs_comp":0.9299117845},"('mean', 2, 0.333333, 0.01, 0.35)":{"counter_culture":0.0233875421,"herd_immunity":0.9402404547,"obs_comp":0.9273872054},"('mean', 2, 0.333333, 0.01, 0.375)":{"counter_culture":0.0250461279,"herd_immunity":0.9390796531,"obs_comp":0.9251885522},"('mean', 2, 0.333333, 0.01, 0.4)":{"counter_culture":0.0254875421,"herd_immunity":0.9400794493,"obs_comp":0.9244164983},"('mean', 2, 0.333333, 0.01, 0.425)":{"counter_culture":0.0262319865,"herd_immunity":0.9402195849,"obs_comp":0.9225606061},"('mean', 2, 0.333333, 0.01, 0.45)":{"counter_culture":0.0291350168,"herd_immunity":0.9383360396,"obs_comp":0.9190286195},"('mean', 2, 0.333333, 0.01, 0.475)":{"counter_culture":0.0306915825,"herd_immunity":0.9378363062,"obs_comp":0.9162582492},"('mean', 2, 0.333333, 0.01, 0.5)":{"counter_culture":0.0324814815,"herd_immunity":0.9359968096,"obs_comp":0.9134090909},"('mean', 2, 0.333333, 0.01, 0.525)":{"counter_culture":0.0324107744,"herd_immunity":0.9375829803,"obs_comp":0.912893266},"('mean', 2, 0.333333, 0.01, 0.55)":{"counter_culture":0.0350693603,"herd_immunity":0.936597494,"obs_comp":0.9090309764},"('mean', 2, 0.333333, 0.01, 0.575)":{"counter_culture":0.036316835,"herd_immunity":0.9357883637,"obs_comp":0.9065535354},"('mean', 2, 0.333333, 0.01, 0.6)":{"counter_culture":0.039779798,"herd_immunity":0.9343982993,"obs_comp":0.9019181818},"('mean', 2, 0.333333, 0.01, 0.625)":{"counter_culture":0.0412845118,"herd_immunity":0.9348639933,"obs_comp":0.8996010101},"('mean', 2, 0.333333, 0.01, 0.65)":{"counter_culture":0.0452444444,"herd_immunity":0.9332241031,"obs_comp":0.8938740741},"('mean', 2, 0.333333, 0.01, 0.675)":{"counter_culture":0.0490185185,"herd_immunity":0.9326090172,"obs_comp":0.8889744108},"('mean', 2, 0.333333, 0.01, 0.7)":{"counter_culture":0.0515084175,"herd_immunity":0.9326163366,"obs_comp":0.8854484848},"('mean', 2, 0.333333, 0.01, 0.725)":{"counter_culture":0.0586181818,"herd_immunity":0.930145875,"obs_comp":0.8772707071},"('mean', 2, 0.333333, 0.01, 0.75)":{"counter_culture":0.0633023569,"herd_immunity":0.9312489274,"obs_comp":0.8721602694},"('mean', 2, 0.333333, 0.01, 0.775)":{"counter_culture":0.0708013468,"herd_immunity":0.9302802141,"obs_comp":0.8653545455},"('mean', 2, 0.333333, 0.01, 0.8)":{"counter_culture":0.0820531987,"herd_immunity":0.9296320252,"obs_comp":0.8570262626},"('mean', 2, 0.333333, 0.01, 0.825)":{"counter_culture":0.09783367,"herd_immunity":0.9282856159,"obs_comp":0.8451905724},"('mean', 2, 0.333333, 0.01, 0.85)":{"counter_culture":0.115343771,"herd_immunity":0.9276725566,"obs_comp":0.8332360269},"('mean', 2, 0.333333, 0.01, 0.875)":{"counter_culture":0.1385488215,"herd_immunity":0.9255325187,"obs_comp":0.8163909091},"('mean', 2, 0.333333, 0.01, 0.9)":{"counter_culture":0.1615653199,"herd_immunity":0.9264264418,"obs_comp":0.7991457912},"('mean', 2, 0.333333, 0.01, 0.925)":{"counter_culture":0.193652862,"herd_immunity":0.9255743466,"obs_comp":0.7724872054},"('mean', 2, 0.333333, 0.01, 0.95)":{"counter_culture":0.2334195286,"herd_immunity":0.9229996707,"obs_comp":0.7384976431},"('mean', 2, 0.333333, 0.01, 0.975)":{"counter_culture":0.2866892256,"herd_immunity":0.9259835387,"obs_comp":0.6907144781},"('mean', 2, 0.333333, 0.01, 1.0)":{"counter_culture":0.3678996633,"herd_immunity":null,"obs_comp":0.6157676768}}