{"('mean', 2, 0.333333, 0.01, 0.0)":{"counter_culture":0.0010988445,"herd_immunity":0.9763836928,"obs_comp":0.9765668326},"('mean', 2, 0.333333, 0.01, 0.025)":{"counter_culture":0.0011109565,"herd_immunity":0.9759116667,"obs_comp":0.9757408954},"('mean', 2, 0.333333, 0.01, 0.05)":{"counter_culture":0.0012158415,"herd_immunity":0.9760411984,"obs_comp":0.9754494336},"('mean', 2, 0.333333, 0.01, 0.075)":{"counter_culture":0.0012398079,"herd_immunity":0.975623645,"obs_comp":0.9747224542},"('mean', 2, 0.333333, 0.01, 0.1)":{"counter_culture":0.0012895445,"herd_immunity":0.9754225424,"obs_comp":0.9740294915},"('mean', 2, 0.333333, 0.01, 0.125)":{"counter_culture":0.0011967715,"herd_immunity":0.9753882226,"obs_comp":0.9734501758},"('mean', 2, 0.333333, 0.01, 0.15)":{"counter_culture":0.0013377349,"herd_immunity":0.9747790169,"obs_comp":0.9723778747},"('mean', 2, 0.333333, 0.01, 0.175)":{"counter_culture":0.0013379926,"herd_immunity":0.9744929994,"obs_comp":0.971651153},"('mean', 2, 0.333333, 0.01, 0.2)":{"counter_culture":0.0013204688,"herd_immunity":0.9747507993,"obs_comp":0.9711130697},"('mean', 2, 0.333333, 0.01, 0.225)":{"counter_culture":0.0015103957,"herd_immunity":0.9742077601,"obs_comp":0.9700667965},"('mean', 2, 0.333333, 0.01, 0.25)":{"counter_culture":0.0016160538,"herd_immunity":0.9737288696,"obs_comp":0.9687378235},"('mean', 2, 0.333333, 0.01, 0.275)":{"counter_culture":0.0016400095,"herd_immunity":0.9736366361,"obs_comp":0.96792197},"('mean', 2, 0.333333, 0.01, 0.3)":{"counter_culture":0.0016159198,"herd_immunity":0.972304504,"obs_comp":0.9659560256},"('mean', 2, 0.333333, 0.01, 0.325)":{"counter_culture":0.0019810743,"herd_immunity":0.9720619215,"obs_comp":0.9644027275},"('mean', 2, 0.333333, 0.01, 0.35)":{"counter_culture":0.0020910103,"herd_immunity":0.9719703181,"obs_comp":0.9635360423},"('mean', 2, 0.333333, 0.01, 0.375)":{"counter_culture":0.0023715558,"herd_immunity":0.9717839283,"obs_comp":0.9620478709},"('mean', 2, 0.333333, 0.01, 0.4)":{"counter_culture":0.0022655163,"herd_immunity":0.9717071153,"obs_comp":0.960915391},"('mean', 2, 0.333333, 0.01, 0.425)":{"counter_culture":0.0023659894,"herd_immunity":0.9713749786,"obs_comp":0.9595886446},"('mean', 2, 0.333333, 0.01, 0.45)":{"counter_culture":0.0029256888,"herd_immunity":0.9713238458,"obs_comp":0.9578302254},"('mean', 2, 0.333333, 0.01, 0.475)":{"counter_culture":0.0032396326,"herd_immunity":0.9702202748,"obs_comp":0.9558110214},"('mean', 2, 0.333333, 0.01, 0.5)":{"counter_culture":0.0036668522,"herd_immunity":0.9698147744,"obs_comp":0.9537976621},"('mean', 2, 0.333333, 0.01, 0.525)":{"counter_culture":0.0041566936,"herd_immunity":0.9699532229,"obs_comp":0.9520481492},"('mean', 2, 0.333333, 0.01, 0.55)":{"counter_culture":0.0046022822,"herd_immunity":0.969826652,"obs_comp":0.9500718063},"('mean', 2, 0.333333, 0.01, 0.575)":{"counter_culture":0.005541052,"herd_immunity":0.969329141,"obs_comp":0.947006123},"('mean', 2, 0.333333, 0.01, 0.6)":{"counter_culture":0.006742555,"herd_immunity":0.968321983,"obs_comp":0.9442641247},"('mean', 2, 0.333333, 0.01, 0.625)":{"counter_culture":0.0072518787,"herd_immunity":0.968496232,"obs_comp":0.9414586696},"('mean', 2, 0.333333, 0.01, 0.65)":{"counter_culture":0.0096131367,"herd_immunity":0.9679596667,"obs_comp":0.9373476204},"('mean', 2, 0.333333, 0.01, 0.675)":{"counter_culture":0.0111978848,"herd_immunity":0.9679961542,"obs_comp":0.93390398},"('mean', 2, 0.333333, 0.01, 0.7)":{"counter_culture":0.0133064292,"herd_immunity":0.9676556498,"obs_comp":0.9301458391},"('mean', 2, 0.333333, 0.01, 0.725)":{"counter_culture":0.0155583078,"herd_immunity":0.9676549348,"obs_comp":0.9260731979},"('mean', 2, 0.333333, 0.01, 0.75)":{"counter_culture":0.0214698024,"herd_immunity":0.9666653739,"obs_comp":0.9196451433},"('mean', 2, 0.333333, 0.01, 0.775)":{"counter_culture":0.0278903423,"herd_immunity":0.965911727,"obs_comp":0.9129663234},"('mean', 2, 0.333333, 0.01, 0.8)":{"counter_culture":0.0363353743,"herd_immunity":0.966031146,"obs_comp":0.9054920679},"('mean', 2, 0.333333, 0.01, 0.825)":{"counter_culture":0.0513172836,"herd_immunity":0.9656137515,"obs_comp":0.8944158085},"('mean', 2, 0.333333, 0.01, 0.85)":{"counter_culture":0.06728973,"herd_immunity":0.9650063446,"obs_comp":0.8830381297},"('mean', 2, 0.333333, 0.01, 0.875)":{"counter_culture":0.0868110214,"herd_immunity":0.9646998133,"obs_comp":0.8691452825},"('mean', 2, 0.333333, 0.01, 0.9)":{"counter_culture":0.11183941,"herd_immunity":0.9642491383,"obs_comp":0.8499749513},"('mean', 2, 0.333333, 0.01, 0.925)":{"counter_culture":0.1431402728,"herd_immunity":0.9637165038,"obs_comp":0.8242563318},"('mean', 2, 0.333333, 0.01, 0.95)":{"counter_culture":0.1854071806,"herd_immunity":0.9634314583,"obs_comp":0.7876070136},"('mean', 2, 0.333333, 0.01, 0.975)":{"counter_culture":0.2459524075,"herd_immunity":0.9644302913,"obs_comp":0.7327653771},"('mean', 2, 0.333333, 0.01, 1.0)":{"counter_culture":0.3435215697,"herd_immunity":null,"obs_comp":0.6416465349}}