{"('mean', 2, 0.333333, 0.01, 0.0)":{"counter_culture":0.0031968193,"herd_immunity":0.977055111,"obs_comp":0.9772975038},"('mean', 2, 0.333333, 0.01, 0.025)":{"counter_culture":0.0031856602,"herd_immunity":0.9766631827,"obs_comp":0.9764604221},"('mean', 2, 0.333333, 0.01, 0.05)":{"counter_culture":0.0032287232,"herd_immunity":0.9765141423,"obs_comp":0.9760247848},"('mean', 2, 0.333333, 0.01, 0.075)":{"counter_culture":0.0033119878,"herd_immunity":0.9763617393,"obs_comp":0.9755030216},"('mean', 2, 0.333333, 0.01, 0.1)":{"counter_culture":0.0033423179,"herd_immunity":0.9763628971,"obs_comp":0.9750457813},"('mean', 2, 0.333333, 0.01, 0.125)":{"counter_culture":0.0033155645,"herd_immunity":0.9763222518,"obs_comp":0.9744490512},"('mean', 2, 0.333333, 0.01, 0.15)":{"counter_culture":0.0036423282,"herd_immunity":0.9755113151,"obs_comp":0.9732704699},"('mean', 2, 0.333333, 0.01, 0.175)":{"counter_culture":0.003579379,"herd_immunity":0.975412794,"obs_comp":0.9728395539},"('mean', 2, 0.333333, 0.01, 0.2)":{"counter_culture":0.0037851085,"herd_immunity":0.9751655416,"obs_comp":0.9720943208},"('mean', 2, 0.333333, 0.01, 0.225)":{"counter_culture":0.0037370382,"herd_immunity":0.9750885536,"obs_comp":0.9712970116},"('mean', 2, 0.333333, 0.01, 0.25)":{"counter_culture":0.0037856808,"herd_immunity":0.9750203434,"obs_comp":0.97064749},"('mean', 2, 0.333333, 0.01, 0.275)":{"counter_culture":0.0040214542,"herd_immunity":0.9745367879,"obs_comp":0.9695493121},"('mean', 2, 0.333333, 0.01, 0.3)":{"counter_culture":0.0039662306,"herd_immunity":0.9744919862,"obs_comp":0.9690162466},"('mean', 2, 0.333333, 0.01, 0.325)":{"counter_culture":0.0040825436,"herd_immunity":0.9743627202,"obs_comp":0.9681700087},"('mean', 2, 0.333333, 0.01, 0.35)":{"counter_culture":0.0041440622,"herd_immunity":0.9735762246,"obs_comp":0.9665374777},"('mean', 2, 0.333333, 0.01, 0.375)":{"counter_culture":0.0041772536,"herd_immunity":0.9738405145,"obs_comp":0.9659813785},"('mean', 2, 0.333333, 0.01, 0.4)":{"counter_culture":0.0042364831,"herd_immunity":0.9734757322,"obs_comp":0.964602075},"('mean', 2, 0.333333, 0.01, 0.425)":{"counter_culture":0.0045300554,"herd_immunity":0.9730447241,"obs_comp":0.9633815753},"('mean', 2, 0.333333, 0.01, 0.45)":{"counter_culture":0.0044892815,"herd_immunity":0.9734668827,"obs_comp":0.9624308989},"('mean', 2, 0.333333, 0.01, 0.475)":{"counter_culture":0.0046824211,"herd_immunity":0.9725178171,"obs_comp":0.9607925022},"('mean', 2, 0.333333, 0.01, 0.5)":{"counter_culture":0.0048831433,"herd_immunity":0.9724704119,"obs_comp":0.9588433652},"('mean', 2, 0.333333, 0.01, 0.525)":{"counter_culture":0.004863114,"herd_immunity":0.9719123492,"obs_comp":0.9571886588},"('mean', 2, 0.333333, 0.01, 0.55)":{"counter_culture":0.0051737113,"herd_immunity":0.9718029458,"obs_comp":0.955500475},"('mean', 2, 0.333333, 0.01, 0.575)":{"counter_culture":0.0053101966,"herd_immunity":0.9716058872,"obs_comp":0.9534443243},"('mean', 2, 0.333333, 0.01, 0.6)":{"counter_culture":0.0055655702,"herd_immunity":0.9713828327,"obs_comp":0.9513174987},"('mean', 2, 0.333333, 0.01, 0.625)":{"counter_culture":0.0058444067,"herd_immunity":0.9710217249,"obs_comp":0.9485842146},"('mean', 2, 0.333333, 0.01, 0.65)":{"counter_culture":0.0061175205,"herd_immunity":0.9709228902,"obs_comp":0.9457454905},"('mean', 2, 0.333333, 0.01, 0.675)":{"counter_culture":0.0068697638,"herd_immunity":0.9707242111,"obs_comp":0.9425003147},"('mean', 2, 0.333333, 0.01, 0.7)":{"counter_culture":0.008080535,"herd_immunity":0.9708478778,"obs_comp":0.9389044831},"('mean', 2, 0.333333, 0.01, 0.725)":{"counter_culture":0.0096123472,"herd_immunity":0.9695501575,"obs_comp":0.9344433858},"('mean', 2, 0.333333, 0.01, 0.75)":{"counter_culture":0.0125124468,"herd_immunity":0.9695096724,"obs_comp":0.9293981481},"('mean', 2, 0.333333, 0.01, 0.775)":{"counter_culture":0.0170746921,"herd_immunity":0.9691769888,"obs_comp":0.9237842215},"('mean', 2, 0.333333, 0.01, 0.8)":{"counter_culture":0.0256603946,"herd_immunity":0.9682663192,"obs_comp":0.9164938424},"('mean', 2, 0.333333, 0.01, 0.825)":{"counter_culture":0.0373390503,"herd_immunity":0.9688693843,"obs_comp":0.9086097377},"('mean', 2, 0.333333, 0.01, 0.85)":{"counter_culture":0.0532633452,"herd_immunity":0.9683272846,"obs_comp":0.8980799055},"('mean', 2, 0.333333, 0.01, 0.875)":{"counter_culture":0.0720937486,"herd_immunity":0.9675673266,"obs_comp":0.885040545},"('mean', 2, 0.333333, 0.01, 0.9)":{"counter_culture":0.0947863732,"herd_immunity":0.9671338867,"obs_comp":0.8680107758},"('mean', 2, 0.333333, 0.01, 0.925)":{"counter_culture":0.1235143982,"herd_immunity":0.9669364265,"obs_comp":0.8448473195},"('mean', 2, 0.333333, 0.01, 0.95)":{"counter_culture":0.1636788674,"herd_immunity":0.9676602248,"obs_comp":0.8103644474},"('mean', 2, 0.333333, 0.01, 0.975)":{"counter_culture":0.2215845751,"herd_immunity":0.966571284,"obs_comp":0.7581650872},"('mean', 2, 0.333333, 0.01, 1.0)":{"counter_culture":0.3188273989,"herd_immunity":null,"obs_comp":0.667591305}}