{"('mean', 2, 0.333333, 0.01, 0.0)":{"counter_culture":0.0010135404,"herd_immunity":0.9818490709,"obs_comp":0.9819082703},"('mean', 2, 0.333333, 0.01, 0.025)":{"counter_culture":0.0010314616,"herd_immunity":0.9814501411,"obs_comp":0.9812329085},"('mean', 2, 0.333333, 0.01, 0.05)":{"counter_culture":0.0009508164,"herd_immunity":0.9816711035,"obs_comp":0.9813789327},"('mean', 2, 0.333333, 0.01, 0.075)":{"counter_culture":0.0010543608,"herd_immunity":0.9812960886,"obs_comp":0.9805343157},"('mean', 2, 0.333333, 0.01, 0.1)":{"counter_culture":0.0009866587,"herd_immunity":0.9811640416,"obs_comp":0.980036506},"('mean', 2, 0.333333, 0.01, 0.125)":{"counter_culture":0.0010968406,"herd_immunity":0.9808549292,"obs_comp":0.9793362538},"('mean', 2, 0.333333, 0.01, 0.15)":{"counter_culture":0.0011496084,"herd_immunity":0.9806315055,"obs_comp":0.9786990575},"('mean', 2, 0.333333, 0.01, 0.175)":{"counter_culture":0.0010965087,"herd_immunity":0.9804610592,"obs_comp":0.9780502456},"('mean', 2, 0.333333, 0.01, 0.2)":{"counter_culture":0.0012305854,"herd_immunity":0.9805059689,"obs_comp":0.9773503252},"('mean', 2, 0.333333, 0.01, 0.225)":{"counter_culture":0.0011990575,"herd_immunity":0.9805268058,"obs_comp":0.9769417895},"('mean', 2, 0.333333, 0.01, 0.25)":{"counter_culture":0.0013291517,"herd_immunity":0.980298254,"obs_comp":0.976155914},"('mean', 2, 0.333333, 0.01, 0.275)":{"counter_culture":0.0013825833,"herd_immunity":0.97984029,"obs_comp":0.9749923669},"('mean', 2, 0.333333, 0.01, 0.3)":{"counter_culture":0.0012710739,"herd_immunity":0.9798927124,"obs_comp":0.9748314085},"('mean', 2, 0.333333, 0.01, 0.325)":{"counter_culture":0.0015880127,"herd_immunity":0.9793628184,"obs_comp":0.9733137528},"('mean', 2, 0.333333, 0.01, 0.35)":{"counter_culture":0.0015840303,"herd_immunity":0.9797489774,"obs_comp":0.97293409},"('mean', 2, 0.333333, 0.01, 0.375)":{"counter_culture":0.0016693217,"herd_immunity":0.978908226,"obs_comp":0.9714834727},"('mean', 2, 0.333333, 0.01, 0.4)":{"counter_culture":0.0017951016,"herd_immunity":0.9790051594,"obs_comp":0.9704553299},"('mean', 2, 0.333333, 0.01, 0.425)":{"counter_culture":0.0020021904,"herd_immunity":0.9785006542,"obs_comp":0.9689287137},"('mean', 2, 0.333333, 0.01, 0.45)":{"counter_culture":0.002144232,"herd_immunity":0.9783771287,"obs_comp":0.9679739148},"('mean', 2, 0.333333, 0.01, 0.475)":{"counter_culture":0.0023085092,"herd_immunity":0.9785377201,"obs_comp":0.9667502987},"('mean', 2, 0.333333, 0.01, 0.5)":{"counter_culture":0.0028312093,"herd_immunity":0.9776787813,"obs_comp":0.9643146821},"('mean', 2, 0.333333, 0.01, 0.525)":{"counter_culture":0.0031544537,"herd_immunity":0.9775773026,"obs_comp":0.9633097703},"('mean', 2, 0.333333, 0.01, 0.55)":{"counter_culture":0.0033047922,"herd_immunity":0.977540624,"obs_comp":0.9613543741},"('mean', 2, 0.333333, 0.01, 0.575)":{"counter_culture":0.0034710607,"herd_immunity":0.9773436423,"obs_comp":0.9600308642},"('mean', 2, 0.333333, 0.01, 0.6)":{"counter_culture":0.0043963228,"herd_immunity":0.9770753664,"obs_comp":0.9569288464},"('mean', 2, 0.333333, 0.01, 0.625)":{"counter_culture":0.0053049914,"herd_immunity":0.976483174,"obs_comp":0.9544650206},"('mean', 2, 0.333333, 0.01, 0.65)":{"counter_culture":0.0057175096,"herd_immunity":0.976367287,"obs_comp":0.9523018718},"('mean', 2, 0.333333, 0.01, 0.675)":{"counter_culture":0.0071409133,"herd_immunity":0.9766583933,"obs_comp":0.948624386},"('mean', 2, 0.333333, 0.01, 0.7)":{"counter_culture":0.0103726935,"herd_immunity":0.9752000962,"obs_comp":0.9443130227},"('mean', 2, 0.333333, 0.01, 0.725)":{"counter_culture":0.0111589008,"herd_immunity":0.9757342411,"obs_comp":0.9411761582},"('mean', 2, 0.333333, 0.01, 0.75)":{"counter_culture":0.0147793044,"herd_immunity":0.9758889609,"obs_comp":0.9359690694},"('mean', 2, 0.333333, 0.01, 0.775)":{"counter_culture":0.018349927,"herd_immunity":0.975072925,"obs_comp":0.9305419488},"('mean', 2, 0.333333, 0.01, 0.8)":{"counter_culture":0.0253733572,"herd_immunity":0.9746775985,"obs_comp":0.9234242666},"('mean', 2, 0.333333, 0.01, 0.825)":{"counter_culture":0.0357735962,"herd_immunity":0.974301802,"obs_comp":0.9141640117},"('mean', 2, 0.333333, 0.01, 0.85)":{"counter_culture":0.0489921014,"herd_immunity":0.9739611738,"obs_comp":0.9041842559},"('mean', 2, 0.333333, 0.01, 0.875)":{"counter_culture":0.0660563521,"herd_immunity":0.973677358,"obs_comp":0.8915465286},"('mean', 2, 0.333333, 0.01, 0.9)":{"counter_culture":0.0914994026,"herd_immunity":0.9729645274,"obs_comp":0.8725657109},"('mean', 2, 0.333333, 0.01, 0.925)":{"counter_culture":0.1187090137,"herd_immunity":0.9741145378,"obs_comp":0.850243263},"('mean', 2, 0.333333, 0.01, 0.95)":{"counter_culture":0.1595436745,"herd_immunity":0.9734494605,"obs_comp":0.8148732245},"('mean', 2, 0.333333, 0.01, 0.975)":{"counter_culture":0.2202114032,"herd_immunity":0.9723221555,"obs_comp":0.7599648215},"('mean', 2, 0.333333, 0.01, 1.0)":{"counter_culture":0.3134992699,"herd_immunity":null,"obs_comp":0.6730761317}}