{"('mean', 2, 0.333333, 0.01, 0.0)":{"counter_culture":0.0003015687,"herd_immunity":0.9681442907,"obs_comp":0.9683454967},"('mean', 2, 0.333333, 0.01, 0.025)":{"counter_culture":0.0003210022,"herd_immunity":0.967333597,"obs_comp":0.9671399211},"('mean', 2, 0.333333, 0.01, 0.05)":{"counter_culture":0.0003229595,"herd_immunity":0.9678132114,"obs_comp":0.9670589716},"('mean', 2, 0.333333, 0.01, 0.075)":{"counter_culture":0.0003242178,"herd_immunity":0.9674135553,"obs_comp":0.9660881358},"('mean', 2, 0.333333, 0.01, 0.1)":{"counter_culture":0.0003272936,"herd_immunity":0.9667523379,"obs_comp":0.9650770349},"('mean', 2, 0.333333, 0.01, 0.125)":{"counter_culture":0.0003351229,"herd_immunity":0.9668700068,"obs_comp":0.9643423371},"('mean', 2, 0.333333, 0.01, 0.15)":{"counter_culture":0.0003500825,"herd_immunity":0.9660691127,"obs_comp":0.9629976512},"('mean', 2, 0.333333, 0.01, 0.175)":{"counter_culture":0.0003517602,"herd_immunity":0.9656728499,"obs_comp":0.9618974918},"('mean', 2, 0.333333, 0.01, 0.2)":{"counter_culture":0.0003640634,"herd_immunity":0.9653756894,"obs_comp":0.9608342421},"('mean', 2, 0.333333, 0.01, 0.225)":{"counter_culture":0.0003734306,"herd_immunity":0.9650738409,"obs_comp":0.9598842379},"('mean', 2, 0.333333, 0.01, 0.25)":{"counter_culture":0.0003746889,"herd_immunity":0.9650784985,"obs_comp":0.9589540866},"('mean', 2, 0.333333, 0.01, 0.275)":{"counter_culture":0.000387132,"herd_immunity":0.9644597576,"obs_comp":0.9578048542},"('mean', 2, 0.333333, 0.01, 0.3)":{"counter_culture":0.0003935632,"herd_immunity":0.9640302044,"obs_comp":0.9563224562},"('mean', 2, 0.333333, 0.01, 0.325)":{"counter_culture":0.0004374633,"herd_immunity":0.9642777165,"obs_comp":0.955171546},"('mean', 2, 0.333333, 0.01, 0.35)":{"counter_culture":0.0004336884,"herd_immunity":0.9639201146,"obs_comp":0.9536639823},"('mean', 2, 0.333333, 0.01, 0.375)":{"counter_culture":0.0004638873,"herd_immunity":0.9634235852,"obs_comp":0.9520877723},"('mean', 2, 0.333333, 0.01, 0.4)":{"counter_culture":0.0004747924,"herd_immunity":0.9630420477,"obs_comp":0.9506393479},"('mean', 2, 0.333333, 0.01, 0.425)":{"counter_culture":0.0004915695,"herd_immunity":0.9627579453,"obs_comp":0.9489996645},"('mean', 2, 0.333333, 0.01, 0.45)":{"counter_culture":0.0005536448,"herd_immunity":0.9623954535,"obs_comp":0.947161312},"('mean', 2, 0.333333, 0.01, 0.475)":{"counter_culture":0.0005595168,"herd_immunity":0.9622155038,"obs_comp":0.9451834298},"('mean', 2, 0.333333, 0.01, 0.5)":{"counter_culture":0.0006566843,"herd_immunity":0.9612240132,"obs_comp":0.9425020272},"('mean', 2, 0.333333, 0.01, 0.525)":{"counter_culture":0.0007714677,"herd_immunity":0.960947018,"obs_comp":0.9401020608},"('mean', 2, 0.333333, 0.01, 0.55)":{"counter_culture":0.0009557364,"herd_immunity":0.9606244565,"obs_comp":0.9372814082},"('mean', 2, 0.333333, 0.01, 0.575)":{"counter_culture":0.0010657663,"herd_immunity":0.9605806595,"obs_comp":0.935291782},"('mean', 2, 0.333333, 0.01, 0.6)":{"counter_culture":0.0012508738,"herd_immunity":0.9600069451,"obs_comp":0.9321313928},"('mean', 2, 0.333333, 0.01, 0.625)":{"counter_culture":0.0016305959,"herd_immunity":0.9599653152,"obs_comp":0.9288960658},"('mean', 2, 0.333333, 0.01, 0.65)":{"counter_culture":0.0025968179,"herd_immunity":0.9589405282,"obs_comp":0.9242559349},"('mean', 2, 0.333333, 0.01, 0.675)":{"counter_culture":0.0038721584,"herd_immunity":0.9584413244,"obs_comp":0.9201969913},"('mean', 2, 0.333333, 0.01, 0.7)":{"counter_culture":0.0062725442,"herd_immunity":0.9580170556,"obs_comp":0.915189162},"('mean', 2, 0.333333, 0.01, 0.725)":{"counter_culture":0.0107026815,"herd_immunity":0.9581209383,"obs_comp":0.9105096049},"('mean', 2, 0.333333, 0.01, 0.75)":{"counter_culture":0.0181099181,"herd_immunity":0.9574170064,"obs_comp":0.9035622012},"('mean', 2, 0.333333, 0.01, 0.775)":{"counter_culture":0.0305621732,"herd_immunity":0.9562471137,"obs_comp":0.8958991136},"('mean', 2, 0.333333, 0.01, 0.8)":{"counter_culture":0.043656153,"herd_immunity":0.9560819429,"obs_comp":0.8875998937},"('mean', 2, 0.333333, 0.01, 0.825)":{"counter_culture":0.0599850404,"herd_immunity":0.9553734901,"obs_comp":0.8768355563},"('mean', 2, 0.333333, 0.01, 0.85)":{"counter_culture":0.0763010653,"herd_immunity":0.9563763639,"obs_comp":0.8657647569},"('mean', 2, 0.333333, 0.01, 0.875)":{"counter_culture":0.0985875066,"herd_immunity":0.9550435879,"obs_comp":0.8497849733},"('mean', 2, 0.333333, 0.01, 0.9)":{"counter_culture":0.1235793977,"herd_immunity":0.9548248826,"obs_comp":0.8304150938},"('mean', 2, 0.333333, 0.01, 0.925)":{"counter_culture":0.1565377625,"herd_immunity":0.9540099744,"obs_comp":0.8039504516},"('mean', 2, 0.333333, 0.01, 0.95)":{"counter_culture":0.1977541034,"herd_immunity":0.9541470599,"obs_comp":0.7690922182},"('mean', 2, 0.333333, 0.01, 0.975)":{"counter_culture":0.2569423706,"herd_immunity":0.9522260087,"obs_comp":0.7166347901},"('mean', 2, 0.333333, 0.01, 1.0)":{"counter_culture":0.3457145653,"herd_immunity":null,"obs_comp":0.6355416212}}