{"('mean', 2, 0.333333, 0.01, 0.0)":{"counter_culture":0.0013985778,"herd_immunity":0.9578695905,"obs_comp":0.95831744},"('mean', 2, 0.333333, 0.01, 0.025)":{"counter_culture":0.001485661,"herd_immunity":0.9573088642,"obs_comp":0.9572480765},"('mean', 2, 0.333333, 0.01, 0.05)":{"counter_culture":0.0015276288,"herd_immunity":0.9573551735,"obs_comp":0.956588249},"('mean', 2, 0.333333, 0.01, 0.075)":{"counter_culture":0.0015876661,"herd_immunity":0.9570582066,"obs_comp":0.9558258335},"('mean', 2, 0.333333, 0.01, 0.1)":{"counter_culture":0.0015813709,"herd_immunity":0.9567785633,"obs_comp":0.9550242481},"('mean', 2, 0.333333, 0.01, 0.125)":{"counter_culture":0.0016563301,"herd_immunity":0.9561405199,"obs_comp":0.9538827232},"('mean', 2, 0.333333, 0.01, 0.15)":{"counter_culture":0.0016760317,"herd_immunity":0.9558735896,"obs_comp":0.9531697365},"('mean', 2, 0.333333, 0.01, 0.175)":{"counter_culture":0.0017119375,"herd_immunity":0.9558608206,"obs_comp":0.9523890184},"('mean', 2, 0.333333, 0.01, 0.2)":{"counter_culture":0.001754838,"herd_immunity":0.9552723041,"obs_comp":0.9512614829},"('mean', 2, 0.333333, 0.01, 0.225)":{"counter_culture":0.0019239916,"herd_immunity":0.9545782881,"obs_comp":0.9498437864},"('mean', 2, 0.333333, 0.01, 0.25)":{"counter_culture":0.0019215435,"herd_immunity":0.9546086884,"obs_comp":0.9492417813},"('mean', 2, 0.333333, 0.01, 0.275)":{"counter_culture":0.0021303334,"herd_immunity":0.9538177513,"obs_comp":0.9476236885},"('mean', 2, 0.333333, 0.01, 0.3)":{"counter_culture":0.0021233388,"herd_immunity":0.9536422078,"obs_comp":0.9467899277},"('mean', 2, 0.333333, 0.01, 0.325)":{"counter_culture":0.0022231289,"herd_immunity":0.9531365639,"obs_comp":0.9452353696},"('mean', 2, 0.333333, 0.01, 0.35)":{"counter_culture":0.0023215202,"herd_immunity":0.9532320811,"obs_comp":0.9445107251},"('mean', 2, 0.333333, 0.01, 0.375)":{"counter_culture":0.0023933318,"herd_immunity":0.952439047,"obs_comp":0.9428824901},"('mean', 2, 0.333333, 0.01, 0.4)":{"counter_culture":0.0025571229,"herd_immunity":0.9523067915,"obs_comp":0.9416426906},"('mean', 2, 0.333333, 0.01, 0.425)":{"counter_culture":0.0027428305,"herd_immunity":0.9514330834,"obs_comp":0.9396896713},"('mean', 2, 0.333333, 0.01, 0.45)":{"counter_culture":0.0029748193,"herd_immunity":0.9509655732,"obs_comp":0.9380364887},"('mean', 2, 0.333333, 0.01, 0.475)":{"counter_culture":0.0031285848,"herd_immunity":0.9508956282,"obs_comp":0.936416997},"('mean', 2, 0.333333, 0.01, 0.5)":{"counter_culture":0.0033019352,"herd_immunity":0.9503885522,"obs_comp":0.9348893682},"('mean', 2, 0.333333, 0.01, 0.525)":{"counter_culture":0.0035723945,"herd_immunity":0.9497293434,"obs_comp":0.9326136629},"('mean', 2, 0.333333, 0.01, 0.55)":{"counter_culture":0.0037532059,"herd_immunity":0.9492954775,"obs_comp":0.9309334344},"('mean', 2, 0.333333, 0.01, 0.575)":{"counter_culture":0.0041285848,"herd_immunity":0.9495547458,"obs_comp":0.9289358825},"('mean', 2, 0.333333, 0.01, 0.6)":{"counter_culture":0.0046845419,"herd_immunity":0.9484931166,"obs_comp":0.9259428771},"('mean', 2, 0.333333, 0.01, 0.625)":{"counter_culture":0.0050497785,"herd_immunity":0.9482315338,"obs_comp":0.9236028212},"('mean', 2, 0.333333, 0.01, 0.65)":{"counter_culture":0.0057472604,"herd_immunity":0.9477828386,"obs_comp":0.9207479599},"('mean', 2, 0.333333, 0.01, 0.675)":{"counter_culture":0.0067399161,"herd_immunity":0.9474315284,"obs_comp":0.9174678247},"('mean', 2, 0.333333, 0.01, 0.7)":{"counter_culture":0.0079245745,"herd_immunity":0.9463748134,"obs_comp":0.9140353229},"('mean', 2, 0.333333, 0.01, 0.725)":{"counter_culture":0.0094350664,"herd_immunity":0.9463812493,"obs_comp":0.9103493821},"('mean', 2, 0.333333, 0.01, 0.75)":{"counter_culture":0.0113731639,"herd_immunity":0.9462581953,"obs_comp":0.9057311728},"('mean', 2, 0.333333, 0.01, 0.775)":{"counter_culture":0.0148242014,"herd_immunity":0.94533927,"obs_comp":0.90088692},"('mean', 2, 0.333333, 0.01, 0.8)":{"counter_culture":0.0199913733,"herd_immunity":0.9448761839,"obs_comp":0.8945387037},"('mean', 2, 0.333333, 0.01, 0.825)":{"counter_culture":0.0288449522,"herd_immunity":0.9441873644,"obs_comp":0.8872279086},"('mean', 2, 0.333333, 0.01, 0.85)":{"counter_culture":0.0421363954,"herd_immunity":0.9447619734,"obs_comp":0.8786592446},"('mean', 2, 0.333333, 0.01, 0.875)":{"counter_culture":0.0615479133,"herd_immunity":0.9431015306,"obs_comp":0.8667281418},"('mean', 2, 0.333333, 0.01, 0.9)":{"counter_culture":0.0853704826,"herd_immunity":0.9435564456,"obs_comp":0.8509276055},"('mean', 2, 0.333333, 0.01, 0.925)":{"counter_culture":0.1138510142,"herd_immunity":0.9416274848,"obs_comp":0.8300231989},"('mean', 2, 0.333333, 0.01, 0.95)":{"counter_culture":0.1559818139,"herd_immunity":0.9410520901,"obs_comp":0.7963411052},"('mean', 2, 0.333333, 0.01, 0.975)":{"counter_culture":0.2207280252,"herd_immunity":0.9413652017,"obs_comp":0.7408618559},"('mean', 2, 0.333333, 0.01, 1.0)":{"counter_culture":0.3469027745,"herd_immunity":null,"obs_comp":0.6274854278}}